{"type":"FeatureCollection","name":"contours_smooth","crs":{"type":"name","properties":{"name":"urn:ogc:def:crs:OGC:1.3:CRS84"}},"features":[{"type":"Feature","properties":{"ID":0,"ELEV":70.0},"geometry":{"type":"LineString","coordinates":[[113.668194,23.680694],[113.668194,23.680556],[113.668194,23.680694]]}},{"type":"Feature","properties":{"ID":1,"ELEV":70.0},"geometry":{"type":"LineString","coordinates":[[113.657778,23.68047],[113.657853,23.680471],[113.657891,23.680475],[113.657906,23.68048],[113.657922,23.680487],[113.657937,23.680497],[113.65795,23.680508],[113.657961,23.680522],[113.657971,23.680538],[113.657979,23.680556],[113.657985,23.680575],[113.65799,23.680616],[113.657991,23.680694]]}},{"type":"Feature","properties":{"ID":2,"ELEV":75.0},"geometry":{"type":"LineString","coordinates":[[113.664722,23.680694],[113.664723,23.680637],[113.664724,23.68061],[113.66473,23.680586],[113.664739,23.680569],[113.664756,23.680554],[113.66478,23.680542],[113.664817,23.680533],[113.664852,23.68053],[113.664876,23.680532],[113.664896,23.680538],[113.66491,23.680549],[113.66492,23.680564],[113.664925,23.68058],[113.664929,23.680604],[113.664931,23.680694]]}},{"type":"Feature","properties":{"ID":3,"ELEV":75.0},"geometry":{"type":"LineString","coordinates":[[113.657778,23.680363],[113.657854,23.680365],[113.657877,23.680369],[113.657896,23.680375],[113.657917,23.680385],[113.657941,23.680402],[113.657963,23.680421],[113.657988,23.680446],[113.658016,23.680479],[113.658039,23.68051],[113.658058,23.68054],[113.65807,23.680566],[113.658078,23.680591],[113.658082,23.680615],[113.658083,23.680694]]}},{"type":"Feature","properties":{"ID":4,"ELEV":85.0},"geometry":{"type":"LineString","coordinates":[[113.658889,23.680694],[113.658889,23.680637],[113.658886,23.680607],[113.65888,23.680583],[113.65887,23.680565],[113.658851,23.680547],[113.658825,23.680534],[113.658788,23.680524],[113.658751,23.680521],[113.658714,23.680524],[113.658677,23.680534],[113.658649,23.680547],[113.65863,23.680565],[113.65862,23.680583],[113.658614,23.680607],[113.658611,23.680637],[113.658611,23.680694]]}},{"type":"Feature","properties":{"ID":5,"ELEV":105.0},"geometry":{"type":"LineString","coordinates":[[113.663256,23.680694],[113.663256,23.680627],[113.663254,23.680589],[113.663248,23.680558],[113.663238,23.680526],[113.663224,23.680497],[113.663212,23.680485],[113.663204,23.68048],[113.663192,23.680475],[113.663166,23.680472],[113.66313,23.680476],[113.663087,23.680488],[113.662917,23.680556],[113.662917,23.680694]]}},{"type":"Feature","properties":{"ID":6,"ELEV":115.0},"geometry":{"type":"LineString","coordinates":[[113.662254,23.680694],[113.662252,23.680615],[113.662249,23.680592],[113.662242,23.680569],[113.662231,23.680546],[113.662213,23.680517],[113.662192,23.68049],[113.662167,23.680462],[113.662148,23.680443],[113.662124,23.680424],[113.662102,23.68041],[113.662075,23.680397],[113.66205,23.680388],[113.66202,23.680381],[113.661989,23.680377],[113.661959,23.680376],[113.661908,23.680379],[113.661851,23.680386],[113.661795,23.680397],[113.661738,23.680412],[113.661682,23.680432],[113.661593,23.680468],[113.661519,23.680501],[113.66147,23.680526],[113.661454,23.680537],[113.661441,23.68055],[113.661431,23.680564],[113.661424,23.68058],[113.66142,23.680598],[113.661418,23.680619],[113.661417,23.680694]]}},{"type":"Feature","properties":{"ID":7,"ELEV":120.0},"geometry":{"type":"LineString","coordinates":[[113.662147,23.680694],[113.662147,23.680616],[113.662142,23.680576],[113.662138,23.680559],[113.662131,23.680542],[113.662122,23.680528],[113.662112,23.680517],[113.662099,23.680508],[113.662082,23.6805],[113.662061,23.680494],[113.662035,23.680488],[113.661972,23.680479],[113.661899,23.680476],[113.661858,23.680477],[113.661821,23.68048],[113.661786,23.680486],[113.661751,23.680493],[113.661714,23.680504],[113.661677,23.680517],[113.661649,23.68053],[113.661625,23.680544],[113.66161,23.680556],[113.661597,23.680569],[113.661588,23.680581],[113.661581,23.680598],[113.661577,23.680612],[113.661575,23.680632],[113.661574,23.680694]]}},{"type":"Feature","properties":{"ID":8,"ELEV":125.0},"geometry":{"type":"LineString","coordinates":[[113.661806,23.680694],[113.661806,23.680556],[113.661806,23.680694]]}},{"type":"Feature","properties":{"ID":10,"ELEV":65.0},"geometry":{"type":"LineString","coordinates":[[113.668368,23.680694],[113.668368,23.680636],[113.668366,23.680602],[113.668361,23.680569],[113.668352,23.680533],[113.668334,23.68048],[113.668312,23.680423],[113.668279,23.680349],[113.668252,23.680294],[113.668228,23.680257],[113.66822,23.680248],[113.66821,23.680242],[113.668193,23.680236],[113.668173,23.680232],[113.668146,23.680229],[113.668113,23.680228],[113.668029,23.680232],[113.667953,23.68024],[113.667927,23.680245],[113.667909,23.680251],[113.667899,23.680256],[113.667892,23.680264],[113.667887,23.680278],[113.667883,23.680299],[113.667878,23.680363],[113.667877,23.680694]]}},{"type":"Feature","properties":{"ID":11,"ELEV":75.0},"geometry":{"type":"LineString","coordinates":[[113.664583,23.68],[113.664639,23.680158],[113.66465,23.680201],[113.664657,23.680239],[113.664659,23.680281],[113.664655,23.680322],[113.664644,23.680362],[113.66463,23.680397],[113.664609,23.680431],[113.664595,23.680447],[113.664582,23.680458],[113.664569,23.680469],[113.664551,23.680479],[113.664514,23.680494],[113.664492,23.6805],[113.664468,23.680503],[113.664442,23.680505],[113.664417,23.680504],[113.664393,23.680502],[113.664371,23.680497],[113.664351,23.680491],[113.664335,23.680483],[113.664317,23.680473],[113.6643,23.68046],[113.664285,23.680445],[113.664272,23.680428],[113.66426,23.680409],[113.66425,23.680388],[113.66424,23.680363],[113.664233,23.680337],[113.664226,23.680294],[113.664225,23.680272],[113.664227,23.680247],[113.664232,23.680222],[113.664237,23.6802],[113.664247,23.680175],[113.664256,23.680153],[113.664276,23.68012],[113.6643,23.680092],[113.664328,23.680068],[113.664356,23.680052],[113.664391,23.680038],[113.664433,23.680027],[113.664583,23.68]]}},{"type":"Feature","properties":{"ID":12,"ELEV":80.0},"geometry":{"type":"LineString","coordinates":[[113.660139,23.680694],[113.660139,23.680556],[113.659861,23.680278],[113.659725,23.680448],[113.659693,23.680495],[113.659668,23.680537],[113.659653,23.680569],[113.659643,23.680602],[113.659639,23.680636],[113.659639,23.680694]]}},{"type":"Feature","properties":{"ID":13,"ELEV":80.0},"geometry":{"type":"LineString","coordinates":[[113.657778,23.680256],[113.657862,23.680257],[113.6579,23.680259],[113.657924,23.680264],[113.657936,23.680275],[113.658081,23.680444],[113.658116,23.680491],[113.658145,23.680537],[113.658161,23.680569],[113.658171,23.680602],[113.658175,23.680636],[113.658176,23.680694]]}},{"type":"Feature","properties":{"ID":14,"ELEV":105.0},"geometry":{"type":"LineString","coordinates":[[113.662515,23.680694],[113.662515,23.680627],[113.662512,23.680605],[113.662509,23.680588],[113.662503,23.680571],[113.662494,23.680554],[113.662483,23.680538],[113.662467,23.680519],[113.66236,23.680423],[113.662321,23.680385],[113.662228,23.680287],[113.662186,23.680248],[113.662147,23.680214],[113.662123,23.680198],[113.662095,23.680187],[113.662061,23.68018],[113.662026,23.680178],[113.661976,23.680182],[113.661917,23.680193],[113.661831,23.680214],[113.661763,23.680236],[113.661374,23.680408],[113.661321,23.680434],[113.661281,23.680457],[113.661249,23.680478],[113.661226,23.680498],[113.661212,23.680517],[113.661199,23.680543],[113.661191,23.680568],[113.661187,23.680597],[113.661185,23.680694]]}},{"type":"Feature","properties":{"ID":15,"ELEV":110.0},"geometry":{"type":"LineString","coordinates":[[113.662361,23.680694],[113.662361,23.680556],[113.6621,23.680273],[113.66209,23.680265],[113.662069,23.680263],[113.662029,23.680266],[113.661867,23.680288],[113.661835,23.680294],[113.661793,23.680307],[113.661718,23.680334],[113.661621,23.680376],[113.661521,23.680424],[113.661424,23.680474],[113.661379,23.6805],[113.661344,23.680524],[113.661316,23.680548],[113.661298,23.68057],[113.661286,23.680593],[113.661281,23.680615],[113.661278,23.680642],[113.661278,23.680694]]}},{"type":"Feature","properties":{"ID":16,"ELEV":90.0},"geometry":{"type":"LineString","coordinates":[[113.665201,23.68],[113.665175,23.679943],[113.665162,23.679918],[113.665149,23.679903],[113.665138,23.679896],[113.66513,23.679897],[113.665121,23.6799],[113.665111,23.679907],[113.665102,23.679918],[113.665084,23.679945],[113.665074,23.679977],[113.66507,23.68],[113.66507,23.680026],[113.665072,23.680053],[113.665077,23.680083],[113.66509,23.680132],[113.665139,23.680278],[113.665201,23.68]]}},{"type":"Feature","properties":{"ID":17,"ELEV":95.0},"geometry":{"type":"LineString","coordinates":[[113.658194,23.68],[113.658194,23.68],[113.658194,23.68],[113.658194,23.68],[113.658194,23.68]]}},{"type":"Feature","properties":{"ID":18,"ELEV":105.0},"geometry":{"type":"LineString","coordinates":[[113.663503,23.68],[113.663484,23.679973],[113.663477,23.679968],[113.663472,23.679965],[113.663463,23.679967],[113.663454,23.679973],[113.663445,23.679981],[113.663441,23.679991],[113.663438,23.680003],[113.663438,23.680015],[113.663442,23.680046],[113.663456,23.680087],[113.663462,23.680098],[113.663468,23.680104],[113.663472,23.680104],[113.663475,23.680101],[113.663482,23.680086],[113.663503,23.68]]}},{"type":"Feature","properties":{"ID":19,"ELEV":95.0},"geometry":{"type":"LineString","coordinates":[[113.663532,23.680694],[113.663532,23.680636],[113.663535,23.680606],[113.663542,23.680576],[113.663553,23.680543],[113.66357,23.680509],[113.663593,23.680468],[113.663668,23.680355],[113.663701,23.680302],[113.663722,23.680264],[113.663734,23.680237],[113.663756,23.680159],[113.663778,23.680071],[113.663784,23.680027],[113.663784,23.679981],[113.663782,23.679952],[113.663777,23.679923],[113.663757,23.679848],[113.663734,23.679783],[113.663724,23.679763],[113.663713,23.679747],[113.66369,23.679721],[113.663658,23.679691],[113.663614,23.679655],[113.663572,23.679624],[113.663547,23.67961],[113.663522,23.6796],[113.663498,23.679594],[113.663478,23.679592],[113.663455,23.679594],[113.663432,23.6796],[113.663409,23.67961],[113.663387,23.679624],[113.663326,23.679677],[113.663257,23.67974],[113.663228,23.679768],[113.663206,23.679795],[113.663166,23.679856],[113.663122,23.679938],[113.663073,23.680042],[113.662998,23.680222],[113.662975,23.680266],[113.662954,23.680295],[113.662943,23.680304],[113.662923,23.680316],[113.662856,23.680346],[113.662767,23.68038],[113.662738,23.680388],[113.662713,23.680393],[113.662671,23.680397],[113.662632,23.680393],[113.662596,23.680381],[113.662563,23.680362],[113.662515,23.68032],[113.662468,23.680269],[113.662435,23.680223],[113.662398,23.680161],[113.662377,23.680131],[113.662352,23.680099],[113.662326,23.680073],[113.662291,23.680046],[113.662232,23.680011],[113.662178,23.679986],[113.662129,23.67997],[113.662109,23.679967],[113.66209,23.679965],[113.662072,23.679966],[113.662054,23.67997],[113.661999,23.679994],[113.661955,23.680011],[113.661817,23.680059],[113.661643,23.680123],[113.661582,23.680144],[113.661517,23.680163],[113.661447,23.68018],[113.661382,23.680192],[113.661343,23.680196],[113.661304,23.680194],[113.661265,23.680187],[113.661226,23.680175],[113.661183,23.680155],[113.661152,23.680137],[113.661122,23.680116],[113.660972,23.68],[113.660972,23.680278],[113.661002,23.680448],[113.661015,23.680537],[113.66102,23.680602],[113.661021,23.680694]]}},{"type":"Feature","properties":{"ID":20,"ELEV":100.0},"geometry":{"type":"LineString","coordinates":[[113.66341,23.680694],[113.663412,23.6806],[113.663416,23.68057],[113.663423,23.680546],[113.663437,23.680516],[113.663482,23.680446],[113.663534,23.68036],[113.663566,23.680296],[113.663589,23.680238],[113.66361,23.680175],[113.663624,23.680124],[113.66363,23.68008],[113.66363,23.680041],[113.663626,23.680007],[113.663617,23.679967],[113.663602,23.679928],[113.663587,23.679898],[113.663572,23.679872],[113.663472,23.679722],[113.663194,23.68],[113.663162,23.680145],[113.663149,23.680191],[113.663136,23.680222],[113.663121,23.680251],[113.663103,23.680278],[113.663083,23.680304],[113.663061,23.680328],[113.66304,23.680347],[113.662981,23.680389],[113.662911,23.68043],[113.662835,23.680466],[113.662763,23.680492],[113.662737,23.680497],[113.662711,23.6805],[113.66268,23.6805],[113.66265,23.680496],[113.662619,23.680488],[113.662593,23.680478],[113.66255,23.680455],[113.662507,23.680424],[113.662377,23.680315],[113.662314,23.680258],[113.662209,23.680167],[113.662165,23.680134],[113.662144,23.680122],[113.66212,23.68011],[113.662099,23.680102],[113.662074,23.680095],[113.662053,23.680091],[113.662028,23.680089],[113.661985,23.680091],[113.661955,23.680096],[113.661916,23.680107],[113.66179,23.68015],[113.661717,23.680178],[113.661524,23.680258],[113.66134,23.680318],[113.661309,23.680332],[113.661276,23.680351],[113.661237,23.680382],[113.661199,23.680422],[113.661162,23.680472],[113.661132,23.680523],[113.661117,23.680559],[113.661107,23.680597],[113.661103,23.680631],[113.661103,23.680694]]}},{"type":"Feature","properties":{"ID":21,"ELEV":85.0},"geometry":{"type":"LineString","coordinates":[[113.665536,23.679444],[113.665486,23.679395],[113.665456,23.679372],[113.665441,23.679364],[113.665426,23.679359],[113.665411,23.679356],[113.665395,23.679355],[113.665355,23.67936],[113.665309,23.679373],[113.665139,23.679444],[113.665074,23.679616],[113.665052,23.679666],[113.665027,23.679714],[113.665002,23.679758],[113.664975,23.679799],[113.664879,23.679932],[113.664848,23.679978],[113.664843,23.67999],[113.664842,23.680004],[113.664844,23.68002],[113.664849,23.680036],[113.66489,23.680127],[113.664917,23.680182],[113.664935,23.680213],[113.664964,23.680255],[113.664998,23.680292],[113.665037,23.680325],[113.665076,23.68035],[113.665116,23.680366],[113.66514,23.680372],[113.665164,23.680376],[113.665218,23.68038],[113.665271,23.680376],[113.665346,23.680364],[113.665375,23.680357],[113.665402,23.680348],[113.665423,23.680339],[113.66544,23.680328],[113.665452,23.680317],[113.665462,23.680302],[113.665467,23.680287],[113.665469,23.680271],[113.665468,23.680255],[113.665463,23.680236],[113.665455,23.680216],[113.665416,23.680136],[113.665383,23.680064],[113.665374,23.680037],[113.665365,23.680003],[113.665358,23.679954],[113.665353,23.679897],[113.665351,23.679834],[113.665353,23.67978],[113.66536,23.679734],[113.665365,23.679716],[113.665372,23.679702],[113.665378,23.679692],[113.665407,23.679658],[113.665433,23.67962],[113.665468,23.679562],[113.665536,23.679444]]}},{"type":"Feature","properties":{"ID":22,"ELEV":55.0},"geometry":{"type":"LineString","coordinates":[[113.669306,23.679167],[113.669306,23.679167],[113.669306,23.679167],[113.669306,23.679167],[113.669306,23.679167]]}},{"type":"Feature","properties":{"ID":23,"ELEV":80.0},"geometry":{"type":"LineString","coordinates":[[113.666065,23.680694],[113.666064,23.680632],[113.666062,23.680602],[113.666056,23.680576],[113.666046,23.680559],[113.666038,23.680551],[113.666029,23.680544],[113.665988,23.680528],[113.665945,23.680507],[113.66581,23.680434],[113.665748,23.680395],[113.665724,23.680377],[113.665704,23.68036],[113.66569,23.680345],[113.66568,23.680331],[113.665649,23.680264],[113.665571,23.680124],[113.665553,23.680085],[113.66554,23.68005],[113.66553,23.680015],[113.665524,23.67998],[113.665521,23.679946],[113.665521,23.679915],[113.665524,23.679881],[113.665531,23.679846],[113.665541,23.679804],[113.665552,23.679767],[113.665567,23.679727],[113.665598,23.679659],[113.66562,23.67962],[113.665663,23.679551],[113.665697,23.6795],[113.665723,23.679464],[113.665728,23.679452],[113.665729,23.679441],[113.665725,23.679431],[113.665718,23.679422],[113.665546,23.67925],[113.665475,23.679182],[113.665451,23.679162],[113.665438,23.679153],[113.665423,23.679149],[113.665403,23.679148],[113.665363,23.679151],[113.665305,23.679163],[113.665242,23.679179],[113.665194,23.679195],[113.665168,23.679211],[113.66514,23.679233],[113.665113,23.679261],[113.665084,23.679296],[113.665032,23.679375],[113.664979,23.679468],[113.664936,23.679555],[113.664861,23.679722],[113.664773,23.679885],[113.664759,23.67992],[113.664748,23.679959],[113.664742,23.679993],[113.66474,23.680033],[113.664742,23.680063],[113.664746,23.680089],[113.664752,23.680115],[113.664761,23.680141],[113.664789,23.680214],[113.664812,23.680268],[113.66483,23.680304],[113.664846,23.680324],[113.664883,23.680354],[113.664946,23.680396],[113.66502,23.680439],[113.665085,23.680472],[113.665128,23.680491],[113.665176,23.680508],[113.665232,23.680523],[113.665327,23.680543],[113.665358,23.680554],[113.665381,23.680566],[113.665391,23.680574],[113.6654,23.680583],[113.665406,23.680594],[113.665411,23.680607],[113.665416,23.680637],[113.665417,23.680694]]}},{"type":"Feature","properties":{"ID":24,"ELEV":85.0},"geometry":{"type":"LineString","coordinates":[[113.66373,23.680694],[113.663731,23.680586],[113.663734,23.680562],[113.663738,23.680546],[113.66376,23.680518],[113.663892,23.680369],[113.663927,23.680321],[113.663954,23.680276],[113.663977,23.680226],[113.663994,23.680176],[113.664002,23.680141],[113.664028,23.68],[113.663979,23.679842],[113.663954,23.679772],[113.663934,23.679724],[113.663909,23.679672],[113.663853,23.679568],[113.663838,23.679538],[113.66382,23.67949],[113.66381,23.679447],[113.663805,23.679399],[113.663808,23.679351],[113.663812,23.679321],[113.663832,23.679234],[113.663843,23.679173],[113.663853,23.679099],[113.663858,23.679026],[113.663859,23.67898],[113.663855,23.678937],[113.663848,23.678897],[113.663838,23.678863],[113.663821,23.678823],[113.663799,23.67879],[113.663773,23.678761],[113.66374,23.678736],[113.663699,23.678714],[113.663655,23.678697],[113.6636,23.678684],[113.66356,23.678681],[113.663529,23.678683],[113.663501,23.678689],[113.663475,23.6787],[113.663452,23.678716],[113.66343,23.678736],[113.663411,23.678761],[113.663391,23.678793],[113.663373,23.678831],[113.663351,23.678889],[113.663336,23.678949],[113.663329,23.678996],[113.663324,23.679069],[113.663319,23.679117],[113.66331,23.679173],[113.663298,23.679225],[113.663281,23.679286],[113.663256,23.679362],[113.663234,23.679419],[113.663218,23.679453],[113.663127,23.679558],[113.663077,23.67962],[113.663038,23.67967],[113.663009,23.679711],[113.662985,23.679748],[113.662944,23.679825],[113.662922,23.679854],[113.66289,23.679883],[113.662853,23.679908],[113.662809,23.679931],[113.662759,23.679951],[113.662734,23.679957],[113.662715,23.67996],[113.662696,23.67996],[113.662678,23.679958],[113.662661,23.679953],[113.662645,23.679946],[113.662627,23.679935],[113.662613,23.679923],[113.662594,23.679901],[113.66258,23.67988],[113.662499,23.679729],[113.662462,23.679667],[113.662427,23.679613],[113.662411,23.679594],[113.662396,23.679582],[113.662379,23.679573],[113.662361,23.679567],[113.662342,23.679566],[113.662318,23.679569],[113.662293,23.679577],[113.66227,23.679587],[113.662229,23.679613],[113.662083,23.679722],[113.661895,23.679816],[113.661769,23.679875],[113.661664,23.67992],[113.661617,23.679937],[113.661586,23.679945],[113.661556,23.67995],[113.661526,23.679954],[113.661495,23.679955],[113.661465,23.679954],[113.661434,23.679951],[113.661404,23.679946],[113.66137,23.679937],[113.661336,23.679926],[113.661303,23.679914],[113.661272,23.6799],[113.661242,23.679884],[113.661202,23.679859],[113.661164,23.67983],[113.661006,23.679691],[113.660988,23.679676],[113.660905,23.679623],[113.660831,23.679579],[113.660806,23.679566],[113.660766,23.679552],[113.660744,23.679547],[113.660727,23.679547],[113.66071,23.679548],[113.660694,23.679552],[113.660677,23.67956],[113.660663,23.679569],[113.660647,23.679582],[113.660635,23.679596],[113.660622,23.679616],[113.660606,23.679645],[113.66058,23.6797],[113.66056,23.679763],[113.660548,23.679825],[113.660542,23.679889],[113.660542,23.679954],[113.660549,23.68002],[113.66056,23.68008],[113.660575,23.680137],[113.660601,23.680215],[113.660627,23.680275],[113.66065,23.680315],[113.660705,23.680387],[113.660767,23.680476],[113.66079,23.680515],[113.660806,23.680549],[113.660815,23.680575],[113.66082,23.680604],[113.660822,23.680636],[113.660823,23.680694]]}},{"type":"Feature","properties":{"ID":25,"ELEV":90.0},"geometry":{"type":"LineString","coordinates":[[113.663631,23.680694],[113.663631,23.680637],[113.663633,23.680604],[113.663638,23.680576],[113.663647,23.680548],[113.663665,23.680512],[113.663688,23.680476],[113.663749,23.680395],[113.663811,23.680321],[113.663824,23.680302],[113.663835,23.680281],[113.663855,23.680233],[113.663873,23.680174],[113.663887,23.680111],[113.663894,23.680054],[113.663895,23.680015],[113.663893,23.679972],[113.663889,23.679933],[113.663882,23.679894],[113.66387,23.679846],[113.663851,23.679787],[113.663835,23.679741],[113.663817,23.679699],[113.663803,23.67967],[113.663788,23.679645],[113.663772,23.679623],[113.663753,23.6796],[113.663707,23.679554],[113.663642,23.679501],[113.663619,23.679476],[113.663607,23.679456],[113.663597,23.679435],[113.663589,23.679412],[113.663585,23.679387],[113.663584,23.679345],[113.663588,23.679303],[113.663602,23.679238],[113.663622,23.679169],[113.663641,23.679117],[113.663663,23.679065],[113.66375,23.678889],[113.663472,23.678889],[113.66345,23.679121],[113.663438,23.679217],[113.663425,23.679308],[113.663418,23.679342],[113.663408,23.679374],[113.663396,23.679405],[113.663381,23.679435],[113.663357,23.679473],[113.663331,23.679505],[113.66331,23.679527],[113.663241,23.679589],[113.663195,23.679634],[113.663161,23.679671],[113.663139,23.6797],[113.663107,23.679753],[113.66307,23.679822],[113.662942,23.680084],[113.662926,23.68011],[113.662908,23.680133],[113.662886,23.68016],[113.662859,23.680186],[113.662829,23.680212],[113.662792,23.680241],[113.66276,23.680264],[113.662733,23.680281],[113.662706,23.680294],[113.662682,23.680304],[113.662658,23.680309],[113.662636,23.680309],[113.662619,23.680303],[113.662606,23.680291],[113.66259,23.680268],[113.662572,23.680234],[113.662474,23.680026],[113.662441,23.679963],[113.662411,23.679913],[113.662392,23.679889],[113.662366,23.679869],[113.662335,23.679853],[113.662302,23.679843],[113.662254,23.679836],[113.662198,23.679837],[113.662138,23.679843],[113.662081,23.679855],[113.662033,23.67987],[113.661981,23.67989],[113.661776,23.679989],[113.661637,23.680038],[113.661591,23.680051],[113.661538,23.680061],[113.661487,23.680067],[113.66143,23.680069],[113.661366,23.680067],[113.661307,23.680061],[113.66126,23.680052],[113.661228,23.680041],[113.661214,23.680033],[113.661194,23.680018],[113.661064,23.679907],[113.661038,23.679887],[113.661014,23.679872],[113.66099,23.679859],[113.660964,23.679847],[113.660938,23.679838],[113.660906,23.67983],[113.660874,23.679824],[113.66084,23.679821],[113.660806,23.67982],[113.66078,23.679823],[113.660756,23.679827],[113.660733,23.679835],[113.660715,23.679844],[113.660698,23.679858],[113.660685,23.679875],[113.660675,23.679895],[113.660669,23.679917],[113.660662,23.679954],[113.66066,23.67999],[113.660661,23.680025],[113.660667,23.680055],[113.660687,23.680112],[113.660714,23.68017],[113.660862,23.680436],[113.660887,23.680484],[113.660904,23.680523],[113.660918,23.680563],[113.660926,23.680599],[113.660929,23.680631],[113.660929,23.680694]]}},{"type":"Feature","properties":{"ID":26,"ELEV":95.0},"geometry":{"type":"LineString","coordinates":[[113.658472,23.678889],[113.658378,23.67903],[113.65836,23.679059],[113.658342,23.679099],[113.658336,23.679119],[113.658334,23.679134],[113.658334,23.679152],[113.658338,23.679166],[113.658346,23.679178],[113.658358,23.67919],[113.658375,23.6792],[113.6584,23.679209],[113.658426,23.679215],[113.658448,23.679218],[113.658463,23.679219],[113.658477,23.679217],[113.658489,23.679212],[113.6585,23.679205],[113.658507,23.679196],[113.658512,23.679186],[113.658516,23.679173],[113.658518,23.679155],[113.658518,23.679121],[113.658511,23.67907],[113.658472,23.678889]]}},{"type":"Feature","properties":{"ID":27,"ELEV":85.0},"geometry":{"type":"LineString","coordinates":[[113.660917,23.678611],[113.660816,23.678512],[113.66077,23.678473],[113.660745,23.678457],[113.660723,23.678448],[113.660704,23.678444],[113.660686,23.678446],[113.660669,23.678452],[113.660653,23.678461],[113.660637,23.678474],[113.660621,23.678492],[113.660553,23.678591],[113.660488,23.678694],[113.660424,23.678809],[113.660405,23.678846],[113.660396,23.678867],[113.66038,23.678922],[113.660358,23.679013],[113.660348,23.67906],[113.660342,23.679108],[113.660339,23.679156],[113.660339,23.679204],[113.660342,23.679247],[113.660349,23.679295],[113.660365,23.679373],[113.66038,23.679432],[113.660393,23.679467],[113.660399,23.679475],[113.660406,23.679481],[113.660421,23.679486],[113.660437,23.679486],[113.660457,23.679482],[113.660483,23.679473],[113.660498,23.679467],[113.660511,23.679457],[113.66052,23.679447],[113.66053,23.679432],[113.660542,23.679407],[113.66055,23.679377],[113.660554,23.67934],[113.660557,23.679274],[113.660561,23.679235],[113.660569,23.679196],[113.660583,23.679158],[113.660595,23.679135],[113.660608,23.679117],[113.660671,23.679046],[113.660693,23.679018],[113.660712,23.67899],[113.660796,23.678832],[113.660917,23.678611]]}},{"type":"Feature","properties":{"ID":28,"ELEV":90.0},"geometry":{"type":"LineString","coordinates":[[113.657778,23.680043],[113.657836,23.680043],[113.65787,23.680047],[113.657902,23.680057],[113.657936,23.680075],[113.657975,23.680102],[113.658023,23.680141],[113.658189,23.680297],[113.658197,23.680298],[113.658207,23.680298],[113.658232,23.68029],[113.658245,23.680279],[113.65826,23.680257],[113.658284,23.680206],[113.658308,23.680132],[113.658319,23.680085],[113.658325,23.680037],[113.658325,23.679989],[113.65832,23.679941],[113.658311,23.679898],[113.658287,23.67982],[113.658282,23.679789],[113.658279,23.679759],[113.658278,23.679724],[113.658282,23.67969],[113.658289,23.679655],[113.658301,23.679616],[113.658318,23.679577],[113.658345,23.679523],[113.658367,23.679486],[113.658389,23.679456],[113.65841,23.679436],[113.658452,23.679413],[113.658496,23.679376],[113.658565,23.679305],[113.658592,23.679275],[113.658616,23.679244],[113.658642,23.679205],[113.658662,23.679164],[113.658678,23.679123],[113.658689,23.679081],[113.658696,23.67903],[113.658697,23.678961],[113.658691,23.678895],[113.65868,23.67883],[113.658661,23.678761],[113.658638,23.6787],[113.658625,23.678673],[113.658613,23.678653],[113.658599,23.678633],[113.658586,23.678618],[113.658572,23.678606],[113.658558,23.678598],[113.658545,23.678592],[113.658526,23.678587],[113.658503,23.678583],[113.658485,23.678581],[113.658472,23.678583],[113.658464,23.678588],[113.658361,23.678752],[113.658295,23.678852],[113.658255,23.678909],[113.658188,23.678994],[113.658124,23.679087],[113.658059,23.679191],[113.657978,23.679332],[113.657943,23.679383],[113.657927,23.679402],[113.65791,23.679417],[113.657893,23.679429],[113.657877,23.679436],[113.657861,23.679441],[113.657841,23.679443],[113.657778,23.679444]]}},{"type":"Feature","properties":{"ID":29,"ELEV":80.0},"geometry":{"type":"LineString","coordinates":[[113.663873,23.680694],[113.663874,23.680637],[113.663876,23.680604],[113.663883,23.680576],[113.663893,23.68055],[113.663909,23.680523],[113.663927,23.680497],[113.664005,23.680405],[113.664047,23.68035],[113.66407,23.680312],[113.664093,23.680261],[113.664123,23.680182],[113.664145,23.680111],[113.664154,23.680059],[113.664155,23.680007],[113.664153,23.679976],[113.664148,23.67995],[113.664141,23.67992],[113.664132,23.679894],[113.663978,23.67954],[113.663965,23.679503],[113.663956,23.679464],[113.66395,23.679415],[113.66395,23.679363],[113.663953,23.679329],[113.663965,23.679243],[113.663972,23.679173],[113.663977,23.679099],[113.663979,23.679026],[113.663979,23.678995],[113.663976,23.678965],[113.663971,23.678934],[113.663964,23.678904],[113.663953,23.678869],[113.66394,23.678835],[113.663924,23.6788],[113.663906,23.678765],[113.663868,23.678704],[113.663832,23.678649],[113.663805,23.678613],[113.663783,23.67859],[113.663766,23.67858],[113.663737,23.678569],[113.663699,23.678559],[113.663646,23.678548],[113.6636,23.67854],[113.663562,23.678536],[113.663525,23.678534],[113.663489,23.678535],[113.663458,23.678538],[113.663424,23.678545],[113.663391,23.678554],[113.663359,23.678566],[113.663336,23.678577],[113.663315,23.678591],[113.663296,23.678606],[113.663279,23.678624],[113.66326,23.678651],[113.663244,23.678681],[113.663231,23.678715],[113.663223,23.678748],[113.663194,23.678889],[113.663194,23.679043],[113.663189,23.679104],[113.663177,23.679169],[113.663156,23.679234],[113.663134,23.679286],[113.663102,23.67935],[113.663063,23.67942],[113.663026,23.67948],[113.662994,23.679527],[113.662971,23.679555],[113.662948,23.679576],[113.66292,23.679595],[113.662894,23.679606],[113.66287,23.679613],[113.662841,23.679619],[113.662809,23.679621],[113.662776,23.67962],[113.662738,23.679616],[113.662704,23.679609],[113.662673,23.679599],[113.662637,23.679581],[113.662606,23.679558],[113.662588,23.679539],[113.662549,23.679489],[113.662514,23.679449],[113.662473,23.67941],[113.662432,23.679376],[113.662404,23.679362],[113.662377,23.679355],[113.662348,23.679352],[113.662313,23.679355],[113.662278,23.679362],[113.662241,23.679375],[113.662083,23.679444],[113.661903,23.679659],[113.661856,23.67971],[113.66183,23.679733],[113.661664,23.679804],[113.661617,23.67982],[113.661582,23.679828],[113.661547,23.679832],[113.661513,23.679833],[113.661474,23.67983],[113.66143,23.679821],[113.661391,23.679808],[113.661284,23.679764],[113.661251,23.679749],[113.661234,23.679738],[113.661024,23.679553],[113.660972,23.67951],[113.660921,23.679472],[113.660911,23.679462],[113.660893,23.67944],[113.660876,23.679411],[113.66086,23.679377],[113.660843,23.679333],[113.660824,23.679273],[113.660819,23.679247],[113.660816,23.679221],[113.660816,23.679195],[113.660817,23.679169],[113.660821,23.679143],[113.660828,23.679112],[113.660839,23.679078],[113.660854,23.679043],[113.660969,23.678835],[113.661008,23.678753],[113.661037,23.678689],[113.661056,23.678633],[113.66107,23.678574],[113.66108,23.678513],[113.661086,23.678449],[113.661086,23.678416],[113.661084,23.678389],[113.66108,23.67836],[113.661074,23.678336],[113.661067,23.678314],[113.661058,23.678293],[113.661047,23.678273],[113.661033,23.678253],[113.661021,23.678239],[113.661004,23.678225],[113.660989,23.678215],[113.66097,23.678205],[113.660951,23.678198],[113.660928,23.678193],[113.660904,23.67819],[113.660881,23.678189],[113.660827,23.678193],[113.660763,23.678205],[113.66071,23.678222],[113.660665,23.678243],[113.660633,23.678265],[113.660591,23.678303],[113.660548,23.67835],[113.660502,23.678405],[113.660448,23.678478],[113.660406,23.678538],[113.660383,23.678575],[113.660357,23.678624],[113.660276,23.678795],[113.660172,23.679022],[113.660124,23.679134],[113.660121,23.679147],[113.660118,23.679164],[113.66012,23.679205],[113.660129,23.679257],[113.660153,23.679354],[113.660161,23.679383],[113.66017,23.679405],[113.660189,23.679444],[113.660217,23.679491],[113.660249,23.67954],[113.6603,23.679612],[113.660327,23.679655],[113.660354,23.679707],[113.660375,23.679759],[113.660388,23.679803],[113.660396,23.679842],[113.660417,23.68],[113.660459,23.680154],[113.66047,23.680188],[113.660483,23.680222],[113.660514,23.680284],[113.660554,23.680348],[113.660586,23.680392],[113.660695,23.680526],[113.660708,23.680546],[113.660712,23.680563],[113.660715,23.680588],[113.660716,23.680694]]}},{"type":"Feature","properties":{"ID":30,"ELEV":85.0},"geometry":{"type":"LineString","coordinates":[[113.657778,23.68015],[113.657841,23.68015],[113.657876,23.680153],[113.657909,23.680162],[113.657942,23.680179],[113.657976,23.680205],[113.658022,23.680248],[113.658074,23.680303],[113.658133,23.68037],[113.658152,23.680389],[113.658171,23.680403],[113.658191,23.680416],[113.658213,23.680427],[113.658241,23.680437],[113.658282,23.680447],[113.658327,23.680453],[113.658372,23.680454],[113.658409,23.68045],[113.65844,23.680441],[113.658467,23.680426],[113.658489,23.680407],[113.658504,23.680386],[113.658514,23.680366],[113.658522,23.680342],[113.658529,23.680316],[113.658533,23.680289],[113.658536,23.680261],[113.658536,23.680231],[113.658531,23.680171],[113.658511,23.680064],[113.658492,23.679983],[113.658427,23.679818],[113.658417,23.679784],[113.65841,23.679745],[113.65841,23.679727],[113.658412,23.67971],[113.658417,23.67969],[113.658425,23.679671],[113.65847,23.67961],[113.658528,23.67954],[113.658702,23.67934],[113.65876,23.679266],[113.658784,23.679233],[113.658797,23.679211],[113.65881,23.679183],[113.658822,23.679148],[113.658838,23.679087],[113.658861,23.678969],[113.658878,23.678895],[113.658898,23.678826],[113.658928,23.678735],[113.658938,23.6787],[113.658946,23.678657],[113.658949,23.678613],[113.658949,23.678574],[113.658945,23.678535],[113.658937,23.678496],[113.658926,23.678457],[113.658909,23.67841],[113.658891,23.678371],[113.658872,23.678337],[113.658851,23.678307],[113.658835,23.678289],[113.658821,23.678275],[113.658805,23.678263],[113.658791,23.678255],[113.658774,23.678249],[113.658759,23.678245],[113.65874,23.678244],[113.65872,23.678246],[113.658691,23.678253],[113.65866,23.678266],[113.6585,23.678358],[113.658477,23.678381],[113.658453,23.678415],[113.65843,23.678452],[113.658357,23.67858],[113.658325,23.678631],[113.658289,23.678682],[113.658245,23.678739],[113.658204,23.678788],[113.658172,23.678824],[113.658132,23.678864],[113.658102,23.678898],[113.658056,23.678959],[113.657988,23.679058],[113.657955,23.6791],[113.657934,23.679122],[113.657916,23.679137],[113.6579,23.679148],[113.65788,23.679157],[113.657865,23.679162],[113.657846,23.679165],[113.657778,23.679167]]}},{"type":"Feature","properties":{"ID":31,"ELEV":80.0},"geometry":{"type":"LineString","coordinates":[[113.659167,23.680694],[113.659166,23.680623],[113.65916,23.680587],[113.659154,23.680568],[113.659145,23.680552],[113.659133,23.680535],[113.659118,23.680519],[113.6591,23.680503],[113.659073,23.680481],[113.658995,23.680428],[113.658916,23.680378],[113.65875,23.680278],[113.658667,23.680067],[113.65861,23.679907],[113.658593,23.679855],[113.658587,23.679829],[113.658583,23.679799],[113.658582,23.679766],[113.658585,23.679738],[113.658592,23.67971],[113.658602,23.679683],[113.658617,23.679653],[113.658643,23.679616],[113.65875,23.679489],[113.65878,23.67945],[113.658836,23.679359],[113.65889,23.679269],[113.658922,23.679208],[113.658951,23.679143],[113.658967,23.679099],[113.658982,23.679056],[113.659028,23.678889],[113.659107,23.67873],[113.659122,23.678691],[113.659136,23.678648],[113.659145,23.6786],[113.659149,23.678548],[113.659148,23.678505],[113.65914,23.67844],[113.659139,23.678404],[113.659144,23.678365],[113.659155,23.678329],[113.659169,23.678298],[113.659188,23.678269],[113.659206,23.678248],[113.659266,23.678186],[113.659309,23.678138],[113.659337,23.678101],[113.659348,23.678078],[113.659351,23.678065],[113.659352,23.678051],[113.659349,23.678022],[113.659344,23.678004],[113.659336,23.677985],[113.659322,23.677962],[113.659308,23.677946],[113.659288,23.67793],[113.659266,23.677916],[113.659238,23.677901],[113.659202,23.677887],[113.659164,23.677874],[113.659138,23.677868],[113.659108,23.677863],[113.659082,23.677862],[113.659056,23.677862],[113.659026,23.677866],[113.659,23.677872],[113.658974,23.67788],[113.658943,23.677892],[113.658917,23.677905],[113.658891,23.67792],[113.658813,23.677971],[113.658759,23.67801],[113.658742,23.678024],[113.658724,23.678044],[113.658697,23.678068],[113.658522,23.678205],[113.658481,23.678241],[113.658451,23.678269],[113.658425,23.678301],[113.658388,23.678355],[113.658254,23.678579],[113.658215,23.67864],[113.658193,23.678664],[113.658156,23.6787],[113.657976,23.678866],[113.657946,23.678896],[113.657927,23.678918],[113.657919,23.678923],[113.657909,23.678928],[113.657884,23.678933],[113.657849,23.678935],[113.657778,23.678935]]}},{"type":"Feature","properties":{"ID":32,"ELEV":65.0},"geometry":{"type":"LineString","coordinates":[[113.66696,23.680694],[113.66696,23.680631],[113.666963,23.680601],[113.666969,23.680569],[113.666979,23.680541],[113.666994,23.680509],[113.667011,23.680479],[113.667116,23.680322],[113.667123,23.680306],[113.667127,23.68029],[113.667129,23.68027],[113.66713,23.680247],[113.667124,23.680193],[113.667116,23.680145],[113.667083,23.68],[113.666925,23.679969],[113.666886,23.679963],[113.666842,23.679959],[113.666799,23.679958],[113.666756,23.67996],[113.666708,23.679965],[113.666643,23.679976],[113.666624,23.679977],[113.666605,23.679976],[113.666584,23.679972],[113.666564,23.679965],[113.666549,23.679957],[113.666533,23.679945],[113.666518,23.67993],[113.666505,23.679912],[113.666492,23.679888],[113.666482,23.679863],[113.666459,23.679789],[113.666439,23.679716],[113.666423,23.679642],[113.666407,23.679556],[113.666397,23.679516],[113.666378,23.679461],[113.666354,23.679413],[113.666339,23.67939],[113.666323,23.679369],[113.666228,23.679264],[113.666045,23.679081],[113.66599,23.679032],[113.665953,23.679003],[113.665917,23.678978],[113.665782,23.678898],[113.665706,23.678846],[113.665675,23.678831],[113.665634,23.678813],[113.665519,23.678771],[113.665423,23.67874],[113.665332,23.678713],[113.665258,23.678693],[113.665202,23.678682],[113.665141,23.678675],[113.665085,23.678672],[113.665024,23.678674],[113.664968,23.678681],[113.664932,23.678689],[113.664898,23.678701],[113.664865,23.678716],[113.664839,23.678733],[113.664813,23.678752],[113.664787,23.678776],[113.664762,23.678804],[113.664741,23.678833],[113.664724,23.678861],[113.664709,23.67889],[113.664696,23.67892],[113.664686,23.678951],[113.664674,23.679],[113.664661,23.679088],[113.664649,23.679153],[113.664634,23.679212],[113.664616,23.679264],[113.664604,23.679287],[113.664596,23.679295],[113.664588,23.679301],[113.664579,23.679304],[113.66457,23.679306],[113.66456,23.679305],[113.664549,23.679301],[113.664532,23.679293],[113.664514,23.679281],[113.664495,23.679264],[113.664473,23.67924],[113.664455,23.679218],[113.66444,23.679195],[113.664426,23.679171],[113.664414,23.679146],[113.664402,23.679112],[113.664393,23.679076],[113.664389,23.679047],[113.664383,23.678988],[113.664376,23.678942],[113.664368,23.678901],[113.664358,23.678865],[113.664348,23.678837],[113.664325,23.678786],[113.664309,23.678747],[113.664297,23.67871],[113.664282,23.678651],[113.664265,23.678602],[113.664235,23.678532],[113.664195,23.678449],[113.664173,23.678408],[113.664153,23.678377],[113.664133,23.678351],[113.664113,23.67833],[113.664098,23.678318],[113.664084,23.678311],[113.664056,23.678301],[113.664023,23.678292],[113.663944,23.678275],[113.66373,23.678242],[113.663448,23.678191],[113.663309,23.678168],[113.663257,23.678166],[113.663205,23.67817],[113.663153,23.67818],[113.663105,23.678196],[113.663049,23.678221],[113.662929,23.678284],[113.66289,23.678309],[113.662868,23.678333],[113.662828,23.678389],[113.662772,23.678474],[113.662744,23.678522],[113.662721,23.678566],[113.662702,23.678609],[113.662685,23.678657],[113.66267,23.678709],[113.662657,23.678772],[113.662646,23.678802],[113.662635,23.678818],[113.662623,23.678829],[113.662609,23.678837],[113.662592,23.678842],[113.662574,23.678842],[113.662557,23.67884],[113.662519,23.678828],[113.662452,23.678794],[113.662384,23.678755],[113.662337,23.678725],[113.662298,23.678697],[113.662138,23.678564],[113.66212,23.678552],[113.662095,23.678544],[113.662071,23.678542],[113.662044,23.678545],[113.662015,23.678554],[113.661992,23.678564],[113.661906,23.678608],[113.661856,23.678637],[113.661835,23.67865],[113.661808,23.678674],[113.661772,23.67871],[113.661729,23.678759],[113.661695,23.678801],[113.661676,23.67883],[113.661658,23.678863],[113.661646,23.678894],[113.661635,23.67893],[113.66163,23.678958],[113.661627,23.678987],[113.661627,23.679067],[113.661624,23.679113],[113.661616,23.679157],[113.661604,23.679193],[113.661595,23.679211],[113.661584,23.679231],[113.661572,23.679245],[113.661559,23.679257],[113.661547,23.679264],[113.661532,23.679269],[113.661518,23.679271],[113.661501,23.67927],[113.661474,23.679263],[113.661444,23.679249],[113.661413,23.679228],[113.661391,23.679209],[113.661377,23.67919],[113.661365,23.679167],[113.661358,23.679141],[113.661357,23.679113],[113.661359,23.679087],[113.661367,23.679055],[113.661418,23.678921],[113.661436,23.678865],[113.661452,23.678809],[113.66152,23.67851],[113.661564,23.678357],[113.661581,23.678265],[113.661591,23.678192],[113.661595,23.678148],[113.661595,23.678103],[113.661591,23.678068],[113.661584,23.678043],[113.661574,23.678023],[113.661558,23.678007],[113.66153,23.677985],[113.661478,23.677952],[113.661412,23.677915],[113.661336,23.677875],[113.661271,23.677844],[113.661192,23.677814],[113.661084,23.677782],[113.661008,23.677754],[113.660989,23.677749],[113.660969,23.677748],[113.66095,23.677752],[113.660917,23.677768],[113.660884,23.677781],[113.66075,23.677826],[113.660669,23.677857],[113.660558,23.677906],[113.660463,23.677954],[113.660398,23.677992],[113.660376,23.678009],[113.660357,23.678026],[113.660328,23.678057],[113.660293,23.678098],[113.660158,23.678266],[113.660127,23.678299],[113.660096,23.678327],[113.660062,23.678369],[113.660005,23.678449],[113.659937,23.678552],[113.659899,23.678616],[113.659872,23.678669],[113.659866,23.678675],[113.659858,23.678679],[113.659849,23.678681],[113.659839,23.67868],[113.659826,23.678676],[113.659809,23.678668],[113.659791,23.678657],[113.659778,23.678647],[113.659756,23.678623],[113.659739,23.678592],[113.659726,23.678555],[113.659717,23.678511],[113.659711,23.678457],[113.659711,23.678401],[113.659713,23.678357],[113.659717,23.678318],[113.659724,23.678275],[113.659733,23.678236],[113.6598,23.678001],[113.659861,23.677778],[113.659716,23.677681],[113.659664,23.677649],[113.659629,23.677631],[113.659594,23.677615],[113.659559,23.677602],[113.659525,23.67759],[113.659486,23.67758],[113.659451,23.677573],[113.659182,23.677537],[113.659099,23.677529],[113.659021,23.677529],[113.658969,23.677531],[113.658913,23.677538],[113.658869,23.677545],[113.658827,23.677556],[113.65879,23.677569],[113.65875,23.677588],[113.658711,23.677611],[113.658677,23.677635],[113.658636,23.677669],[113.658532,23.677768],[113.658507,23.677795],[113.658482,23.677825],[113.658452,23.677858],[113.658322,23.67799],[113.65827,23.678046],[113.658229,23.678097],[113.658128,23.678248],[113.658098,23.67829],[113.658053,23.678344],[113.658005,23.678393],[113.657978,23.678416],[113.657952,23.678436],[113.657927,23.678451],[113.657903,23.678461],[113.657879,23.678468],[113.657857,23.678471],[113.657778,23.678472]]}},{"type":"Feature","properties":{"ID":33,"ELEV":70.0},"geometry":{"type":"LineString","coordinates":[[113.666806,23.680694],[113.666807,23.680614],[113.666811,23.680585],[113.666817,23.680556],[113.666828,23.680523],[113.666842,23.680487],[113.666891,23.680381],[113.6669,23.680354],[113.666907,23.680329],[113.66691,23.680302],[113.666908,23.680275],[113.666902,23.680254],[113.666889,23.680233],[113.666876,23.680219],[113.66686,23.680207],[113.666843,23.680197],[113.666821,23.680187],[113.666799,23.680181],[113.666773,23.680176],[113.666722,23.680174],[113.666669,23.680178],[113.66656,23.680197],[113.666482,23.680214],[113.666374,23.680242],[113.666343,23.680248],[113.666291,23.680253],[113.666239,23.680249],[113.666204,23.680243],[113.666174,23.680234],[113.666139,23.680221],[113.666109,23.680207],[113.66606,23.680181],[113.666017,23.680155],[113.66598,23.680129],[113.665948,23.680103],[113.665916,23.680068],[113.665905,23.680053],[113.665897,23.680039],[113.665892,23.680024],[113.665889,23.68001],[113.665889,23.679997],[113.665892,23.679981],[113.665898,23.679968],[113.665907,23.679956],[113.665934,23.679927],[113.665988,23.679879],[113.666084,23.679799],[113.666108,23.679777],[113.666136,23.679743],[113.666158,23.679707],[113.666171,23.679678],[113.666182,23.679643],[113.666189,23.679607],[113.666193,23.679573],[113.666193,23.679538],[113.666188,23.679505],[113.666181,23.679476],[113.666169,23.679444],[113.666156,23.679417],[113.666142,23.679394],[113.666125,23.679371],[113.666104,23.679345],[113.665948,23.679189],[113.665912,23.67916],[113.66579,23.679076],[113.665741,23.679046],[113.665691,23.679017],[113.665592,23.678967],[113.665417,23.678889],[113.665276,23.678838],[113.665241,23.678827],[113.665189,23.678816],[113.665137,23.678813],[113.665085,23.678817],[113.665033,23.678828],[113.665002,23.678838],[113.664861,23.678889],[113.664843,23.679034],[113.664836,23.679078],[113.664822,23.679138],[113.664802,23.679204],[113.664777,23.679269],[113.664745,23.679338],[113.664638,23.679557],[113.664618,23.679589],[113.664605,23.679605],[113.664592,23.679617],[113.664564,23.679636],[113.664545,23.679645],[113.664528,23.679651],[113.664488,23.679659],[113.664464,23.67966],[113.664438,23.679659],[113.66439,23.679652],[113.664369,23.679646],[113.664349,23.679639],[113.664331,23.679629],[113.664315,23.679618],[113.664301,23.679605],[113.664288,23.679591],[113.664277,23.679575],[113.664267,23.679557],[113.664247,23.6795],[113.664232,23.679438],[113.664223,23.679383],[113.664218,23.679325],[113.664214,23.679182],[113.664212,23.679],[113.66421,23.678956],[113.664205,23.678913],[113.664193,23.678848],[113.664177,23.678783],[113.664151,23.678706],[113.664123,23.678633],[113.664096,23.678579],[113.664072,23.678538],[113.664048,23.67851],[113.664017,23.678482],[113.663975,23.678452],[113.663928,23.678423],[113.66375,23.678333],[113.663548,23.678306],[113.663479,23.6783],[113.663405,23.678297],[113.66331,23.678299],[113.663226,23.678305],[113.663179,23.678313],[113.663167,23.678318],[113.663157,23.678325],[113.663127,23.678354],[113.663082,23.678405],[113.662917,23.678611],[113.662846,23.679034],[113.66284,23.679063],[113.662832,23.679089],[113.662822,23.679112],[113.662811,23.679133],[113.662798,23.679151],[113.662784,23.679167],[113.662767,23.67918],[113.662752,23.679189],[113.662736,23.679196],[113.662711,23.679204],[113.662675,23.679211],[113.662645,23.679213],[113.66262,23.679208],[113.662601,23.679199],[113.662544,23.679149],[113.662415,23.679023],[113.662354,23.678968],[113.662321,23.67894],[113.662238,23.678877],[113.662163,23.678816],[113.662141,23.678802],[113.662125,23.678794],[113.662108,23.678788],[113.662091,23.678785],[113.662077,23.678785],[113.662059,23.678786],[113.662041,23.67879],[113.662022,23.678796],[113.662003,23.678805],[113.661984,23.678816],[113.661962,23.678832],[113.661944,23.678847],[113.661925,23.678865],[113.661896,23.678901],[113.66187,23.678946],[113.661856,23.678976],[113.661847,23.679004],[113.661806,23.679167],[113.661757,23.679312],[113.661736,23.679364],[113.661723,23.679388],[113.661709,23.679411],[113.661689,23.679437],[113.66167,23.679456],[113.66165,23.679473],[113.661628,23.679487],[113.661599,23.6795],[113.661573,23.679509],[113.661548,23.679513],[113.661522,23.679513],[113.661499,23.679507],[113.661478,23.679496],[113.661409,23.67944],[113.661301,23.679361],[113.661243,23.679311],[113.661197,23.679264],[113.661168,23.679229],[113.661158,23.679213],[113.661151,23.679195],[113.661146,23.679177],[113.661143,23.679157],[113.661142,23.679133],[113.661144,23.679107],[113.66115,23.67908],[113.661158,23.679051],[113.661239,23.678846],[113.661303,23.6787],[113.66132,23.678656],[113.661349,23.67857],[113.661374,23.67847],[113.661387,23.678405],[113.661397,23.678336],[113.661403,23.678266],[113.661406,23.678201],[113.661406,23.678159],[113.661402,23.678125],[113.661393,23.678091],[113.661383,23.678065],[113.661367,23.678039],[113.661347,23.678018],[113.661323,23.678001],[113.661284,23.67798],[113.661233,23.677957],[113.661179,23.677937],[113.661109,23.677916],[113.661061,23.677905],[113.661022,23.6779],[113.660983,23.677897],[113.660944,23.677897],[113.660905,23.677901],[113.66087,23.677906],[113.660831,23.677914],[113.660777,23.677929],[113.660725,23.677946],[113.660684,23.677961],[113.660642,23.677979],[113.660606,23.677996],[113.660564,23.678019],[113.660521,23.678045],[113.660486,23.678067],[113.66046,23.678088],[113.660438,23.678108],[113.660403,23.678146],[113.66036,23.678197],[113.660312,23.678257],[113.660271,23.67831],[113.660225,23.678377],[113.660146,23.678504],[113.660087,23.678591],[113.660054,23.678651],[113.660012,23.678739],[113.659954,23.678871],[113.659878,23.67905],[113.659849,23.679103],[113.659837,23.67912],[113.659819,23.67914],[113.65981,23.679155],[113.659798,23.679184],[113.659786,23.679224],[113.659776,23.679274],[113.659768,23.679325],[113.659765,23.679368],[113.659766,23.679412],[113.659771,23.67946],[113.65978,23.679503],[113.659792,23.679546],[113.659812,23.679602],[113.659819,23.67963],[113.659821,23.679648],[113.659821,23.679665],[113.659819,23.679677],[113.659814,23.679692],[113.659804,23.67971],[113.659791,23.679724],[113.659772,23.679738],[113.659752,23.679747],[113.659724,23.679756],[113.659685,23.679765],[113.659646,23.679771],[113.659607,23.679774],[113.659551,23.679773],[113.65949,23.679766],[113.659451,23.679759],[113.659306,23.679722],[113.659269,23.679577],[113.659259,23.679529],[113.65925,23.67946],[113.659248,23.67939],[113.659249,23.679351],[113.659253,23.679312],[113.659272,23.679179],[113.659287,23.679103],[113.659311,23.679014],[113.65933,23.678955],[113.659346,23.67891],[113.659427,23.678713],[113.659456,23.678631],[113.659479,23.678548],[113.659505,23.678402],[113.659515,23.678362],[113.659526,23.678327],[113.659541,23.678292],[113.659584,23.678216],[113.659623,23.678135],[113.659639,23.678092],[113.659654,23.67804],[113.659664,23.677988],[113.659672,23.677927],[113.659676,23.677878],[113.659676,23.677838],[113.659671,23.677805],[113.659663,23.677778],[113.659651,23.677757],[113.659642,23.677748],[113.659633,23.677741],[113.6596,23.677724],[113.659554,23.677706],[113.659495,23.677687],[113.659425,23.677669],[113.659351,23.677653],[113.659282,23.67764],[113.659208,23.67763],[113.659138,23.677623],[113.659086,23.677621],[113.659039,23.677622],[113.658991,23.677625],[113.658939,23.677632],[113.658887,23.677641],[113.658838,23.677654],[113.658794,23.677667],[113.658757,23.677683],[113.658723,23.677701],[113.658695,23.677722],[113.658659,23.677758],[113.658616,23.677806],[113.658484,23.677976],[113.658427,23.678041],[113.6584,23.678074],[113.658322,23.67818],[113.658203,23.67835],[113.65817,23.678384],[113.658024,23.678515],[113.657977,23.678551],[113.657932,23.678581],[113.6579,23.678597],[113.657866,23.678607],[113.657836,23.678611],[113.657778,23.678611]]}},{"type":"Feature","properties":{"ID":34,"ELEV":75.0},"geometry":{"type":"LineString","coordinates":[[113.666528,23.680694],[113.666528,23.680556],[113.666283,23.680465],[113.666041,23.680388],[113.665987,23.680367],[113.665944,23.680345],[113.665919,23.680329],[113.665893,23.680308],[113.665862,23.68028],[113.665827,23.680245],[113.665787,23.680201],[113.665743,23.680148],[113.665707,23.680103],[113.665679,23.680066],[113.665665,23.680043],[113.665658,23.680026],[113.665654,23.680004],[113.665653,23.679978],[113.665657,23.679947],[113.665665,23.679915],[113.665677,23.679876],[113.665692,23.679841],[113.665706,23.679815],[113.665721,23.679792],[113.665775,23.679729],[113.66583,23.679656],[113.665972,23.679444],[113.665694,23.679167],[113.665549,23.679087],[113.665501,23.679063],[113.665436,23.679033],[113.665371,23.679008],[113.665319,23.678991],[113.665267,23.678977],[113.66523,23.678972],[113.6652,23.678972],[113.665168,23.678977],[113.665139,23.678989],[113.66511,23.679008],[113.665087,23.679032],[113.665071,23.679054],[113.664925,23.679286],[113.664852,23.679408],[113.664782,23.679556],[113.66464,23.679872],[113.664627,23.679895],[113.664616,23.679912],[113.664603,23.679927],[113.664589,23.679941],[113.664566,23.679957],[113.664536,23.67997],[113.664503,23.679976],[113.664472,23.679976],[113.664429,23.679969],[113.66439,23.679957],[113.664354,23.679941],[113.664319,23.679918],[113.664294,23.679896],[113.664275,23.679874],[113.664258,23.679849],[113.66424,23.679814],[113.664194,23.679713],[113.664145,23.679598],[113.664124,23.679542],[113.664108,23.679486],[113.664095,23.679421],[113.66409,23.679351],[113.664097,23.679078],[113.664097,23.679],[113.664093,23.678941],[113.664087,23.678891],[113.664076,23.678843],[113.664064,23.678809],[113.664038,23.678748],[113.664002,23.678676],[113.66398,23.678642],[113.663962,23.67862],[113.663941,23.678599],[113.663888,23.678554],[113.663829,23.67851],[113.6638,23.678492],[113.663771,23.678477],[113.66374,23.678463],[113.663709,23.678451],[113.663677,23.678441],[113.663643,23.678432],[113.663609,23.678426],[113.66357,23.67842],[113.663531,23.678417],[113.663492,23.678417],[113.663457,23.678418],[113.663418,23.678422],[113.663383,23.678427],[113.663344,23.678435],[113.663306,23.678445],[113.663271,23.678456],[113.663238,23.678469],[113.663209,23.678483],[113.663183,23.678499],[113.66316,23.678516],[113.66314,23.678534],[113.663124,23.678552],[113.663104,23.678582],[113.663086,23.67862],[113.663071,23.678665],[113.66306,23.678714],[113.663052,23.678783],[113.663045,23.678874],[113.663042,23.678943],[113.663038,23.679077],[113.663032,23.679126],[113.663022,23.679169],[113.663013,23.6792],[113.663002,23.67923],[113.662989,23.679258],[113.662973,23.679286],[113.662961,23.679305],[113.662944,23.679325],[113.662928,23.67934],[113.662908,23.679354],[113.662883,23.679367],[113.662855,23.679377],[113.662825,23.679383],[113.662793,23.679386],[113.662758,23.679385],[113.662719,23.67938],[113.662684,23.679372],[113.66265,23.679361],[113.662598,23.679338],[113.66255,23.67931],[113.662507,23.67928],[113.662361,23.679167],[113.662207,23.679075],[113.662171,23.679057],[113.662135,23.679045],[113.662107,23.679042],[113.662081,23.679045],[113.662059,23.679054],[113.662041,23.67907],[113.662022,23.679098],[113.662003,23.679136],[113.661987,23.679179],[113.661973,23.679222],[113.661962,23.679266],[113.661945,23.679349],[113.66193,23.679402],[113.661918,23.679432],[113.661905,23.679459],[113.66189,23.679484],[113.661874,23.679506],[113.661844,23.679539],[113.661808,23.679571],[113.661766,23.679604],[113.66172,23.679637],[113.661629,23.679693],[113.661568,23.679728],[113.661543,23.679738],[113.661532,23.679739],[113.66152,23.679739],[113.661504,23.679735],[113.66149,23.679729],[113.661434,23.679689],[113.661194,23.67949],[113.661164,23.679463],[113.661131,23.679429],[113.661097,23.67939],[113.661015,23.679288],[113.660967,23.679221],[113.660957,23.679201],[113.660951,23.679183],[113.660949,23.679163],[113.660954,23.679145],[113.661014,23.679028],[113.661062,23.67893],[113.661108,23.678828],[113.661151,23.678726],[113.661171,23.678674],[113.661188,23.678622],[113.661203,23.67857],[113.661216,23.678518],[113.66125,23.678333],[113.661202,23.678188],[113.661182,23.678141],[113.661167,23.678114],[113.661153,23.678093],[113.661138,23.678075],[113.661119,23.678058],[113.661102,23.678046],[113.661083,23.678037],[113.661063,23.67803],[113.661036,23.678024],[113.661007,23.67802],[113.660977,23.678018],[113.66094,23.678018],[113.660906,23.67802],[113.660848,23.678028],[113.660694,23.678056],[113.660442,23.678278],[113.660405,23.678313],[113.660391,23.678333],[113.660302,23.678479],[113.660228,23.678606],[113.660188,23.67868],[113.660111,23.678834],[113.660076,23.678911],[113.660027,23.67903],[113.660011,23.679073],[113.659997,23.679121],[113.659988,23.679164],[113.659981,23.679204],[113.659977,23.679247],[113.659976,23.679286],[113.659977,23.679325],[113.659981,23.679358],[113.659986,23.67939],[113.659996,23.679424],[113.660015,23.67947],[113.66004,23.679512],[113.66014,23.679634],[113.660178,23.679683],[113.660186,23.679698],[113.660193,23.679715],[113.660204,23.679759],[113.66021,23.679803],[113.660213,23.679859],[113.660214,23.67991],[113.660211,23.679957],[113.660206,23.679997],[113.660197,23.680038],[113.660185,23.680076],[113.660171,23.680107],[113.660156,23.680127],[113.660138,23.68014],[113.660115,23.680148],[113.660092,23.680151],[113.660069,23.68015],[113.660039,23.680145],[113.659959,23.680118],[113.659911,23.680105],[113.659868,23.680097],[113.659829,23.680093],[113.659776,23.680092],[113.65972,23.680095],[113.659671,23.680104],[113.659626,23.680117],[113.659596,23.68013],[113.659571,23.680144],[113.659546,23.680162],[113.659524,23.680183],[113.659459,23.680264],[113.659417,23.68032],[113.659369,23.68039],[113.659353,23.680409],[113.659337,23.680421],[113.659321,23.68043],[113.659306,23.680435],[113.659287,23.680438],[113.659263,23.680436],[113.659241,23.680432],[113.659218,23.680424],[113.65919,23.68041],[113.659004,23.680291],[113.658993,23.680281],[113.658979,23.680265],[113.658937,23.680206],[113.658881,23.680119],[113.65885,23.680063],[113.658825,23.680011],[113.6588,23.679946],[113.658782,23.679881],[113.658773,23.679833],[113.658772,23.679785],[113.658777,23.67975],[113.658785,23.679716],[113.658797,23.679681],[113.658814,23.679646],[113.65884,23.679603],[113.658919,23.679494],[113.658971,23.679415],[113.658991,23.679378],[113.659067,23.679226],[113.659084,23.679187],[113.659102,23.679141],[113.659158,23.67897],[113.659193,23.678882],[113.659228,23.678808],[113.659305,23.678667],[113.659322,23.678632],[113.659328,23.678608],[113.659332,23.678571],[113.65934,23.678431],[113.659346,23.678392],[113.659356,23.678353],[113.659373,23.678305],[113.659392,23.678262],[113.659413,23.678223],[113.659451,23.678162],[113.65947,23.678123],[113.659488,23.678075],[113.659499,23.678023],[113.659502,23.677993],[113.659502,23.677958],[113.659498,23.677923],[113.659491,23.67789],[113.659482,23.677856],[113.659471,23.67783],[113.659458,23.677807],[113.659442,23.677786],[113.659424,23.677769],[113.659403,23.677757],[113.65938,23.677749],[113.659339,23.677739],[113.65929,23.677729],[113.659231,23.677721],[113.65916,23.677714],[113.659112,23.677712],[113.659034,23.677715],[113.658956,23.677726],[113.6589,23.677738],[113.65875,23.677778],[113.658639,23.677944],[113.658589,23.678014],[113.658563,23.678046],[113.658542,23.678069],[113.658494,23.678111],[113.658462,23.678143],[113.658393,23.678224],[113.658345,23.678285],[113.658305,23.678341],[113.65821,23.678488],[113.658183,23.678523],[113.658158,23.67855],[113.657994,23.678696],[113.657962,23.678721],[113.657935,23.678739],[113.657905,23.678753],[113.657871,23.678762],[113.657841,23.678765],[113.657778,23.678765]]}},{"type":"Feature","properties":{"ID":37,"ELEV":90.0},"geometry":{"type":"LineString","coordinates":[[113.667401,23.676389],[113.667374,23.676354],[113.667342,23.676326],[113.667265,23.676271],[113.66719,23.676224],[113.667142,23.676202],[113.667099,23.676188],[113.667055,23.67618],[113.667007,23.676178],[113.666981,23.67618],[113.666951,23.676184],[113.666912,23.676194],[113.66687,23.676207],[113.666799,23.676236],[113.666763,23.676254],[113.666727,23.676274],[113.666673,23.67631],[113.666656,23.676324],[113.666643,23.676339],[113.666631,23.676357],[113.666623,23.676373],[113.666619,23.67639],[113.666618,23.676411],[113.666621,23.676433],[113.666628,23.676456],[113.666637,23.676476],[113.666652,23.6765],[113.66667,23.676526],[113.666724,23.676591],[113.666797,23.676676],[113.666839,23.676699],[113.666934,23.676744],[113.666968,23.676759],[113.666999,23.676771],[113.667038,23.676782],[113.667077,23.67679],[113.667112,23.676794],[113.667151,23.676794],[113.667185,23.676792],[113.66722,23.676787],[113.667269,23.676776],[113.66731,23.676764],[113.667341,23.676752],[113.667366,23.676738],[113.667385,23.676724],[113.667396,23.676709],[113.667405,23.676691],[113.667411,23.676669],[113.667415,23.676642],[113.667417,23.676615],[113.667414,23.676539],[113.667401,23.676389]]}},{"type":"Feature","properties":{"ID":38,"ELEV":95.0},"geometry":{"type":"LineString","coordinates":[[113.667292,23.676389],[113.667197,23.676331],[113.667142,23.676304],[113.667116,23.676294],[113.667088,23.676287],[113.667061,23.676283],[113.66703,23.676282],[113.666989,23.676285],[113.666947,23.676292],[113.666868,23.676312],[113.666808,23.676332],[113.666775,23.676347],[113.666752,23.676363],[113.66674,23.676378],[113.666737,23.676387],[113.666736,23.676396],[113.666738,23.676408],[113.666743,23.676423],[113.666752,23.676438],[113.666764,23.676455],[113.666814,23.676516],[113.666876,23.676589],[113.666902,23.676617],[113.666928,23.676641],[113.666974,23.676677],[113.666995,23.67669],[113.667017,23.676701],[113.667035,23.676708],[113.667055,23.676712],[113.667076,23.676715],[113.667098,23.676716],[113.667128,23.676714],[113.667156,23.676709],[113.667193,23.6767],[113.667216,23.676692],[113.667233,23.676683],[113.667251,23.67667],[113.667266,23.676654],[113.667277,23.676639],[113.667284,23.676624],[113.66729,23.676605],[113.667294,23.676584],[113.667296,23.676558],[113.667297,23.676504],[113.667292,23.676389]]}},{"type":"Feature","properties":{"ID":39,"ELEV":100.0},"geometry":{"type":"LineString","coordinates":[[113.667118,23.676389],[113.667094,23.676376],[113.667073,23.676373],[113.667053,23.676375],[113.667032,23.67638],[113.667022,23.676385],[113.667016,23.676392],[113.667014,23.676401],[113.667015,23.676411],[113.667018,23.676423],[113.667024,23.676437],[113.667047,23.676473],[113.667058,23.676484],[113.667067,23.676491],[113.667075,23.676493],[113.667081,23.676492],[113.667087,23.676486],[113.667093,23.676477],[113.667102,23.676451],[113.667118,23.676389]]}},{"type":"Feature","properties":{"ID":41,"ELEV":75.0},"geometry":{"type":"LineString","coordinates":[[113.667417,23.676111],[113.667379,23.67607],[113.667358,23.676054],[113.667335,23.676039],[113.667283,23.67601],[113.667216,23.675976],[113.667181,23.67596],[113.667146,23.675948],[113.667116,23.67594],[113.667086,23.675934],[113.667051,23.675929],[113.66702,23.675928],[113.66699,23.675929],[113.66696,23.675931],[113.666886,23.675945],[113.666808,23.675967],[113.66673,23.675997],[113.666678,23.67602],[113.666502,23.676106],[113.666473,23.67613],[113.666424,23.676176],[113.666278,23.676323],[113.666238,23.676368],[113.666232,23.67638],[113.666232,23.676391],[113.666236,23.676399],[113.666308,23.676475],[113.666436,23.676614],[113.666484,23.67667],[113.666512,23.676705],[113.666529,23.676722],[113.666564,23.676753],[113.666613,23.676794],[113.666806,23.676944],[113.666955,23.676994],[113.667012,23.67701],[113.66709,23.677025],[113.667168,23.677033],[113.667211,23.677033],[113.667263,23.677031],[113.667376,23.677021],[113.667476,23.677006],[113.667603,23.676979],[113.667651,23.676967],[113.667676,23.676958],[113.667682,23.676953],[113.667687,23.676946],[113.667695,23.676926],[113.667699,23.676905],[113.6677,23.676882],[113.6677,23.676824],[113.667693,23.676739],[113.667682,23.676669],[113.667671,23.676627],[113.667651,23.676581],[113.667638,23.676543],[113.667612,23.676446],[113.667587,23.676387],[113.667566,23.676346],[113.667535,23.676294],[113.667417,23.676111]]}},{"type":"Feature","properties":{"ID":42,"ELEV":80.0},"geometry":{"type":"LineString","coordinates":[[113.667306,23.676111],[113.667205,23.676056],[113.667156,23.676033],[113.667107,23.676015],[113.667063,23.676007],[113.667035,23.676005],[113.667006,23.676005],[113.666951,23.67601],[113.666862,23.676027],[113.666819,23.676038],[113.666784,23.676049],[113.666745,23.676065],[113.666708,23.676083],[113.666656,23.676112],[113.666608,23.676141],[113.666577,23.676163],[113.666544,23.676189],[113.666468,23.676257],[113.666419,23.676306],[113.666405,23.676325],[113.666395,23.676343],[113.666388,23.676361],[113.666384,23.676383],[113.666384,23.676405],[113.66639,23.676427],[113.666403,23.676456],[113.666424,23.676485],[113.666564,23.67664],[113.6666,23.676675],[113.666698,23.676764],[113.666752,23.676808],[113.666814,23.676852],[113.666875,23.676887],[113.666936,23.676914],[113.667018,23.676948],[113.667048,23.676959],[113.667077,23.676964],[113.667157,23.676969],[113.667277,23.676969],[113.667367,23.676964],[113.6674,23.67696],[113.667423,23.676955],[113.667438,23.676947],[113.667453,23.676936],[113.667467,23.676921],[113.667483,23.676899],[113.667499,23.676872],[113.667514,23.676844],[113.667542,23.676777],[113.667559,23.676721],[113.667568,23.676664],[113.667571,23.676608],[113.667566,23.676556],[113.667554,23.676495],[113.667536,23.676437],[113.667512,23.676379],[113.667483,23.676324],[113.667443,23.676263],[113.667373,23.67617],[113.667342,23.676137],[113.667306,23.676111]]}},{"type":"Feature","properties":{"ID":43,"ELEV":85.0},"geometry":{"type":"LineString","coordinates":[[113.667167,23.676111],[113.667131,23.676092],[113.667109,23.676083],[113.667085,23.676078],[113.667058,23.676076],[113.66702,23.676078],[113.666976,23.676083],[113.666806,23.676111],[113.666612,23.676245],[113.666518,23.676317],[113.666489,23.676343],[113.666474,23.676359],[113.666466,23.676375],[113.666464,23.676393],[113.666469,23.676412],[113.666481,23.67643],[113.666654,23.676627],[113.666695,23.676671],[113.666734,23.676708],[113.666761,23.676731],[113.666792,23.676753],[113.666846,23.676785],[113.666909,23.676817],[113.666968,23.676843],[113.66702,23.676862],[113.667072,23.676875],[113.66712,23.676883],[113.667172,23.676887],[113.66722,23.676885],[113.66725,23.676882],[113.667282,23.676876],[113.667308,23.676868],[113.667336,23.676856],[113.667359,23.676843],[113.667381,23.676828],[113.667403,23.676808],[113.667422,23.676788],[113.667438,23.676766],[113.667454,23.676739],[113.667468,23.676711],[113.667478,23.676682],[113.667486,23.676652],[113.66749,23.676621],[113.667492,23.676593],[113.667491,23.67656],[113.667488,23.67653],[113.667481,23.676488],[113.667472,23.676449],[113.667463,23.676417],[113.667452,23.676387],[113.667441,23.67636],[113.667428,23.676336],[113.667413,23.676314],[113.667395,23.676291],[113.667373,23.676266],[113.667328,23.676224],[113.667272,23.676182],[113.667167,23.676111]]}},{"type":"Feature","properties":{"ID":45,"ELEV":65.0},"geometry":{"type":"LineString","coordinates":[[113.667361,23.675833],[113.66722,23.675779],[113.667185,23.675767],[113.667129,23.675753],[113.667072,23.675746],[113.667016,23.675746],[113.66696,23.675752],[113.666862,23.675773],[113.666824,23.675784],[113.666793,23.675795],[113.666773,23.675804],[113.666725,23.675831],[113.666679,23.675853],[113.666286,23.676027],[113.666186,23.676074],[113.66616,23.676089],[113.666138,23.676107],[113.666119,23.676128],[113.666099,23.676153],[113.66608,23.676182],[113.666049,23.676235],[113.665972,23.676389],[113.666262,23.676656],[113.666282,23.676695],[113.666342,23.676833],[113.666369,23.676887],[113.666407,23.676951],[113.666425,23.676976],[113.666444,23.676999],[113.666476,23.67703],[113.666513,23.677057],[113.666557,23.677081],[113.666611,23.677104],[113.666664,23.67712],[113.66673,23.677136],[113.666795,23.677148],[113.666855,23.677157],[113.666916,23.677162],[113.666986,23.677165],[113.667068,23.677166],[113.667146,23.677164],[113.667233,23.677159],[113.667368,23.677148],[113.667502,23.677135],[113.667567,23.677126],[113.667637,23.677113],[113.667706,23.677096],[113.66778,23.677074],[113.667838,23.677053],[113.66789,23.67703],[113.667911,23.677018],[113.667925,23.677007],[113.667937,23.676996],[113.667944,23.676985],[113.66795,23.676972],[113.667954,23.676957],[113.667958,23.676933],[113.667959,23.676907],[113.667955,23.676845],[113.667938,23.676714],[113.66793,23.676668],[113.667924,23.676647],[113.667902,23.676601],[113.667852,23.676506],[113.667793,23.676404],[113.667742,23.676323],[113.667654,23.676193],[113.667616,23.676135],[113.667589,23.6761],[113.667548,23.67605],[113.667361,23.675833]]}},{"type":"Feature","properties":{"ID":46,"ELEV":70.0},"geometry":{"type":"LineString","coordinates":[[113.667083,23.675833],[113.666938,23.675858],[113.66689,23.675867],[113.666825,23.675884],[113.66676,23.675905],[113.666686,23.675935],[113.666379,23.676072],[113.66632,23.6761],[113.666284,23.67612],[113.666266,23.676135],[113.666235,23.676177],[113.666171,23.676275],[113.66615,23.676314],[113.66614,23.676347],[113.666136,23.676378],[113.66614,23.676406],[113.666152,23.676432],[113.666169,23.676453],[113.666263,23.676544],[113.666342,23.676628],[113.666404,23.676706],[113.666503,23.676844],[113.666532,23.676879],[113.666556,23.676904],[113.666576,23.67692],[113.666607,23.676941],[113.666696,23.676992],[113.666753,23.677021],[113.666814,23.677044],[113.666863,23.677059],[113.666917,23.677072],[113.666973,23.677082],[113.667033,23.67709],[113.66709,23.677095],[113.667146,23.677098],[113.667203,23.677097],[113.667263,23.677094],[113.667346,23.677087],[113.667428,23.677078],[113.667511,23.677066],[113.66757,23.677055],[113.667633,23.67704],[113.667693,23.677021],[113.667759,23.676996],[113.66779,23.67698],[113.667808,23.676968],[113.667825,23.676951],[113.667836,23.676935],[113.667847,23.676915],[113.667853,23.676892],[113.667856,23.676871],[113.667855,23.676845],[113.667851,23.676816],[113.667838,23.676764],[113.667823,23.676712],[113.667805,23.67666],[113.667785,23.676608],[113.66776,23.676552],[113.667728,23.676485],[113.667691,23.676412],[113.667666,23.676367],[113.667629,23.676309],[113.667555,23.676188],[113.667515,23.676127],[113.667484,23.676086],[113.667452,23.676046],[113.667427,23.676016],[113.667404,23.675993],[113.667381,23.675974],[113.667353,23.675954],[113.667325,23.675936],[113.667296,23.67592],[113.667226,23.675889],[113.667083,23.675833]]}},{"type":"Feature","properties":{"ID":48,"ELEV":100.0},"geometry":{"type":"LineString","coordinates":[[113.669722,23.675198],[113.669635,23.6752],[113.669612,23.675203],[113.669595,23.675209],[113.669579,23.67522],[113.669569,23.675234],[113.669562,23.675255],[113.669559,23.675279],[113.669562,23.675305],[113.66957,23.67533],[113.669581,23.675347],[113.669596,23.675358],[113.669612,23.675365],[113.669635,23.675369],[113.669722,23.67537]]}},{"type":"Feature","properties":{"ID":50,"ELEV":85.0},"geometry":{"type":"LineString","coordinates":[[113.669722,23.674747],[113.669654,23.674749],[113.669616,23.674755],[113.669594,23.674763],[113.669571,23.674773],[113.669519,23.674804],[113.669476,23.674835],[113.669426,23.674875],[113.669347,23.67494],[113.669307,23.674977],[113.6693,23.674985],[113.669298,23.67499],[113.669296,23.675032],[113.669298,23.675108],[113.669306,23.675278],[113.669352,23.675448],[113.669371,23.675496],[113.669395,23.675538],[113.669425,23.67558],[113.669461,23.675616],[113.669508,23.675651],[113.669558,23.675681],[113.66959,23.675695],[113.669625,23.675704],[113.669659,23.675708],[113.669722,23.675708]]}},{"type":"Feature","properties":{"ID":51,"ELEV":90.0},"geometry":{"type":"LineString","coordinates":[[113.669722,23.674874],[113.669639,23.674875],[113.669612,23.67488],[113.66959,23.674886],[113.669562,23.674899],[113.669534,23.674916],[113.669503,23.67494],[113.669482,23.67496],[113.669464,23.674982],[113.669449,23.675008],[113.669435,23.675037],[113.669423,23.675072],[113.669414,23.675107],[113.669407,23.67515],[113.669403,23.675189],[113.669401,23.675232],[113.669403,23.675276],[113.669408,23.675319],[113.669417,23.675367],[113.669428,23.67541],[113.669444,23.67546],[113.669461,23.675502],[113.669481,23.675541],[113.6695,23.675569],[113.669518,23.675589],[113.669537,23.675604],[113.669563,23.675619],[113.66959,23.675629],[113.669612,23.675635],[113.669636,23.675638],[113.669722,23.675639]]}},{"type":"Feature","properties":{"ID":52,"ELEV":95.0},"geometry":{"type":"LineString","coordinates":[[113.669722,23.675],[113.669583,23.675],[113.669525,23.675141],[113.669513,23.675176],[113.669506,23.675202],[113.6695,23.675232],[113.669496,23.675263],[113.669495,23.675289],[113.669499,23.675341],[113.669509,23.675393],[113.669549,23.675506],[113.669563,23.675543],[113.669573,23.675561],[113.669584,23.675566],[113.669608,23.675568],[113.669722,23.675569]]}},{"type":"Feature","properties":{"ID":53,"ELEV":110.0},"geometry":{"type":"LineString","coordinates":[[113.66129,23.675],[113.661273,23.674984],[113.66126,23.674976],[113.661242,23.674972],[113.661219,23.67497],[113.661185,23.674972],[113.661142,23.674976],[113.660972,23.675],[113.661142,23.675042],[113.661185,23.675049],[113.661219,23.675052],[113.661242,23.67505],[113.66126,23.675042],[113.661273,23.675029],[113.66129,23.675]]}},{"type":"Feature","properties":{"ID":54,"ELEV":80.0},"geometry":{"type":"LineString","coordinates":[[113.669722,23.674583],[113.669659,23.674584],[113.669627,23.674587],[113.669596,23.674595],[113.669569,23.674608],[113.66955,23.674622],[113.66953,23.674637],[113.66945,23.674714],[113.669361,23.674789],[113.669337,23.674812],[113.669313,23.674841],[113.669292,23.674871],[113.669273,23.674905],[113.669258,23.67494],[113.669249,23.674973],[113.669241,23.675012],[113.669237,23.675056],[113.669235,23.675099],[113.669236,23.675145],[113.669241,23.675211],[113.669253,23.675328],[113.669264,23.675397],[113.66928,23.675483],[113.669292,23.675542],[113.669299,23.675565],[113.669347,23.675604],[113.669464,23.67569],[113.669515,23.675724],[113.669561,23.67575],[113.669597,23.675765],[113.66963,23.675774],[113.669664,23.675777],[113.669722,23.675778]]}},{"type":"Feature","properties":{"ID":61,"ELEV":65.0},"geometry":{"type":"LineString","coordinates":[[113.657778,23.675069],[113.657864,23.675068],[113.657911,23.675062],[113.657955,23.675049],[113.658037,23.675012],[113.658098,23.67499],[113.658132,23.674981],[113.658159,23.674976],[113.658182,23.674974],[113.658198,23.674976],[113.658209,23.674982],[113.658224,23.675001],[113.658353,23.675185],[113.658397,23.675244],[113.658427,23.675281],[113.658447,23.675299],[113.658474,23.675311],[113.658518,23.675325],[113.658588,23.675343],[113.658643,23.675354],[113.658681,23.675359],[113.658717,23.67536],[113.658753,23.675358],[113.658787,23.675352],[113.658828,23.675341],[113.65887,23.675324],[113.658931,23.675293],[113.658977,23.675264],[113.658995,23.675249],[113.659038,23.6752],[113.65914,23.675096],[113.65917,23.675062],[113.659194,23.67503],[113.659215,23.674997],[113.659234,23.674962],[113.65925,23.674926],[113.659268,23.674872],[113.659306,23.674722],[113.659486,23.674669],[113.659542,23.674656],[113.659599,23.674646],[113.659668,23.674637],[113.659737,23.674634],[113.659789,23.674636],[113.659833,23.674643],[113.659848,23.674648],[113.659861,23.674654],[113.659871,23.674662],[113.659879,23.674672],[113.659886,23.67469],[113.65989,23.674708],[113.659891,23.674725],[113.659888,23.674742],[113.65988,23.674764],[113.659861,23.674795],[113.659828,23.674843],[113.659778,23.674909],[113.659762,23.674934],[113.659752,23.674955],[113.659744,23.674979],[113.659739,23.675001],[113.659736,23.675027],[113.659737,23.67507],[113.659746,23.675115],[113.659771,23.675189],[113.659796,23.675252],[113.659812,23.675284],[113.659828,23.675306],[113.659852,23.675328],[113.659895,23.675364],[113.660139,23.675556],[113.660302,23.675664],[113.660345,23.675689],[113.660388,23.675711],[113.660432,23.67573],[113.660475,23.675745],[113.660532,23.675759],[113.660638,23.675779],[113.660714,23.675795],[113.660775,23.675811],[113.660809,23.675823],[113.660838,23.675837],[113.660868,23.675855],[113.660893,23.675874],[113.660932,23.67591],[113.66097,23.675936],[113.661023,23.675964],[113.661084,23.675988],[113.661174,23.676016],[113.66127,23.676042],[113.661348,23.676061],[113.661501,23.676093],[113.661545,23.676104],[113.66159,23.676127],[113.661713,23.676196],[113.661772,23.676226],[113.661857,23.676263],[113.661951,23.676295],[113.662042,23.676322],[113.662133,23.676344],[113.662203,23.676359],[113.662361,23.676389],[113.662639,23.676389],[113.662762,23.676174],[113.662804,23.676106],[113.662843,23.676048],[113.662862,23.676021],[113.662879,23.676004],[113.662898,23.67599],[113.66292,23.67598],[113.662938,23.675975],[113.662957,23.675972],[113.662978,23.675972],[113.663,23.675973],[113.663036,23.67598],[113.663162,23.676012],[113.663257,23.676031],[113.663314,23.676038],[113.663366,23.676044],[113.663418,23.676047],[113.66347,23.676047],[113.663518,23.676046],[113.66357,23.676042],[113.663618,23.676036],[113.663656,23.676029],[113.663694,23.676019],[113.663731,23.676006],[113.663767,23.67599],[113.663802,23.675971],[113.663848,23.675941],[113.663899,23.675902],[113.66394,23.675864],[113.663975,23.675825],[113.66399,23.675804],[113.664002,23.67578],[113.664032,23.675693],[113.664048,23.675656],[113.664065,23.67562],[113.664077,23.675601],[113.66409,23.675585],[113.664105,23.67557],[113.664122,23.675557],[113.664147,23.67554],[113.664178,23.675524],[113.664343,23.675453],[113.664517,23.67537],[113.664595,23.675329],[113.664682,23.675278],[113.664785,23.675227],[113.664823,23.675206],[113.664869,23.675176],[113.664916,23.67514],[113.665049,23.675021],[113.665101,23.674978],[113.665305,23.674842],[113.665465,23.674739],[113.665494,23.674713],[113.66553,23.67467],[113.665582,23.674602],[113.665694,23.674444],[113.665877,23.674231],[113.665923,23.674174],[113.665949,23.674137],[113.666042,23.673975],[113.66606,23.673939],[113.666074,23.673904],[113.666083,23.673874],[113.666089,23.673841],[113.666091,23.673808],[113.666091,23.67375]]}},{"type":"Feature","properties":{"ID":62,"ELEV":65.0},"geometry":{"type":"LineString","coordinates":[[113.66937,23.67375],[113.669368,23.673851],[113.669363,23.673888],[113.669355,23.67393],[113.66934,23.673985],[113.669318,23.674053],[113.669298,23.674103],[113.669278,23.67414],[113.669273,23.674161],[113.669271,23.674189],[113.669272,23.674221],[113.669276,23.674263],[113.669284,23.674321],[113.669286,23.674346],[113.669282,23.674382],[113.669278,23.674401],[113.669271,23.67442],[113.66926,23.674442],[113.669247,23.674463],[113.669231,23.674483],[113.669211,23.674502],[113.669181,23.674527],[113.669116,23.674571],[113.66907,23.674606],[113.669037,23.674632],[113.669012,23.674654],[113.668998,23.674669],[113.668989,23.674683],[113.668981,23.674698],[113.668978,23.674712],[113.668976,23.674742],[113.668981,23.674775],[113.668989,23.674802],[113.66902,23.674895],[113.669029,23.674929],[113.669034,23.674954],[113.669041,23.675028],[113.669054,23.67525],[113.669063,23.675336],[113.669074,23.675419],[113.669083,23.675467],[113.669097,23.675514],[113.669115,23.675562],[113.669137,23.67561],[113.669158,23.675649],[113.669183,23.675688],[113.669266,23.675811],[113.669295,23.675851],[113.669346,23.67589],[113.669455,23.675965],[113.669508,23.675998],[113.669558,23.676024],[113.669594,23.676039],[113.66963,23.676048],[113.669664,23.676051],[113.669722,23.676052]]}},{"type":"Feature","properties":{"ID":63,"ELEV":70.0},"geometry":{"type":"LineString","coordinates":[[113.669476,23.67375],[113.669476,23.673831],[113.669469,23.673888],[113.669454,23.673957],[113.669421,23.674073],[113.669414,23.674112],[113.669408,23.674151],[113.669405,23.674195],[113.669405,23.674238],[113.669408,23.674277],[113.669415,23.674337],[113.669416,23.674372],[113.669413,23.674414],[113.669405,23.674448],[113.66939,23.67448],[113.66937,23.674507],[113.669297,23.674575],[113.6692,23.674657],[113.669175,23.674684],[113.669156,23.674711],[113.669142,23.674736],[113.669129,23.674768],[113.669121,23.674798],[113.669115,23.674829],[113.669112,23.674863],[113.669108,23.674946],[113.669107,23.675028],[113.669111,23.675167],[113.669123,23.675302],[113.669133,23.675384],[113.669144,23.675449],[113.669157,23.675502],[113.669175,23.675552],[113.669197,23.675599],[113.669223,23.675643],[113.669263,23.675697],[113.6693,23.675742],[113.669328,23.675769],[113.669355,23.675792],[113.669512,23.675901],[113.669554,23.675926],[113.669588,23.675941],[113.669623,23.675949],[113.669659,23.675952],[113.669722,23.675952]]}},{"type":"Feature","properties":{"ID":64,"ELEV":70.0},"geometry":{"type":"LineString","coordinates":[[113.657778,23.674537],[113.657841,23.674538],[113.657878,23.674542],[113.657911,23.674554],[113.657947,23.674576],[113.657985,23.674607],[113.658089,23.674707],[113.658125,23.674738],[113.65817,23.674775],[113.658209,23.674812],[113.658258,23.674864],[113.658321,23.674935],[113.658382,23.675005],[113.658433,23.675068],[113.658458,23.675092],[113.658486,23.675112],[113.658522,23.675134],[113.658564,23.675155],[113.658609,23.675174],[113.658635,23.675184],[113.65866,23.67519],[113.658684,23.675193],[113.658708,23.675193],[113.658734,23.67519],[113.65876,23.675182],[113.658782,23.675172],[113.658806,23.675157],[113.658829,23.675137],[113.658848,23.675118],[113.658875,23.675085],[113.658899,23.675051],[113.658919,23.67502],[113.658939,23.674984],[113.658969,23.674919],[113.658985,23.674872],[113.659028,23.674722],[113.659178,23.674647],[113.659234,23.674621],[113.659308,23.674589],[113.659382,23.674562],[113.659442,23.674542],[113.659773,23.674444],[113.659835,23.67443],[113.659855,23.674428],[113.659869,23.674431],[113.659874,23.674434],[113.659878,23.674439],[113.659893,23.674467],[113.659947,23.674594],[113.659956,23.67462],[113.659962,23.674646],[113.659967,23.674672],[113.659969,23.674698],[113.659968,23.674729],[113.659965,23.674755],[113.659959,23.674785],[113.65995,23.674816],[113.659934,23.674855],[113.659861,23.675],[113.659889,23.675141],[113.659898,23.675175],[113.659912,23.675216],[113.65993,23.675254],[113.659952,23.675291],[113.659982,23.675329],[113.660009,23.675359],[113.660043,23.675389],[113.660116,23.675452],[113.660176,23.6755],[113.660259,23.675558],[113.660353,23.67562],[113.6604,23.675645],[113.660454,23.675667],[113.660524,23.675688],[113.660671,23.675725],[113.660792,23.675757],[113.660921,23.675795],[113.660996,23.675819],[113.661048,23.675843],[113.661178,23.675913],[113.661252,23.675946],[113.661328,23.675974],[113.661486,23.676019],[113.66159,23.676053],[113.661709,23.676101],[113.661748,23.676119],[113.661788,23.67614],[113.661822,23.676155],[113.661898,23.676184],[113.661977,23.676211],[113.662059,23.676234],[113.662138,23.676248],[113.662181,23.676253],[113.662224,23.676256],[113.662284,23.676255],[113.662322,23.67625],[113.662358,23.676242],[113.662398,23.676229],[113.662433,23.676213],[113.662471,23.676193],[113.662513,23.676165],[113.662552,23.676137],[113.662584,23.67611],[113.662601,23.676092],[113.662613,23.676076],[113.662646,23.67601],[113.662688,23.675936],[113.662727,23.675874],[113.662771,23.67581],[113.662817,23.67575],[113.662847,23.675713],[113.662872,23.675691],[113.662884,23.675684],[113.662896,23.675679],[113.66291,23.675677],[113.662923,23.675679],[113.662936,23.675684],[113.66295,23.675694],[113.662966,23.675713],[113.663,23.675768],[113.663029,23.675805],[113.663062,23.675838],[113.663097,23.675865],[113.663134,23.675886],[113.663178,23.675904],[113.663232,23.67592],[113.663289,23.675933],[113.663353,23.675944],[113.663405,23.675948],[113.663457,23.675946],[113.663513,23.675939],[113.663561,23.675929],[113.663609,23.675914],[113.663716,23.675874],[113.663748,23.675861],[113.663768,23.67585],[113.663773,23.675845],[113.66378,23.675835],[113.663797,23.675804],[113.663817,23.675754],[113.663856,23.675651],[113.663873,23.675613],[113.663891,23.67558],[113.663912,23.675547],[113.663936,23.675516],[113.663959,23.675493],[113.663988,23.67547],[113.66404,23.675438],[113.6641,23.675409],[113.664143,23.675391],[113.664295,23.675335],[113.664418,23.675281],[113.664529,23.675244],[113.664579,23.675225],[113.66467,23.675183],[113.664777,23.675128],[113.664834,23.675095],[113.66488,23.675065],[113.664944,23.675011],[113.664987,23.674978],[113.665251,23.67479],[113.665281,23.674767],[113.665305,23.674745],[113.665335,23.674714],[113.665361,23.674679],[113.665375,23.674653],[113.665401,23.674595],[113.665424,23.674551],[113.66545,23.67451],[113.665473,23.67448],[113.665497,23.674455],[113.665528,23.674431],[113.665562,23.674407],[113.665644,23.674355],[113.665678,23.67433],[113.665706,23.674306],[113.665738,23.674276],[113.665765,23.674246],[113.665798,23.674206],[113.66583,23.674161],[113.665887,23.674073],[113.665984,23.673902],[113.665988,23.673884],[113.665991,23.673858],[113.665992,23.67375]]}},{"type":"Feature","properties":{"ID":65,"ELEV":75.0},"geometry":{"type":"LineString","coordinates":[[113.669583,23.67375],[113.669582,23.673831],[113.669576,23.673888],[113.669561,23.673957],[113.66953,23.674069],[113.669523,23.674104],[113.669518,23.674143],[113.669516,23.674186],[113.669517,23.67423],[113.669522,23.674273],[113.669531,23.674325],[113.669534,23.674351],[113.669532,23.674389],[113.669525,23.674423],[113.669517,23.674447],[113.669503,23.674476],[113.669487,23.674505],[113.669469,23.674529],[113.669434,23.674569],[113.669288,23.674711],[113.669279,23.674726],[113.669266,23.674753],[113.66924,23.674812],[113.669212,23.674885],[113.669197,23.674933],[113.669186,23.674976],[113.669178,23.675028],[113.669173,23.675076],[113.669172,23.675124],[113.669176,23.675184],[113.669182,23.675263],[113.669191,23.675336],[113.669203,23.675419],[113.669214,23.675475],[113.669227,23.675524],[113.669241,23.675564],[113.669257,23.675597],[113.669273,23.675621],[113.66929,23.67564],[113.669311,23.67566],[113.669365,23.675704],[113.669417,23.675741],[113.669572,23.675845],[113.669587,23.675849],[113.669612,23.675852],[113.669722,23.675853]]}},{"type":"Feature","properties":{"ID":66,"ELEV":75.0},"geometry":{"type":"LineString","coordinates":[[113.657778,23.67434],[113.657853,23.674341],[113.657893,23.674347],[113.657911,23.674352],[113.657931,23.674361],[113.657949,23.674371],[113.657968,23.674385],[113.658062,23.674471],[113.658176,23.674586],[113.658236,23.67465],[113.658404,23.674841],[113.658434,23.674869],[113.65847,23.674896],[113.658516,23.674923],[113.658571,23.674947],[113.658605,23.674958],[113.65875,23.675],[113.658833,23.674833],[113.658879,23.674737],[113.658929,23.67462],[113.659014,23.674409],[113.659018,23.674403],[113.659024,23.674399],[113.659037,23.674394],[113.659056,23.674392],[113.659079,23.674393],[113.659107,23.674397],[113.659156,23.674407],[113.659306,23.674444],[113.659546,23.67438],[113.659646,23.674358],[113.659737,23.67434],[113.659782,23.674335],[113.659819,23.674336],[113.659857,23.674341],[113.659888,23.674351],[113.659916,23.674365],[113.65994,23.674383],[113.659965,23.674408],[113.65999,23.67444],[113.660013,23.674478],[113.660031,23.674517],[113.66005,23.674564],[113.660063,23.674607],[113.66007,23.674646],[113.660073,23.674681],[113.660073,23.674716],[113.66007,23.67475],[113.660065,23.674781],[113.660057,23.674811],[113.660046,23.674842],[113.660019,23.674911],[113.660008,23.674946],[113.660001,23.674976],[113.659994,23.675015],[113.65999,23.675054],[113.65999,23.675093],[113.659992,23.675128],[113.659998,23.675174],[113.660007,23.675216],[113.660021,23.675256],[113.660036,23.675287],[113.660051,23.67531],[113.660067,23.675328],[113.660139,23.675389],[113.660228,23.675455],[113.660389,23.675568],[113.660406,23.675577],[113.660435,23.675589],[113.660558,23.67563],[113.660895,23.675728],[113.661004,23.675763],[113.661065,23.675785],[113.661139,23.675815],[113.661191,23.675837],[113.661235,23.675859],[113.661276,23.675875],[113.661565,23.675973],[113.662022,23.67614],[113.662057,23.676148],[113.662096,23.676153],[113.66214,23.676154],[113.662195,23.676152],[113.662265,23.676145],[113.662322,23.676138],[113.662361,23.676131],[113.662381,23.676124],[113.662396,23.676107],[113.662416,23.676076],[113.662445,23.676025],[113.662479,23.675961],[113.662496,23.675919],[113.662501,23.675898],[113.662505,23.675873],[113.662506,23.675852],[113.662504,23.675832],[113.662501,23.675812],[113.662495,23.675789],[113.662482,23.675758],[113.662463,23.675727],[113.662344,23.675573],[113.662339,23.675561],[113.662339,23.675549],[113.662343,23.675537],[113.662352,23.675524],[113.662416,23.675455],[113.662547,23.675325],[113.662588,23.675287],[113.662613,23.675267],[113.66263,23.67526],[113.66265,23.675259],[113.662671,23.675264],[113.662699,23.675276],[113.662761,23.675308],[113.662836,23.675352],[113.662884,23.675384],[113.662925,23.675416],[113.662969,23.675458],[113.663015,23.675511],[113.663074,23.675589],[113.663145,23.675698],[113.663175,23.67574],[113.663209,23.675779],[113.663225,23.675794],[113.663239,23.675804],[113.663268,23.675819],[113.663304,23.675833],[113.663348,23.675845],[113.663398,23.675855],[113.663437,23.67586],[113.66347,23.675861],[113.663499,23.675858],[113.663521,23.675851],[113.663536,23.675841],[113.663555,23.675824],[113.663576,23.675799],[113.663596,23.675771],[113.66363,23.675717],[113.663729,23.675544],[113.663743,23.675524],[113.663773,23.675493],[113.663822,23.67545],[113.664028,23.675278],[113.664212,23.675249],[113.664273,23.675238],[113.664334,23.675223],[113.664403,23.675204],[113.664468,23.675184],[113.664528,23.675162],[113.664586,23.675137],[113.664675,23.675093],[113.664857,23.674988],[113.664943,23.674928],[113.665193,23.674749],[113.665207,23.674735],[113.665224,23.674714],[113.665258,23.674661],[113.665286,23.67461],[113.665374,23.674435],[113.665393,23.674402],[113.665403,23.674388],[113.665434,23.674361],[113.665478,23.674331],[113.665525,23.674304],[113.665632,23.674245],[113.665684,23.674214],[113.66571,23.674194],[113.665726,23.674175],[113.665768,23.674111],[113.665832,23.674009],[113.665861,23.673957],[113.665883,23.673911],[113.665896,23.673875],[113.665904,23.673842],[113.665906,23.673808],[113.665907,23.67375]]}},{"type":"Feature","properties":{"ID":67,"ELEV":80.0},"geometry":{"type":"LineString","coordinates":[[113.657778,23.674167],[113.657851,23.674168],[113.657874,23.674172],[113.657893,23.674178],[113.657916,23.674188],[113.657942,23.674203],[113.657974,23.674224],[113.658008,23.67425],[113.658053,23.674288],[113.658218,23.674435],[113.658292,23.674517],[113.658472,23.674722],[113.65875,23.674722],[113.658868,23.674429],[113.658953,23.674227],[113.658978,23.674174],[113.658997,23.67414],[113.659009,23.674125],[113.659023,23.674116],[113.659032,23.674115],[113.659043,23.674115],[113.659066,23.674122],[113.65924,23.674229],[113.659278,23.674244],[113.659325,23.674255],[113.659373,23.674259],[113.659425,23.674258],[113.659724,23.674226],[113.659755,23.674224],[113.659785,23.674225],[113.659816,23.67423],[113.659846,23.674238],[113.659881,23.674251],[113.659928,23.674275],[113.659972,23.674304],[113.660139,23.674444],[113.660187,23.67459],[113.660199,23.674631],[113.660206,23.67467],[113.660208,23.674703],[113.660207,23.674734],[113.660201,23.674765],[113.66019,23.674796],[113.660145,23.674881],[113.660115,23.674945],[113.660106,23.674976],[113.6601,23.675013],[113.660097,23.675052],[113.660096,23.675099],[113.660101,23.675209],[113.660105,23.675246],[113.66011,23.675271],[113.660116,23.675288],[113.660124,23.675297],[113.660175,23.675335],[113.66028,23.675408],[113.660408,23.675494],[113.66047,23.67553],[113.660504,23.675546],[113.660546,23.675563],[113.660604,23.675583],[113.660672,23.675605],[113.660892,23.675667],[113.660987,23.675697],[113.66107,23.675726],[113.66129,23.675807],[113.661551,23.675896],[113.661738,23.675957],[113.661851,23.67599],[113.661955,23.676017],[113.661999,23.676024],[113.662046,23.676025],[113.662081,23.676021],[113.66212,23.676013],[113.662155,23.676001],[113.662194,23.675984],[113.662253,23.675951],[113.662319,23.67591],[113.662357,23.675882],[113.662369,23.675871],[113.662376,23.675862],[113.662382,23.67585],[113.662384,23.675839],[113.662384,23.675828],[113.66238,23.675818],[113.662262,23.675665],[113.662247,23.675643],[113.662236,23.67562],[113.662226,23.675588],[113.662222,23.675561],[113.662223,23.675532],[113.662228,23.675504],[113.662241,23.675466],[113.662259,23.675432],[113.662361,23.675278],[113.662507,23.675199],[113.662541,23.675183],[113.662585,23.675169],[113.662628,23.675161],[113.662667,23.675161],[113.662711,23.675166],[113.662737,23.675173],[113.662767,23.675183],[113.662957,23.675266],[113.662984,23.675287],[113.663021,23.675321],[113.663061,23.675364],[113.663166,23.675481],[113.663197,23.675513],[113.663219,23.675533],[113.663363,23.675636],[113.66339,23.675653],[113.663409,23.675663],[113.663429,23.67567],[113.663449,23.675674],[113.663467,23.675674],[113.663484,23.67567],[113.6635,23.675663],[113.663514,23.675651],[113.663527,23.675636],[113.663566,23.675578],[113.663614,23.675503],[113.66375,23.675278],[113.663908,23.675234],[113.663982,23.675216],[113.664082,23.675196],[113.664204,23.675179],[113.664256,23.675169],[113.664325,23.675153],[113.664395,23.675133],[113.664499,23.675095],[113.66459,23.675058],[113.664623,23.675042],[113.664702,23.674998],[113.664801,23.674951],[113.664842,23.674928],[113.664906,23.674886],[113.664974,23.674837],[113.665082,23.674753],[113.665129,23.674711],[113.665362,23.674315],[113.665396,23.674266],[113.665428,23.674228],[113.665448,23.67421],[113.66547,23.674196],[113.665618,23.674126],[113.665645,23.67411],[113.665684,23.67408],[113.665723,23.67404],[113.665751,23.674004],[113.665776,23.673964],[113.665796,23.673926],[113.665811,23.67389],[113.665818,23.673865],[113.665823,23.673837],[113.665825,23.673808],[113.665825,23.67375]]}},{"type":"Feature","properties":{"ID":68,"ELEV":85.0},"geometry":{"type":"LineString","coordinates":[[113.657778,23.67406],[113.657858,23.674061],[113.65788,23.674063],[113.657905,23.674068],[113.65793,23.674076],[113.657957,23.674088],[113.657986,23.674103],[113.658018,23.674122],[113.658085,23.674167],[113.658137,23.674208],[113.658353,23.674401],[113.658405,23.67445],[113.658444,23.67449],[113.658461,23.6745],[113.658482,23.674504],[113.6585,23.674503],[113.658519,23.6745],[113.658563,23.674485],[113.658624,23.674458],[113.658673,23.674434],[113.658706,23.674415],[113.658723,23.674401],[113.658744,23.674377],[113.658764,23.674348],[113.658786,23.674309],[113.658823,23.67423],[113.658851,23.67418],[113.658894,23.674111],[113.658941,23.674043],[113.658964,23.674016],[113.658988,23.673996],[113.659014,23.673981],[113.659042,23.673972],[113.65906,23.67397],[113.659079,23.67397],[113.659098,23.673973],[113.659118,23.673978],[113.659152,23.673991],[113.65923,23.67403],[113.659282,23.674051],[113.659351,23.674074],[113.659416,23.674088],[113.659494,23.674099],[113.659581,23.674107],[113.659659,23.674111],[113.659785,23.674115],[113.659876,23.674122],[113.659972,23.674136],[113.660139,23.674167],[113.66019,23.674321],[113.660213,23.674382],[113.660258,23.674486],[113.660327,23.67462],[113.660342,23.674664],[113.660351,23.674707],[113.660354,23.674733],[113.660354,23.674759],[113.660351,23.674789],[113.660346,23.674816],[113.660336,23.67485],[113.660298,23.674954],[113.660275,23.675028],[113.660249,23.675128],[113.66024,23.675179],[113.66024,23.675221],[113.660243,23.675242],[113.660248,23.675262],[113.660256,23.675281],[113.660266,23.675298],[113.660279,23.675315],[113.660291,23.675328],[113.660311,23.675344],[113.660346,23.675368],[113.660443,23.675426],[113.660528,23.675472],[113.660694,23.675556],[113.66087,23.675602],[113.660974,23.675632],[113.661057,23.675659],[113.66123,23.67572],[113.661374,23.675767],[113.661546,23.675822],[113.66171,23.67587],[113.661772,23.675884],[113.661834,23.675892],[113.661904,23.675897],[113.661976,23.675896],[113.662047,23.67589],[113.662075,23.675885],[113.6621,23.675878],[113.662119,23.67587],[113.662134,23.675861],[113.662145,23.675849],[113.662151,23.675838],[113.662153,23.675828],[113.662152,23.675816],[113.662145,23.675791],[113.662136,23.675773],[113.662105,23.675724],[113.662086,23.675689],[113.662066,23.675646],[113.662053,23.67561],[113.662048,23.675579],[113.662045,23.675543],[113.662047,23.675502],[113.662052,23.675456],[113.662083,23.675278],[113.662158,23.675128],[113.662189,23.675075],[113.662208,23.675047],[113.662228,23.675024],[113.662247,23.675006],[113.662267,23.674992],[113.662288,23.674982],[113.662316,23.674976],[113.662352,23.674973],[113.662393,23.674972],[113.662473,23.674978],[113.662639,23.675],[113.662806,23.675108],[113.662898,23.675162],[113.662978,23.675203],[113.663105,23.675257],[113.663157,23.675283],[113.663172,23.675293],[113.663196,23.675313],[113.663229,23.675336],[113.663302,23.675383],[113.663357,23.675415],[113.663392,23.67543],[113.66342,23.675438],[113.663449,23.675439],[113.663472,23.675434],[113.663492,23.675423],[113.663509,23.675406],[113.663518,23.675393],[113.663539,23.675355],[113.663555,23.675329],[113.663575,23.675303],[113.6636,23.675278],[113.663623,23.675257],[113.663646,23.675241],[113.663673,23.675226],[113.663705,23.675211],[113.663747,23.675195],[113.663794,23.675179],[113.663845,23.675165],[113.663904,23.675151],[113.663974,23.675137],[113.664047,23.675125],[113.664199,23.675107],[113.66425,23.675099],[113.664315,23.675085],[113.664379,23.675066],[113.664576,23.67499],[113.664746,23.674914],[113.664802,23.674885],[113.664851,23.674859],[113.664898,23.674829],[113.664938,23.674801],[113.664974,23.674773],[113.665004,23.674746],[113.665032,23.674718],[113.665056,23.674688],[113.665086,23.674645],[113.665173,23.674497],[113.66519,23.674463],[113.665208,23.674416],[113.665226,23.67436],[113.665248,23.674282],[113.665261,23.674244],[113.665279,23.674205],[113.665299,23.674174],[113.665319,23.674151],[113.665342,23.674135],[113.665613,23.674002],[113.66567,23.673969],[113.665692,23.673954],[113.665706,23.673941],[113.665717,23.67393],[113.665726,23.673915],[113.665733,23.673896],[113.665738,23.673877],[113.665743,23.673835],[113.665743,23.67375]]}},{"type":"Feature","properties":{"ID":69,"ELEV":90.0},"geometry":{"type":"LineString","coordinates":[[113.657778,23.673953],[113.657841,23.673954],[113.657877,23.673957],[113.657919,23.673968],[113.657963,23.673986],[113.658032,23.674021],[113.658257,23.674151],[113.658302,23.674183],[113.658387,23.674252],[113.658411,23.674268],[113.658432,23.674278],[113.658453,23.674284],[113.658475,23.674286],[113.658501,23.674284],[113.658521,23.674279],[113.658541,23.674271],[113.658561,23.674261],[113.658582,23.674247],[113.658673,23.674182],[113.658722,23.674144],[113.658739,23.674127],[113.658762,23.674098],[113.658801,23.674043],[113.658842,23.673982],[113.658867,23.673938],[113.658886,23.673899],[113.658896,23.673869],[113.658902,23.673838],[113.658904,23.673808],[113.658904,23.67375]]}},{"type":"Feature","properties":{"ID":70,"ELEV":90.0},"geometry":{"type":"LineString","coordinates":[[113.659375,23.67375],[113.659376,23.673822],[113.65938,23.673844],[113.659387,23.673861],[113.659397,23.673877],[113.659413,23.673893],[113.659432,23.673907],[113.659456,23.67392],[113.659491,23.673935],[113.659539,23.673952],[113.65959,23.673968],[113.659641,23.673982],[113.659707,23.673997],[113.660015,23.67406],[113.660059,23.67407],[113.660101,23.674082],[113.660151,23.674101],[113.66019,23.674121],[113.660203,23.674131],[113.660215,23.674142],[113.660236,23.674169],[113.660255,23.674204],[113.660271,23.674244],[113.660282,23.674278],[113.660309,23.674377],[113.660337,23.674453],[113.660362,23.674508],[113.660455,23.674667],[113.660467,23.6747],[113.660474,23.67474],[113.660477,23.674787],[113.660476,23.674838],[113.66047,23.674912],[113.66046,23.674978],[113.660452,23.675016],[113.660442,23.675049],[113.660375,23.675203],[113.660364,23.675234],[113.66036,23.675255],[113.660361,23.675274],[113.660366,23.675289],[113.660375,23.675301],[113.660401,23.675317],[113.660443,23.675338],[113.660691,23.675441],[113.660768,23.675477],[113.660893,23.675538],[113.660943,23.67556],[113.661217,23.675649],[113.661309,23.675676],[113.6614,23.675701],[113.661491,23.675723],[113.661578,23.675741],[113.661669,23.675757],[113.66171,23.67576],[113.661743,23.675757],[113.661773,23.675749],[113.661796,23.675738],[113.661819,23.67572],[113.661839,23.675697],[113.661854,23.675672],[113.661868,23.675637],[113.661879,23.6756],[113.661885,23.675566],[113.661888,23.675531],[113.661889,23.675495],[113.661886,23.675461],[113.661881,23.675427],[113.661853,23.67528],[113.661828,23.675137],[113.661825,23.675096],[113.661827,23.675078],[113.661831,23.675057],[113.661837,23.675042],[113.661845,23.675027],[113.661855,23.675014],[113.661867,23.675003],[113.661881,23.674992],[113.661896,23.674983],[113.661934,23.674968],[113.662007,23.67495],[113.662198,23.674906],[113.662276,23.674891],[113.662333,23.674885],[113.662394,23.674883],[113.662454,23.674886],[113.662515,23.674894],[113.662559,23.674903],[113.662597,23.674912],[113.662631,23.674923],[113.662659,23.674936],[113.662684,23.674951],[113.662734,23.674989],[113.662784,23.675024],[113.662864,23.675076],[113.662904,23.675098],[113.66295,23.675121],[113.663053,23.675166],[113.663132,23.675193],[113.663205,23.675213],[113.663279,23.675225],[113.663353,23.675231],[113.663392,23.67523],[113.663431,23.675226],[113.66347,23.675218],[113.663509,23.675208],[113.66357,23.675185],[113.663657,23.675143],[113.663717,23.675117],[113.663783,23.675094],[113.663848,23.675077],[113.663908,23.675066],[113.664,23.675053],[113.664095,23.675043],[113.664258,23.675029],[113.664305,23.675023],[113.664336,23.675015],[113.664542,23.67494],[113.664617,23.67491],[113.664694,23.674876],[113.664781,23.674835],[113.664849,23.674799],[113.664897,23.674769],[113.664927,23.674745],[113.664951,23.674719],[113.664977,23.674684],[113.665006,23.674641],[113.665039,23.67459],[113.665058,23.674555],[113.665073,23.674525],[113.665086,23.674494],[113.665097,23.674464],[113.66511,23.674416],[113.665117,23.674368],[113.665118,23.674329],[113.665115,23.674236],[113.665116,23.674171],[113.665122,23.674119],[113.665126,23.674105],[113.665132,23.674093],[113.665143,23.674081],[113.665158,23.674068],[113.665179,23.674055],[113.665202,23.674044],[113.665243,23.674029],[113.66535,23.673998],[113.665428,23.673971],[113.665505,23.673937],[113.66553,23.673924],[113.665549,23.673911],[113.665565,23.673898],[113.665579,23.673882],[113.665588,23.673868],[113.665595,23.673852],[113.665599,23.673836],[113.665601,23.673817],[113.665602,23.67375]]}},{"type":"Feature","properties":{"ID":71,"ELEV":95.0},"geometry":{"type":"LineString","coordinates":[[113.658009,23.67375],[113.65801,23.673817],[113.658012,23.673836],[113.658016,23.673852],[113.658023,23.673869],[113.658032,23.673883],[113.658045,23.673898],[113.65806,23.673912],[113.658098,23.673937],[113.658344,23.674071],[113.65837,23.674082],[113.658392,23.674089],[113.658414,23.674093],[113.65844,23.674094],[113.65847,23.674091],[113.658505,23.674082],[113.658535,23.674069],[113.658566,23.674051],[113.658605,23.674021],[113.65875,23.673889],[113.65875,23.67375]]}},{"type":"Feature","properties":{"ID":72,"ELEV":95.0},"geometry":{"type":"LineString","coordinates":[[113.659694,23.67375],[113.659695,23.673817],[113.6597,23.673848],[113.659706,23.673863],[113.659712,23.673874],[113.659722,23.673885],[113.659735,23.673895],[113.659764,23.67391],[113.659812,23.673925],[113.659884,23.673944],[113.660015,23.673976],[113.660058,23.673988],[113.660107,23.674005],[113.660151,23.674024],[113.660216,23.67406],[113.660253,23.674084],[113.660277,23.674102],[113.660299,23.674122],[113.660319,23.674143],[113.660337,23.674166],[113.660353,23.67419],[113.660372,23.67423],[113.660387,23.674274],[113.660393,23.674303],[113.660417,23.674444],[113.660498,23.67459],[113.66052,23.674633],[113.660545,23.674694],[113.660564,23.674759],[113.66057,23.674794],[113.660574,23.674824],[113.660576,23.674902],[113.660575,23.675011],[113.660566,23.675158],[113.660566,23.675196],[113.660569,23.675222],[113.660575,23.675248],[113.660585,23.675268],[113.660596,23.675283],[113.660606,23.675292],[113.660618,23.675298],[113.660663,23.675315],[113.660707,23.675334],[113.660827,23.67539],[113.660966,23.675462],[113.6611,23.675536],[113.661166,23.675567],[113.661199,23.675578],[113.661245,23.675591],[113.661374,23.675621],[113.661434,23.675632],[113.661488,23.675635],[113.661533,23.675633],[113.66158,23.675626],[113.661622,23.675614],[113.661663,23.675597],[113.661691,23.67558],[113.661713,23.675559],[113.661729,23.675535],[113.661739,23.675507],[113.661744,23.675479],[113.661743,23.675444],[113.661726,23.675336],[113.661717,23.675258],[113.661712,23.675189],[113.661708,23.675085],[113.661703,23.675015],[113.661696,23.674933],[113.661684,23.674842],[113.661682,23.674808],[113.661685,23.67477],[113.661689,23.674754],[113.661695,23.674739],[113.661702,23.674728],[113.661711,23.674719],[113.661721,23.674712],[113.661733,23.674708],[113.66176,23.674702],[113.661783,23.674699],[113.661805,23.674699],[113.661821,23.674702],[113.661899,23.674738],[113.661988,23.674775],[113.662035,23.674789],[113.662081,23.674797],[113.66212,23.674801],[113.662161,23.674801],[113.662194,23.674799],[113.662289,23.67479],[113.662333,23.674788],[113.662376,23.674789],[113.662424,23.674792],[113.662472,23.674798],[113.662515,23.674805],[113.662557,23.674815],[113.662594,23.674827],[113.662625,23.674839],[113.662659,23.674856],[113.662689,23.674873],[113.662731,23.674901],[113.662826,23.674977],[113.662876,23.675015],[113.6629,23.675029],[113.662942,23.67505],[113.663066,23.675101],[113.663136,23.675124],[113.663175,23.675133],[113.663214,23.67514],[113.663257,23.675145],[113.663296,23.675147],[113.663349,23.675145],[113.663401,23.675139],[113.663448,23.675129],[113.6635,23.675115],[113.663544,23.675099],[113.663587,23.675081],[113.66375,23.675],[113.663982,23.674978],[113.664225,23.674961],[113.664303,23.674949],[113.664382,23.674931],[113.664429,23.674918],[113.664486,23.674899],[113.664603,23.674854],[113.664703,23.67481],[113.664858,23.674735],[113.66487,23.674728],[113.664882,23.674712],[113.664983,23.674559],[113.665002,23.674525],[113.665016,23.674494],[113.665029,23.67446],[113.665038,23.674429],[113.665046,23.67439],[113.665049,23.674351],[113.665049,23.674325],[113.665045,23.67423],[113.665048,23.674147],[113.665058,23.674073],[113.66508,23.673957],[113.665091,23.673888],[113.665095,23.673831],[113.665096,23.67375]]}},{"type":"Feature","properties":{"ID":73,"ELEV":100.0},"geometry":{"type":"LineString","coordinates":[[113.658241,23.67375],[113.658241,23.673808],[113.658245,23.673839],[113.658249,23.673853],[113.658256,23.673868],[113.658274,23.673892],[113.658294,23.673911],[113.658316,23.673927],[113.658341,23.673943],[113.658369,23.673959],[113.658393,23.673969],[113.658416,23.673977],[113.658438,23.673982],[113.658459,23.673984],[113.658476,23.673983],[113.658495,23.673979],[113.65851,23.673973],[113.658525,23.673965],[113.658538,23.673955],[113.658557,23.673937],[113.658573,23.673919],[113.658585,23.673903],[113.658599,23.673875],[113.658608,23.673845],[113.658611,23.673813],[113.658611,23.67375]]}},{"type":"Feature","properties":{"ID":74,"ELEV":100.0},"geometry":{"type":"LineString","coordinates":[[113.66,23.67375],[113.660001,23.673813],[113.660004,23.673843],[113.660012,23.673867],[113.660018,23.673876],[113.660026,23.673885],[113.660038,23.673893],[113.66005,23.673899],[113.66011,23.673918],[113.660168,23.673942],[113.66023,23.673972],[113.660301,23.674011],[113.660355,23.674044],[113.6604,23.674075],[113.660429,23.674101],[113.660447,23.674124],[113.660463,23.67416],[113.66048,23.674206],[113.660525,23.674368],[113.660551,23.674451],[113.660578,23.674525],[113.660621,23.674633],[113.660646,23.674711],[113.660661,23.674768],[113.660672,23.674824],[113.660694,23.675],[113.660782,23.675174],[113.660811,23.67522],[113.660839,23.675258],[113.660867,23.675288],[113.660882,23.6753],[113.660897,23.67531],[113.661147,23.675439],[113.661233,23.675481],[113.661314,23.675515],[113.661397,23.675542],[113.66147,23.675562],[113.661497,23.675566],[113.661521,23.675568],[113.661536,23.675567],[113.661548,23.675564],[113.661552,23.67556],[113.661557,23.675552],[113.661563,23.675535],[113.661569,23.675512],[113.661579,23.675444],[113.661594,23.675289],[113.661603,23.675128],[113.661602,23.675087],[113.6616,23.675053],[113.661596,23.675019],[113.661591,23.674991],[113.661582,23.674963],[113.661572,23.674938],[113.661554,23.674908],[113.661533,23.674877],[113.661494,23.67483],[113.661414,23.674745],[113.661357,23.674679],[113.661283,23.67458],[113.661226,23.674497],[113.661212,23.67447],[113.661209,23.674457],[113.661208,23.674446],[113.661211,23.674436],[113.661216,23.674426],[113.661224,23.674418],[113.661233,23.674412],[113.661262,23.674401],[113.661302,23.674393],[113.661354,23.674386],[113.661416,23.67438],[113.66146,23.674379],[113.661504,23.674382],[113.661541,23.674387],[113.661574,23.674395],[113.661611,23.674409],[113.661672,23.674441],[113.661716,23.674469],[113.6618,23.674529],[113.661886,23.674583],[113.661973,23.674634],[113.662007,23.67465],[113.662038,23.674663],[113.662094,23.67468],[113.662146,23.674689],[113.662198,23.674693],[113.662318,23.67469],[113.66239,23.674694],[113.662443,23.674702],[113.6626,23.674733],[113.662618,23.67474],[113.662639,23.674751],[113.662692,23.674786],[113.662743,23.674824],[113.662869,23.674925],[113.662932,23.674971],[113.66296,23.674987],[113.663028,23.675016],[113.663092,23.675042],[113.663119,23.675052],[113.663153,23.67506],[113.66319,23.675066],[113.663232,23.675069],[113.663276,23.675068],[113.663318,23.675064],[113.663376,23.675054],[113.66344,23.675042],[113.663487,23.67503],[113.663506,23.675023],[113.663581,23.674989],[113.663665,23.674956],[113.663715,23.674941],[113.663769,23.674928],[113.66382,23.67492],[113.663878,23.674914],[113.664182,23.674895],[113.664234,23.67489],[113.664321,23.674878],[113.664403,23.674859],[113.664464,23.674842],[113.664532,23.67482],[113.66459,23.674799],[113.664641,23.674778],[113.664692,23.674755],[113.664741,23.674729],[113.66478,23.674704],[113.664813,23.674681],[113.664839,23.674656],[113.664868,23.674625],[113.664898,23.674586],[113.66493,23.674539],[113.664947,23.67451],[113.664959,23.674483],[113.664968,23.674455],[113.664975,23.674425],[113.66498,23.674387],[113.664981,23.67435],[113.664972,23.674221],[113.664971,23.674125],[113.664974,23.67406],[113.664987,23.673885],[113.664989,23.67375]]}},{"type":"Feature","properties":{"ID":75,"ELEV":105.0},"geometry":{"type":"LineString","coordinates":[[113.658472,23.67375],[113.658472,23.673889],[113.658472,23.67375]]}},{"type":"Feature","properties":{"ID":76,"ELEV":105.0},"geometry":{"type":"LineString","coordinates":[[113.660347,23.67375],[113.660349,23.673837],[113.660352,23.673862],[113.660357,23.673879],[113.660363,23.673889],[113.66037,23.673896],[113.660392,23.67391],[113.660405,23.673922],[113.660434,23.673957],[113.660481,23.674026],[113.66053,23.674112],[113.660564,23.674181],[113.660596,23.674252],[113.660688,23.674494],[113.660714,23.674546],[113.660764,23.674636],[113.660783,23.674678],[113.660799,23.674725],[113.660812,23.674776],[113.66082,23.674825],[113.660828,23.674906],[113.660839,23.674958],[113.660857,23.675014],[113.660869,23.675042],[113.660883,23.675069],[113.660913,23.675113],[113.660949,23.675159],[113.660986,23.675197],[113.661021,23.675225],[113.661041,23.675237],[113.661095,23.675267],[113.661182,23.675309],[113.661216,23.67532],[113.661249,23.675324],[113.661268,23.675323],[113.661288,23.675319],[113.661308,23.675313],[113.661325,23.675306],[113.66134,23.675297],[113.661352,23.675287],[113.661377,23.67526],[113.661392,23.675238],[113.661406,23.675214],[113.661422,23.675182],[113.661435,23.67515],[113.661443,23.675124],[113.661449,23.675102],[113.661452,23.675081],[113.661453,23.675056],[113.661451,23.675027],[113.661443,23.674995],[113.661432,23.674967],[113.661414,23.674936],[113.661395,23.674909],[113.661371,23.674883],[113.661272,23.674786],[113.661217,23.674738],[113.661205,23.674724],[113.661179,23.674683],[113.661145,23.674622],[113.661118,23.674568],[113.661104,23.674531],[113.661097,23.674496],[113.661097,23.674462],[113.661099,23.674445],[113.661104,23.674428],[113.661117,23.674399],[113.661137,23.674372],[113.661167,23.674344],[113.661202,23.674319],[113.66124,23.674299],[113.661273,23.674287],[113.661308,23.674278],[113.661344,23.674274],[113.661382,23.674273],[113.66143,23.674275],[113.661482,23.674282],[113.66153,23.674292],[113.661582,23.674306],[113.661625,23.674321],[113.661664,23.674337],[113.661755,23.674377],[113.661814,23.674406],[113.661839,23.67442],[113.661987,23.674519],[113.662028,23.674542],[113.662079,23.674563],[113.662133,23.674578],[113.662165,23.674583],[113.662203,23.674587],[113.662298,23.674589],[113.662398,23.674586],[113.662515,23.674577],[113.662547,23.674576],[113.662582,23.674579],[113.662616,23.674587],[113.662644,23.674602],[113.662665,23.674619],[113.662675,23.674632],[113.662695,23.674666],[113.662716,23.674696],[113.662741,23.674726],[113.662769,23.674755],[113.662819,23.674799],[113.662881,23.674846],[113.662935,23.674882],[113.662992,23.674915],[113.66315,23.674995],[113.663185,23.675009],[113.6632,23.67501],[113.663219,23.675009],[113.663282,23.674994],[113.663403,23.67496],[113.663661,23.674877],[113.663709,23.674865],[113.663761,23.674854],[113.663813,23.674846],[113.663865,23.674841],[113.664169,23.674826],[113.664221,23.674823],[113.664303,23.674812],[113.66439,23.674796],[113.664515,23.674764],[113.664601,23.674737],[113.664627,23.674723],[113.664684,23.674682],[113.664789,23.6746],[113.664828,23.674566],[113.664857,23.674538],[113.66488,23.674513],[113.664896,23.674492],[113.664904,23.674473],[113.66491,23.674453],[113.664915,23.674418],[113.664915,23.674375],[113.664912,23.674333],[113.664896,23.674195],[113.664889,23.674091],[113.664883,23.673908],[113.664882,23.67375]]}},{"type":"Feature","properties":{"ID":77,"ELEV":110.0},"geometry":{"type":"LineString","coordinates":[[113.660518,23.67375],[113.660518,23.673808],[113.66052,23.673842],[113.660526,23.673875],[113.660537,23.673911],[113.660551,23.67395],[113.660568,23.673988],[113.660644,23.674142],[113.660678,23.674218],[113.660685,23.674228],[113.660697,23.674241],[113.660728,23.674265],[113.660773,23.67429],[113.660827,23.674314],[113.660853,23.674324],[113.660874,23.674331],[113.660895,23.674335],[113.66092,23.674338],[113.660961,23.674335],[113.660981,23.674331],[113.661005,23.674324],[113.66104,23.674308],[113.661071,23.674288],[113.661182,23.674193],[113.661226,23.674159],[113.661241,23.674152],[113.661266,23.674151],[113.66131,23.674155],[113.661493,23.674182],[113.661578,23.674204],[113.661682,23.674239],[113.66177,23.674276],[113.661855,23.674319],[113.661914,23.674355],[113.662068,23.674457],[113.662099,23.674466],[113.662159,23.674476],[113.66225,23.674487],[113.662317,23.67449],[113.662379,23.674486],[113.662407,23.674482],[113.662432,23.674476],[113.662476,23.67446],[113.662515,23.674438],[113.662537,23.674422],[113.662555,23.674406],[113.662594,23.674362],[113.662607,23.674351],[113.662623,23.674342],[113.662629,23.67434],[113.662637,23.674341],[113.662649,23.674348],[113.662659,23.674362],[113.662684,23.674424],[113.662713,23.674487],[113.662759,23.674581],[113.662793,23.674645],[113.662834,23.67471],[113.662852,23.674734],[113.662868,23.674752],[113.662896,23.674773],[113.662942,23.6748],[113.663013,23.674836],[113.663079,23.674866],[113.663118,23.67488],[113.663153,23.674889],[113.663192,23.674894],[113.663227,23.674896],[113.66327,23.674894],[113.663314,23.674886],[113.663622,23.674802],[113.663687,23.674788],[113.663748,23.674777],[113.6638,23.674771],[113.663852,23.674767],[113.664047,23.674762],[113.664206,23.674755],[113.664289,23.674748],[113.664347,23.674739],[113.664436,23.674716],[113.664501,23.674696],[113.664523,23.674688],[113.66455,23.674675],[113.664582,23.674658],[113.66465,23.674613],[113.664707,23.674569],[113.664861,23.674444],[113.664837,23.674251],[113.664826,23.674117],[113.664818,23.673921],[113.664817,23.67375]]}},{"type":"Feature","properties":{"ID":78,"ELEV":115.0},"geometry":{"type":"LineString","coordinates":[[113.660644,23.67375],[113.660645,23.673836],[113.66065,23.673882],[113.660656,23.673907],[113.660664,23.673933],[113.660673,23.673952],[113.660686,23.673973],[113.660705,23.673997],[113.66073,23.674024],[113.660761,23.674052],[113.660797,23.674082],[113.660861,23.674132],[113.660908,23.674166],[113.660937,23.674184],[113.660959,23.674192],[113.660973,23.674192],[113.660984,23.674189],[113.661025,23.674162],[113.661104,23.674117],[113.661152,23.674092],[113.66119,23.674077],[113.661225,23.674067],[113.661265,23.674061],[113.661302,23.67406],[113.661344,23.674062],[113.661395,23.674071],[113.661806,23.674167],[113.661968,23.67427],[113.662007,23.674291],[113.662051,23.67431],[113.662099,23.674327],[113.662151,23.67434],[113.662203,23.674347],[113.66225,23.674348],[113.662282,23.674345],[113.662316,23.674338],[113.662345,23.674328],[113.662374,23.674314],[113.662399,23.674298],[113.662418,23.674282],[113.662503,23.674192],[113.662533,23.674165],[113.662563,23.674142],[113.662591,23.674126],[113.662616,23.674117],[113.662638,23.674115],[113.662661,23.67412],[113.662679,23.67413],[113.662694,23.674146],[113.66271,23.674169],[113.662727,23.6742],[113.662751,23.674255],[113.662805,23.674408],[113.662848,23.674515],[113.662902,23.674631],[113.662923,23.67467],[113.662939,23.674694],[113.662958,23.67471],[113.662989,23.67473],[113.663037,23.674753],[113.663091,23.674777],[113.663121,23.674787],[113.663151,23.674794],[113.663182,23.674798],[113.663214,23.674799],[113.663255,23.674797],[113.663297,23.674791],[113.663515,23.674733],[113.6636,23.674717],[113.663692,23.674703],[113.663746,23.674698],[113.663805,23.674695],[113.664004,23.674695],[113.664138,23.674691],[113.664212,23.674686],[113.664286,23.674676],[113.664329,23.674667],[113.664377,23.674654],[113.664425,23.67464],[113.664472,23.674623],[113.664516,23.674604],[113.664558,23.674585],[113.664596,23.674564],[113.66463,23.674542],[113.664659,23.674521],[113.66468,23.674504],[113.664699,23.674484],[113.664716,23.674462],[113.664729,23.674438],[113.664741,23.674412],[113.66475,23.674384],[113.664756,23.674353],[113.664762,23.674295],[113.664766,23.674151],[113.664766,23.674065],[113.664762,23.673872],[113.664761,23.67375]]}},{"type":"Feature","properties":{"ID":79,"ELEV":120.0},"geometry":{"type":"LineString","coordinates":[[113.660903,23.67375],[113.660904,23.673835],[113.660906,23.673857],[113.66091,23.673875],[113.660917,23.673892],[113.660928,23.673908],[113.66094,23.673919],[113.660955,23.673926],[113.660987,23.673934],[113.661026,23.673938],[113.661068,23.673939],[113.661152,23.673937],[113.661213,23.67394],[113.661274,23.673948],[113.661335,23.67396],[113.661526,23.674016],[113.661728,23.674068],[113.661819,23.674095],[113.661874,23.674114],[113.66193,23.674136],[113.662001,23.674168],[113.662051,23.674196],[113.662074,23.674203],[113.662108,23.674204],[113.66215,23.674198],[113.662325,23.674151],[113.662356,23.674138],[113.662398,23.674118],[113.662519,23.674051],[113.662545,23.67404],[113.66257,23.674032],[113.662602,23.674026],[113.662634,23.674025],[113.662665,23.674029],[113.662695,23.674039],[113.662713,23.674048],[113.662731,23.674059],[113.662765,23.674087],[113.66281,23.67413],[113.662843,23.674171],[113.662866,23.674206],[113.662882,23.67424],[113.662905,23.674314],[113.662929,23.674402],[113.662936,23.674418],[113.662948,23.674437],[113.662977,23.674478],[113.663022,23.674533],[113.663194,23.674722],[113.663353,23.67468],[113.663427,23.674663],[113.663522,23.674645],[113.663613,23.674634],[113.663696,23.674627],[113.663778,23.674625],[113.663843,23.674625],[113.663978,23.67463],[113.664086,23.674629],[113.664182,23.674624],[113.664251,23.674615],[113.664329,23.674597],[113.664373,23.674584],[113.664412,23.67457],[113.664529,23.674519],[113.664573,23.674497],[113.664604,23.674479],[113.664618,23.674468],[113.664629,23.674454],[113.664641,23.674432],[113.664653,23.674401],[113.664666,23.674359],[113.664679,23.674308],[113.664689,23.674256],[113.664697,23.674208],[113.664705,23.674138],[113.664708,23.674069],[113.664706,23.67375]]}},{"type":"Feature","properties":{"ID":80,"ELEV":125.0},"geometry":{"type":"LineString","coordinates":[[113.662972,23.67375],[113.662974,23.674034],[113.662979,23.674117],[113.662988,23.674182],[113.663,23.674243],[113.663016,23.674308],[113.663034,23.674361],[113.663055,23.674413],[113.66308,23.674459],[113.663107,23.674499],[113.663137,23.674533],[113.663152,23.674544],[113.663168,23.674554],[113.663201,23.674569],[113.663237,23.674577],[113.663278,23.67458],[113.663314,23.674578],[113.663405,23.674566],[113.663483,23.674559],[113.663557,23.674553],[113.663631,23.674551],[113.6637,23.67455],[113.663774,23.674552],[113.663943,23.674563],[113.664013,23.674565],[113.664104,23.674564],[113.66419,23.674558],[113.664232,23.674553],[113.664273,23.674546],[113.664312,23.674536],[113.66435,23.674524],[113.664415,23.674498],[113.664463,23.674474],[113.664499,23.674454],[113.664526,23.674436],[113.664547,23.674419],[113.664559,23.674406],[113.664571,23.674386],[113.664589,23.674348],[113.664608,23.6743],[113.664624,23.674253],[113.664635,23.674208],[113.664645,23.674145],[113.664651,23.674072],[113.66465,23.67375]]}},{"type":"Feature","properties":{"ID":81,"ELEV":125.0},"geometry":{"type":"LineString","coordinates":[[113.661389,23.67375],[113.66139,23.673821],[113.661392,23.673843],[113.661397,23.673859],[113.661404,23.673874],[113.661414,23.673887],[113.661429,23.673899],[113.661445,23.673908],[113.661483,23.673922],[113.661544,23.67394],[113.661717,23.673983],[113.661795,23.674004],[113.661864,23.674026],[113.661981,23.674064],[113.662038,23.674076],[113.662094,23.674079],[113.662138,23.674077],[113.662181,23.67407],[113.662216,23.674061],[113.662276,23.674041],[113.662341,23.674016],[113.662404,23.673989],[113.662468,23.673957],[113.662512,23.673931],[113.662537,23.673913],[113.662557,23.673895],[113.662571,23.673878],[113.662582,23.673859],[113.662587,23.673842],[113.662591,23.673822],[113.662593,23.67375]]}},{"type":"Feature","properties":{"ID":82,"ELEV":130.0},"geometry":{"type":"LineString","coordinates":[[113.663111,23.67375],[113.663111,23.673831],[113.663108,23.673885],[113.663089,23.674078],[113.663089,23.674121],[113.663092,23.674164],[113.663101,23.674225],[113.663117,23.674286],[113.663161,23.674409],[113.663175,23.674444],[113.663183,23.674458],[113.663191,23.674461],[113.663205,23.674464],[113.663248,23.674467],[113.663479,23.674465],[113.663648,23.67447],[113.663778,23.674479],[113.663952,23.674497],[113.664052,23.674501],[113.664143,23.674498],[113.664239,23.674488],[113.664308,23.674477],[113.664333,23.67447],[113.664351,23.674463],[113.664367,23.674451],[113.664385,23.674436],[113.664432,23.674388],[113.664494,23.674314],[113.664569,23.674216],[113.664589,23.674184],[113.664593,23.674153],[113.664595,23.674063],[113.664594,23.67375]]}},{"type":"Feature","properties":{"ID":83,"ELEV":130.0},"geometry":{"type":"LineString","coordinates":[[113.661667,23.67375],[113.661667,23.673817],[113.661672,23.67385],[113.661677,23.673864],[113.661683,23.673875],[113.661693,23.673885],[113.661705,23.673893],[113.661731,23.673904],[113.66196,23.673962],[113.662007,23.673971],[113.662059,23.673974],[113.662116,23.67397],[113.662146,23.673965],[113.662177,23.673957],[113.662216,23.673945],[113.662361,23.673889],[113.662361,23.67375]]}},{"type":"Feature","properties":{"ID":84,"ELEV":135.0},"geometry":{"type":"LineString","coordinates":[[113.663231,23.67375],[113.663231,23.673844],[113.663225,23.673906],[113.663217,23.673963],[113.663183,23.674125],[113.66318,23.674152],[113.66318,23.674174],[113.663184,23.674192],[113.663189,23.674202],[113.6632,23.674213],[113.663221,23.674229],[113.663255,23.674251],[113.663349,23.674301],[113.663422,23.674333],[113.663492,23.674356],[113.663566,23.674373],[113.663704,23.674389],[113.663787,23.674401],[113.663869,23.674415],[113.664028,23.674444],[113.66419,23.67442],[113.664232,23.674409],[113.664272,23.674393],[113.664318,23.674367],[113.664361,23.674335],[113.664402,23.674295],[113.664441,23.674246],[113.664469,23.674203],[113.664488,23.674164],[113.664505,23.674119],[113.664514,23.674077],[113.664519,23.674039],[113.664522,23.67395],[113.664524,23.673856],[113.664525,23.67375]]}},{"type":"Feature","properties":{"ID":85,"ELEV":135.0},"geometry":{"type":"LineString","coordinates":[[113.662083,23.67375],[113.662083,23.673889],[113.662083,23.67375]]}},{"type":"Feature","properties":{"ID":86,"ELEV":140.0},"geometry":{"type":"LineString","coordinates":[[113.663324,23.67375],[113.663324,23.673882],[113.663321,23.674038],[113.663324,23.674086],[113.663331,23.674124],[113.663344,23.674157],[113.663361,23.674185],[113.66338,23.674205],[113.663411,23.674226],[113.663454,23.674246],[113.6635,23.674262],[113.663551,23.674275],[113.663592,23.674283],[113.663761,23.674309],[113.663921,23.674337],[113.663978,23.674343],[113.66403,23.674345],[113.664086,23.674342],[113.664147,23.674335],[113.664202,23.674324],[113.664251,23.674309],[113.664291,23.674292],[113.664327,23.674271],[113.664355,23.674248],[113.66438,23.674219],[113.664399,23.674187],[113.664414,23.674151],[113.664427,23.67411],[113.664435,23.674067],[113.664441,23.674009],[113.664449,23.673898],[113.664451,23.673839],[113.664452,23.67375]]}},{"type":"Feature","properties":{"ID":87,"ELEV":145.0},"geometry":{"type":"LineString","coordinates":[[113.663417,23.67375],[113.663418,23.673842],[113.663424,23.673908],[113.663438,23.673996],[113.663472,23.674167],[113.663904,23.674247],[113.663961,23.674254],[113.664013,23.674256],[113.664052,23.674255],[113.664091,23.674252],[113.66413,23.674246],[113.664164,23.674239],[113.66423,23.674223],[113.664279,23.674208],[113.66431,23.674195],[113.664319,23.67419],[113.664324,23.674185],[113.664334,23.674162],[113.664344,23.67412],[113.664355,23.674059],[113.664366,23.67398],[113.664377,23.673866],[113.664379,23.67375]]}},{"type":"Feature","properties":{"ID":88,"ELEV":150.0},"geometry":{"type":"LineString","coordinates":[[113.663528,23.67375],[113.663528,23.673802],[113.663531,23.673834],[113.663538,23.673863],[113.66355,23.673889],[113.663572,23.673924],[113.663603,23.673961],[113.663644,23.674005],[113.663688,23.674046],[113.663724,23.674075],[113.663756,23.674098],[113.663788,23.674116],[113.663821,23.674131],[113.663877,23.674149],[113.663951,23.674169],[113.663992,23.674177],[113.664024,23.67418],[113.66405,23.674178],[113.664069,23.674173],[113.664087,23.674161],[113.664109,23.67414],[113.664139,23.674106],[113.664175,23.674062],[113.664306,23.673889],[113.664306,23.67375]]}},{"type":"Feature","properties":{"ID":89,"ELEV":155.0},"geometry":{"type":"LineString","coordinates":[[113.663667,23.67375],[113.663668,23.673829],[113.663669,23.673849],[113.663673,23.67387],[113.663679,23.673888],[113.663689,23.673906],[113.6637,23.673922],[113.663713,23.673935],[113.66373,23.673948],[113.663754,23.67396],[113.663782,23.673971],[113.663813,23.673982],[113.663854,23.673992],[113.6639,23.674002],[113.663932,23.674007],[113.663963,23.674008],[113.663987,23.674007],[113.66401,23.674003],[113.664031,23.673997],[113.66405,23.673989],[113.664065,23.67398],[113.66408,23.673968],[113.66411,23.673933],[113.664123,23.673914],[113.664133,23.673894],[113.664141,23.673876],[113.664146,23.673859],[113.66415,23.673822],[113.664151,23.67375]]}}]}