{"type":"FeatureCollection","name":"elevation_bands_smooth","crs":{"type":"name","properties":{"name":"urn:ogc:def:crs:OGC:1.3:CRS84"}},"features":[{"type":"Feature","properties":{"ID":4,"ELEV_MIN":65.0,"ELEV_MAX":70.0},"geometry":{"type":"MultiPolygon","coordinates":[[[[113.657953,23.680512],[113.657966,23.680529],[113.657977,23.680549],[113.657984,23.680572],[113.657989,23.680597],[113.657991,23.680626],[113.657989,23.680653],[113.657984,23.680672],[113.657975,23.680686],[113.657967,23.680692],[113.657957,23.680694],[113.657842,23.680694],[113.657816,23.68069],[113.657806,23.680685],[113.657796,23.680678],[113.657789,23.680669],[113.657783,23.680658],[113.65778,23.680646],[113.657778,23.68063],[113.657778,23.68051],[113.657781,23.680497],[113.657787,23.680487],[113.657802,23.680477],[113.657821,23.680472],[113.657848,23.68047],[113.657877,23.680472],[113.657899,23.680477],[113.657921,23.680486],[113.657938,23.680498],[113.657953,23.680512]]],[[[113.668308,23.680414],[113.668328,23.680464],[113.668344,23.680509],[113.668356,23.680549],[113.668365,23.680587],[113.668368,23.680619],[113.668367,23.680658],[113.668362,23.680682],[113.668359,23.680689],[113.668355,23.680693],[113.668351,23.680694],[113.668252,23.680694],[113.668231,23.680689],[113.668215,23.68068],[113.668202,23.680664],[113.668196,23.680642],[113.668194,23.680556],[113.668194,23.680628],[113.668192,23.680649],[113.668187,23.680662],[113.668181,23.680673],[113.668172,23.680682],[113.668161,23.680688],[113.668146,23.680693],[113.668126,23.680694],[113.667897,23.680694],[113.667891,23.680693],[113.667887,23.680688],[113.66788,23.680668],[113.667877,23.680636],[113.667878,23.680367],[113.66788,23.680322],[113.667885,23.680287],[113.667892,23.680265],[113.667896,23.680259],[113.667901,23.680255],[113.667922,23.680246],[113.667955,23.68024],[113.668006,23.680234],[113.668066,23.68023],[113.668113,23.680228],[113.668152,23.68023],[113.668182,23.680234],[113.668206,23.68024],[113.668215,23.680245],[113.668224,23.680251],[113.668244,23.680281],[113.668273,23.680336],[113.668308,23.680414]]],[[[113.661156,23.677803],[113.661221,23.677824],[113.661301,23.677858],[113.661391,23.677903],[113.661484,23.677956],[113.661536,23.67799],[113.661568,23.678016],[113.661576,23.678027],[113.661582,23.678037],[113.661591,23.678066],[113.661594,23.678087],[113.661595,23.678112],[113.661593,23.678171],[113.66158,23.678269],[113.661566,23.678348],[113.661557,23.678383],[113.661536,23.678452],[113.66152,23.678508],[113.661464,23.678761],[113.661446,23.67883],[113.661413,23.678934],[113.661369,23.679051],[113.661362,23.679075],[113.661358,23.679099],[113.661357,23.679124],[113.661359,23.679144],[113.661365,23.679167],[113.661375,23.679187],[113.661389,23.679206],[113.661407,23.679224],[113.661428,23.679239],[113.661453,23.679254],[113.661477,23.679264],[113.661498,23.679269],[113.661518,23.679271],[113.661537,23.679268],[113.661554,23.67926],[113.661569,23.679249],[113.661581,23.679235],[113.661594,23.679214],[113.661604,23.679193],[113.661611,23.679173],[113.661622,23.679124],[113.661626,23.679075],[113.661627,23.678983],[113.66163,23.678954],[113.661637,23.678922],[113.661649,23.678886],[113.661666,23.678848],[113.661685,23.678815],[113.661709,23.678783],[113.661782,23.6787],[113.661812,23.678671],[113.661839,23.678648],[113.661865,23.678631],[113.661915,23.678604],[113.661992,23.678564],[113.662017,23.678553],[113.662046,23.678545],[113.662073,23.678542],[113.662097,23.678544],[113.66212,23.678552],[113.662138,23.678564],[113.662298,23.678697],[113.662337,23.678725],[113.662384,23.678755],[113.662452,23.678794],[113.662519,23.678828],[113.662557,23.67884],[113.662574,23.678842],[113.662592,23.678842],[113.662609,23.678837],[113.662623,23.678829],[113.662635,23.678818],[113.662646,23.678802],[113.662657,23.678772],[113.66267,23.678709],[113.662685,23.678657],[113.662702,23.678609],[113.662721,23.678566],[113.662744,23.678522],[113.662772,23.678474],[113.662828,23.678389],[113.662868,23.678333],[113.66289,23.678309],[113.662929,23.678284],[113.663049,23.678221],[113.663105,23.678196],[113.663153,23.67818],[113.663205,23.67817],[113.663257,23.678166],[113.663309,23.678168],[113.663448,23.678191],[113.66373,23.678242],[113.663948,23.678276],[113.664034,23.678294],[113.664065,23.678303],[113.664088,23.678312],[113.664102,23.678321],[113.664118,23.678335],[113.664137,23.678356],[113.664157,23.678383],[113.664177,23.678415],[113.664197,23.678453],[113.664235,23.678532],[113.664265,23.678602],[113.664282,23.678651],[113.664297,23.67871],[113.664309,23.678747],[113.664325,23.678786],[113.664348,23.678837],[113.664358,23.678865],[113.664368,23.678901],[113.664376,23.678942],[113.664383,23.678988],[113.664389,23.679047],[113.664393,23.679076],[113.664402,23.679112],[113.664414,23.679146],[113.664426,23.679171],[113.66444,23.679195],[113.664455,23.679218],[113.664473,23.67924],[113.664495,23.679264],[113.664514,23.679281],[113.664532,23.679293],[113.664549,23.679301],[113.66456,23.679305],[113.66457,23.679306],[113.664579,23.679304],[113.664588,23.679301],[113.664596,23.679295],[113.664604,23.679287],[113.664616,23.679264],[113.664634,23.679212],[113.664649,23.679153],[113.664661,23.679088],[113.664674,23.679],[113.664686,23.678951],[113.664696,23.67892],[113.664709,23.67889],[113.664724,23.678861],[113.664741,23.678833],[113.664762,23.678804],[113.664787,23.678776],[113.664813,23.678752],[113.664839,23.678733],[113.664865,23.678716],[113.664898,23.678701],[113.664932,23.678689],[113.664968,23.678681],[113.665024,23.678674],[113.665085,23.678672],[113.665145,23.678675],[113.665206,23.678683],[113.665263,23.678694],[113.665341,23.678715],[113.665432,23.678743],[113.665523,23.678773],[113.665637,23.678815],[113.665678,23.678832],[113.665708,23.678847],[113.665782,23.678898],[113.665917,23.678978],[113.665956,23.679005],[113.665993,23.679034],[113.666045,23.679081],[113.666228,23.679264],[113.666323,23.679369],[113.666339,23.67939],[113.666354,23.679413],[113.666378,23.679461],[113.666397,23.679516],[113.666407,23.679556],[113.666423,23.679642],[113.666439,23.679716],[113.666459,23.679789],[113.666482,23.679863],[113.666492,23.679888],[113.666505,23.679912],[113.666518,23.67993],[113.666533,23.679945],[113.666549,23.679957],[113.666564,23.679965],[113.666584,23.679972],[113.666605,23.679976],[113.666624,23.679977],[113.666643,23.679976],[113.666708,23.679965],[113.666756,23.67996],[113.666799,23.679958],[113.666842,23.679959],[113.666886,23.679963],[113.666925,23.679969],[113.667083,23.68],[113.667116,23.680145],[113.667124,23.680193],[113.66713,23.680247],[113.667129,23.68027],[113.667127,23.68029],[113.667123,23.680306],[113.667116,23.680322],[113.667013,23.680476],[113.666994,23.680509],[113.66698,23.680538],[113.666969,23.680568],[113.666962,23.680597],[113.66696,23.680617],[113.666959,23.680671],[113.666955,23.680692],[113.666952,23.680694],[113.666874,23.680694],[113.666847,23.680691],[113.666832,23.680684],[113.666821,23.680675],[113.666813,23.680664],[113.666808,23.680648],[113.666806,23.680628],[113.666807,23.680605],[113.666811,23.680582],[113.666818,23.680553],[113.666842,23.680487],[113.666894,23.680373],[113.666904,23.680343],[113.666909,23.680312],[113.66691,23.680296],[113.666908,23.680278],[113.666904,23.680262],[113.666898,23.680247],[113.666889,23.680233],[113.66688,23.680223],[113.666853,23.680202],[113.666821,23.680187],[113.666783,23.680178],[113.666745,23.680174],[113.666698,23.680175],[113.66663,23.680184],[113.666543,23.6802],[113.666465,23.680218],[113.666374,23.680242],[113.666343,23.680248],[113.666291,23.680253],[113.666239,23.680249],[113.6662,23.680242],[113.666157,23.680228],[113.666118,23.680212],[113.666072,23.680188],[113.666024,23.68016],[113.665983,23.680131],[113.665948,23.680103],[113.665921,23.680075],[113.6659,23.680045],[113.665894,23.68003],[113.66589,23.680016],[113.665889,23.680002],[113.66589,23.679989],[113.665895,23.679976],[113.665901,23.679963],[113.665916,23.679945],[113.665959,23.679904],[113.666015,23.679856],[113.666084,23.679799],[113.666108,23.679777],[113.666126,23.679756],[113.666143,23.679734],[113.666157,23.67971],[113.66617,23.679682],[113.666179,23.679655],[113.666187,23.679623],[113.666192,23.67959],[113.666193,23.67956],[113.666192,23.679534],[113.666188,23.679505],[113.666181,23.679476],[113.666171,23.679448],[113.66616,23.679425],[113.666144,23.679398],[113.666125,23.679371],[113.666107,23.679349],[113.665948,23.679189],[113.665914,23.679161],[113.66579,23.679076],[113.665741,23.679046],[113.665691,23.679017],[113.665592,23.678967],[113.665417,23.678889],[113.665276,23.678838],[113.665241,23.678827],[113.665189,23.678816],[113.665137,23.678813],[113.665085,23.678817],[113.665033,23.678828],[113.665002,23.678838],[113.664861,23.678889],[113.664843,23.679034],[113.664836,23.679078],[113.664822,23.679138],[113.664802,23.679204],[113.664777,23.679269],[113.664745,23.679338],[113.664638,23.679557],[113.664618,23.679589],[113.664605,23.679605],[113.664592,23.679617],[113.664564,23.679636],[113.664545,23.679645],[113.664528,23.679651],[113.664488,23.679659],[113.664464,23.67966],[113.664438,23.679659],[113.66439,23.679652],[113.664369,23.679646],[113.664349,23.679639],[113.664318,23.67962],[113.664303,23.679608],[113.66429,23.679593],[113.664278,23.679577],[113.664269,23.67956],[113.664248,23.679503],[113.664233,23.679441],[113.664223,23.679383],[113.664218,23.679325],[113.664214,23.679182],[113.664212,23.679],[113.66421,23.678956],[113.664205,23.678913],[113.664193,23.678843],[113.664176,23.678778],[113.664149,23.678698],[113.664121,23.67863],[113.664095,23.678577],[113.66407,23.678536],[113.664046,23.678508],[113.664014,23.67848],[113.663975,23.678452],[113.663928,23.678423],[113.66375,23.678333],[113.663548,23.678306],[113.663479,23.6783],[113.663405,23.678297],[113.66331,23.678299],[113.663226,23.678305],[113.663179,23.678313],[113.663167,23.678318],[113.663157,23.678325],[113.663127,23.678354],[113.663082,23.678405],[113.662917,23.678611],[113.662846,23.679034],[113.66284,23.679063],[113.662832,23.679089],[113.662822,23.679112],[113.662811,23.679133],[113.662798,23.679151],[113.662784,23.679167],[113.662767,23.67918],[113.662752,23.679189],[113.662736,23.679196],[113.662711,23.679204],[113.662675,23.679211],[113.662645,23.679213],[113.66262,23.679208],[113.662601,23.679199],[113.662544,23.679149],[113.662415,23.679023],[113.662354,23.678968],[113.662321,23.67894],[113.662238,23.678877],[113.662163,23.678816],[113.662141,23.678802],[113.662125,23.678794],[113.662108,23.678788],[113.662091,23.678785],[113.662077,23.678785],[113.662059,23.678786],[113.662041,23.67879],[113.662022,23.678796],[113.662003,23.678805],[113.661984,23.678816],[113.661962,23.678832],[113.661944,23.678847],[113.661925,23.678865],[113.661896,23.678901],[113.66187,23.678946],[113.661856,23.678976],[113.661847,23.679004],[113.661806,23.679167],[113.661757,23.679312],[113.661736,23.679364],[113.661723,23.679388],[113.661709,23.679411],[113.661689,23.679437],[113.66167,23.679456],[113.66165,23.679473],[113.661628,23.679487],[113.661599,23.6795],[113.661573,23.679509],[113.661548,23.679513],[113.661522,23.679513],[113.661499,23.679507],[113.661478,23.679496],[113.661409,23.67944],[113.661301,23.679361],[113.661243,23.679311],[113.661197,23.679264],[113.661168,23.679229],[113.661158,23.679213],[113.661151,23.679195],[113.661146,23.679177],[113.661143,23.679157],[113.661142,23.679133],[113.661144,23.679107],[113.66115,23.67908],[113.661158,23.679051],[113.661239,23.678846],[113.661303,23.6787],[113.66132,23.678656],[113.661349,23.67857],[113.661374,23.67847],[113.661387,23.678405],[113.661397,23.678336],[113.661403,23.678266],[113.661406,23.678201],[113.661406,23.678159],[113.661402,23.678125],[113.661393,23.678091],[113.661383,23.678065],[113.661367,23.678039],[113.661347,23.678018],[113.661323,23.678001],[113.661284,23.67798],[113.661233,23.677957],[113.661179,23.677937],[113.661109,23.677916],[113.661061,23.677905],[113.661022,23.6779],[113.660983,23.677897],[113.660944,23.677897],[113.660905,23.677901],[113.66087,23.677906],[113.660831,23.677914],[113.660777,23.677929],[113.660725,23.677946],[113.660684,23.677961],[113.660642,23.677979],[113.660606,23.677996],[113.660564,23.678019],[113.660521,23.678045],[113.660486,23.678067],[113.66046,23.678088],[113.660438,23.678108],[113.660403,23.678146],[113.66036,23.678197],[113.660312,23.678257],[113.660271,23.67831],[113.660227,23.678374],[113.660146,23.678504],[113.660088,23.678588],[113.660054,23.678651],[113.660014,23.678735],[113.659954,23.678871],[113.659878,23.67905],[113.659849,23.679103],[113.659837,23.67912],[113.659819,23.67914],[113.65981,23.679155],[113.659798,23.679184],[113.659786,23.679224],[113.659776,23.679274],[113.659768,23.679325],[113.659765,23.679368],[113.659766,23.679412],[113.659771,23.67946],[113.65978,23.679503],[113.659792,23.679546],[113.659812,23.679602],[113.659819,23.67963],[113.659821,23.679648],[113.659821,23.679665],[113.659819,23.679677],[113.659814,23.679692],[113.659804,23.67971],[113.659789,23.679726],[113.659769,23.679739],[113.659748,23.679749],[113.659724,23.679756],[113.659681,23.679766],[113.659642,23.679771],[113.659603,23.679774],[113.659546,23.679773],[113.659486,23.679766],[113.659451,23.679759],[113.659306,23.679722],[113.659269,23.679577],[113.659258,23.679525],[113.65925,23.679455],[113.659248,23.679386],[113.659253,23.679312],[113.659272,23.679176],[113.659287,23.679103],[113.659312,23.679012],[113.65933,23.678955],[113.659346,23.67891],[113.659427,23.678713],[113.659456,23.678631],[113.659479,23.678548],[113.659505,23.678402],[113.659515,23.678362],[113.659526,23.678327],[113.659541,23.678292],[113.659582,23.678219],[113.659622,23.678138],[113.659639,23.678092],[113.659653,23.678043],[113.659663,23.677992],[113.659672,23.677932],[113.659676,23.677882],[113.659676,23.677842],[113.659672,23.677808],[113.659664,23.67778],[113.659651,23.677757],[113.659635,23.677743],[113.6596,23.677724],[113.659557,23.677707],[113.659503,23.677689],[113.659434,23.677671],[113.65936,23.677654],[113.659286,23.677641],[113.659212,23.67763],[113.659143,23.677623],[113.659095,23.677621],[113.659047,23.677621],[113.658995,23.677625],[113.658947,23.67763],[113.658895,23.67764],[113.658845,23.677651],[113.658801,23.677665],[113.658763,23.67768],[113.658727,23.677698],[113.658699,23.677719],[113.658667,23.677749],[113.65863,23.67779],[113.658584,23.677846],[113.658484,23.677976],[113.658425,23.678043],[113.658393,23.678084],[113.658316,23.678188],[113.658202,23.678351],[113.65817,23.678384],[113.658101,23.678447],[113.658028,23.678511],[113.657977,23.678551],[113.657929,23.678583],[113.657888,23.678603],[113.657869,23.678608],[113.657851,23.678611],[113.657832,23.67861],[113.657816,23.678606],[113.657803,23.6786],[113.657793,23.678591],[113.657785,23.678579],[113.65778,23.678564],[113.657778,23.678545],[113.657778,23.678472],[113.657855,23.678472],[113.657872,23.67847],[113.65789,23.678466],[113.657913,23.678457],[113.657936,23.678446],[113.657959,23.678431],[113.657985,23.67841],[113.658042,23.678356],[113.658094,23.678295],[113.658128,23.678248],[113.658228,23.678098],[113.658257,23.678062],[113.658316,23.677996],[113.658452,23.677858],[113.658509,23.677792],[113.658545,23.677756],[113.658647,23.67766],[113.658677,23.677635],[113.658707,23.677614],[113.658742,23.677592],[113.658782,23.677573],[113.658819,23.677559],[113.658861,23.677547],[113.658917,23.677537],[113.658982,23.67753],[113.659043,23.677528],[113.659104,23.67753],[113.65916,23.677535],[113.659295,23.677552],[113.659447,23.677573],[113.65949,23.677581],[113.659533,23.677593],[113.659572,23.677606],[113.659612,23.677623],[113.659651,23.677642],[113.659711,23.677678],[113.659861,23.677778],[113.659801,23.677997],[113.659732,23.67824],[113.659723,23.678279],[113.659717,23.678322],[113.659712,23.678366],[113.659711,23.678405],[113.659712,23.678466],[113.659717,23.678515],[113.659727,23.678558],[113.659742,23.678598],[113.65976,23.678627],[113.659782,23.67865],[113.659815,23.678671],[113.659831,23.678678],[113.659843,23.67868],[113.659853,23.67868],[113.659861,23.678678],[113.659868,23.678674],[113.659873,23.678668],[113.6599,23.678613],[113.659946,23.678538],[113.660024,23.678423],[113.66008,23.678346],[113.660099,23.678324],[113.660127,23.678299],[113.660158,23.678266],[113.660279,23.678115],[113.66033,23.678055],[113.66037,23.678015],[113.660403,23.677989],[113.660444,23.677964],[113.660497,23.677935],[113.660562,23.677904],[113.660633,23.677872],[113.660739,23.67783],[113.660889,23.67778],[113.660956,23.67775],[113.660977,23.677748],[113.661,23.677751],[113.661073,23.677778],[113.661156,23.677803]]],[[[113.667361,23.675833],[113.66722,23.675779],[113.667185,23.675767],[113.667129,23.675753],[113.667072,23.675746],[113.667016,23.675746],[113.66696,23.675752],[113.666862,23.675773],[113.666824,23.675784],[113.666793,23.675795],[113.666773,23.675804],[113.666725,23.675831],[113.666679,23.675853],[113.666286,23.676027],[113.666186,23.676074],[113.66616,23.676089],[113.666138,23.676107],[113.666119,23.676128],[113.666099,23.676153],[113.66608,23.676182],[113.666049,23.676235],[113.665972,23.676389],[113.666262,23.676656],[113.666282,23.676695],[113.666342,23.676833],[113.666369,23.676887],[113.666407,23.676951],[113.666425,23.676976],[113.666444,23.676999],[113.666476,23.67703],[113.666513,23.677057],[113.666557,23.677081],[113.666611,23.677104],[113.666664,23.67712],[113.66673,23.677136],[113.666795,23.677148],[113.666855,23.677157],[113.666916,23.677162],[113.666986,23.677165],[113.667068,23.677166],[113.667146,23.677164],[113.667233,23.677159],[113.667368,23.677148],[113.667502,23.677135],[113.667567,23.677126],[113.667637,23.677113],[113.667706,23.677096],[113.66778,23.677074],[113.667838,23.677053],[113.66789,23.67703],[113.667911,23.677018],[113.667925,23.677007],[113.667937,23.676996],[113.667944,23.676985],[113.66795,23.676972],[113.667954,23.676957],[113.667958,23.676933],[113.667959,23.676907],[113.667955,23.676845],[113.667938,23.676714],[113.66793,23.676668],[113.667924,23.676647],[113.667902,23.676601],[113.667852,23.676506],[113.667793,23.676404],[113.667742,23.676323],[113.667654,23.676193],[113.667616,23.676135],[113.667588,23.676098],[113.667543,23.676043],[113.667361,23.675833]],[[113.667083,23.675833],[113.666938,23.675858],[113.66689,23.675867],[113.666825,23.675884],[113.66676,23.675905],[113.666686,23.675935],[113.666379,23.676072],[113.66632,23.6761],[113.666284,23.67612],[113.666266,23.676135],[113.666235,23.676177],[113.666171,23.676275],[113.66615,23.676314],[113.66614,23.676347],[113.666136,23.676378],[113.66614,23.676406],[113.666152,23.676432],[113.666169,23.676453],[113.666263,23.676544],[113.666342,23.676628],[113.666404,23.676706],[113.666503,23.676844],[113.666532,23.676879],[113.666556,23.676904],[113.666576,23.67692],[113.666607,23.676941],[113.666696,23.676992],[113.666753,23.677021],[113.666814,23.677044],[113.666863,23.677059],[113.666917,23.677072],[113.666973,23.677082],[113.667033,23.67709],[113.66709,23.677095],[113.667146,23.677098],[113.667203,23.677097],[113.667263,23.677094],[113.667346,23.677087],[113.667428,23.677078],[113.667511,23.677066],[113.66757,23.677055],[113.667633,23.67704],[113.667693,23.677021],[113.667759,23.676996],[113.66779,23.67698],[113.667808,23.676968],[113.667825,23.676951],[113.667836,23.676935],[113.667847,23.676915],[113.667853,23.676892],[113.667856,23.676871],[113.667855,23.676845],[113.667851,23.676816],[113.667838,23.676764],[113.667823,23.676712],[113.667805,23.67666],[113.667785,23.676608],[113.66776,23.676552],[113.667728,23.676485],[113.667691,23.676412],[113.667666,23.676367],[113.667629,23.676309],[113.667555,23.676188],[113.667515,23.676127],[113.667484,23.676086],[113.667452,23.676046],[113.667427,23.676016],[113.667404,23.675993],[113.667378,23.675972],[113.66735,23.675951],[113.667319,23.675932],[113.667286,23.675915],[113.667233,23.675891],[113.667083,23.675833]]],[[[113.665982,23.673906],[113.665897,23.674055],[113.665865,23.674109],[113.665824,23.674171],[113.66578,23.674228],[113.665736,23.674278],[113.665686,23.674324],[113.665636,23.674361],[113.665564,23.674406],[113.665533,23.674427],[113.665499,23.674454],[113.665474,23.674478],[113.665452,23.674506],[113.665426,23.674549],[113.665402,23.674593],[113.665375,23.674653],[113.665359,23.674681],[113.665331,23.674719],[113.665292,23.674757],[113.665248,23.674792],[113.664992,23.674974],[113.664946,23.67501],[113.664899,23.67505],[113.664877,23.675067],[113.664831,23.675097],[113.664773,23.67513],[113.66467,23.675183],[113.664579,23.675225],[113.664529,23.675244],[113.664418,23.675281],[113.664295,23.675335],[113.664143,23.675391],[113.6641,23.675409],[113.66404,23.675438],[113.663988,23.67547],[113.663959,23.675493],[113.663936,23.675516],[113.663912,23.675547],[113.663891,23.67558],[113.663875,23.67561],[113.663858,23.675647],[113.663816,23.675758],[113.663796,23.675806],[113.663779,23.675838],[113.663772,23.675847],[113.663766,23.675851],[113.663747,23.675861],[113.663714,23.675875],[113.663609,23.675914],[113.663561,23.675929],[113.663513,23.675939],[113.663457,23.675946],[113.663405,23.675948],[113.663353,23.675944],[113.663289,23.675933],[113.663232,23.67592],[113.663178,23.675904],[113.663134,23.675886],[113.663097,23.675865],[113.663062,23.675838],[113.663029,23.675805],[113.663,23.675768],[113.662966,23.675713],[113.66295,23.675694],[113.662936,23.675684],[113.662923,23.675679],[113.66291,23.675677],[113.662896,23.675679],[113.662884,23.675684],[113.662872,23.675691],[113.662847,23.675713],[113.662814,23.675753],[113.662769,23.675813],[113.662725,23.675877],[113.662687,23.675939],[113.662645,23.676012],[113.662613,23.676076],[113.662602,23.676091],[113.662587,23.676106],[113.662562,23.676129],[113.662526,23.676156],[113.662478,23.676188],[113.662444,23.676208],[113.662414,23.676222],[113.662378,23.676236],[113.662342,23.676246],[113.662305,23.676253],[113.662267,23.676256],[113.662229,23.676257],[113.662181,23.676253],[113.662133,23.676248],[113.662086,23.67624],[113.662038,23.676229],[113.66199,23.676216],[113.661947,23.676201],[113.661817,23.676152],[113.661711,23.676102],[113.66159,23.676053],[113.661486,23.676019],[113.661328,23.675974],[113.661252,23.675946],[113.661178,23.675913],[113.661048,23.675843],[113.660996,23.675819],[113.660908,23.675791],[113.660766,23.67575],[113.660508,23.675684],[113.660465,23.675671],[113.660429,23.675658],[113.660387,23.675639],[113.660347,23.675617],[113.660255,23.675555],[113.66018,23.675503],[113.660122,23.675456],[113.66005,23.675395],[113.660013,23.675362],[113.659982,23.675329],[113.659952,23.675291],[113.65993,23.675254],[113.659912,23.675216],[113.659898,23.675175],[113.659889,23.675141],[113.659861,23.675],[113.659934,23.674855],[113.65995,23.674816],[113.659959,23.674785],[113.659965,23.674755],[113.659968,23.674724],[113.659968,23.674694],[113.659966,23.674668],[113.659962,23.674642],[113.659955,23.674616],[113.659946,23.67459],[113.659913,23.674511],[113.659889,23.674459],[113.659876,23.674436],[113.659872,23.674432],[113.659866,23.67443],[113.659851,23.674428],[113.659832,23.67443],[113.659764,23.674447],[113.659442,23.674542],[113.659377,23.674563],[113.659303,23.674591],[113.65923,23.674623],[113.659028,23.674722],[113.658985,23.674872],[113.658969,23.674919],[113.658939,23.674984],[113.658919,23.67502],[113.658899,23.675051],[113.658875,23.675085],[113.658848,23.675118],[113.658829,23.675137],[113.658806,23.675157],[113.658782,23.675172],[113.65876,23.675182],[113.658734,23.67519],[113.658708,23.675193],[113.658688,23.675193],[113.658664,23.675191],[113.658639,23.675185],[113.658618,23.675178],[113.658576,23.67516],[113.658539,23.675142],[113.658503,23.675123],[113.658475,23.675105],[113.658454,23.675088],[113.658435,23.67507],[113.658382,23.675005],[113.658324,23.674938],[113.658261,23.674866],[113.658212,23.674815],[113.65817,23.674775],[113.658125,23.674738],[113.658091,23.674709],[113.657996,23.674617],[113.657971,23.674595],[113.657947,23.674576],[113.657924,23.674561],[113.657901,23.67455],[113.657882,23.674542],[113.657866,23.674539],[113.657848,23.674537],[113.657819,23.674538],[113.657798,23.674542],[113.657783,23.674549],[113.657779,23.674554],[113.657778,23.67456],[113.657778,23.675039],[113.657781,23.675049],[113.657787,23.675056],[113.657797,23.675062],[113.65781,23.675066],[113.657826,23.675069],[113.657846,23.675069],[113.65789,23.675066],[113.657918,23.67506],[113.657948,23.675051],[113.658039,23.675011],[113.658102,23.674989],[113.658135,23.67498],[113.658162,23.674975],[113.658183,23.674974],[113.658199,23.674976],[113.658209,23.674982],[113.658225,23.675003],[113.658351,23.675181],[113.658395,23.675242],[113.658427,23.675281],[113.658447,23.675299],[113.658474,23.675311],[113.658518,23.675325],[113.658588,23.675343],[113.658643,23.675354],[113.658681,23.675359],[113.658717,23.67536],[113.658749,23.675358],[113.658783,23.675353],[113.658824,23.675343],[113.658863,23.675327],[113.658929,23.675295],[113.658975,23.675266],[113.658995,23.675249],[113.65904,23.675198],[113.65914,23.675096],[113.659167,23.675066],[113.659192,23.675034],[113.659213,23.675001],[113.659232,23.674966],[113.659248,23.67493],[113.659268,23.674872],[113.659306,23.674722],[113.659486,23.674669],[113.659542,23.674656],[113.659599,23.674646],[113.659668,23.674637],[113.659737,23.674634],[113.659789,23.674636],[113.659833,23.674643],[113.659848,23.674648],[113.659861,23.674654],[113.659871,23.674662],[113.659879,23.674672],[113.659886,23.67469],[113.65989,23.674708],[113.659891,23.674725],[113.659888,23.674742],[113.65988,23.674764],[113.659861,23.674795],[113.659828,23.674843],[113.659778,23.674909],[113.659762,23.674934],[113.659752,23.674955],[113.659744,23.674979],[113.659739,23.675001],[113.659736,23.675027],[113.659737,23.67507],[113.659746,23.675115],[113.659771,23.675189],[113.659796,23.675252],[113.659812,23.675284],[113.659828,23.675306],[113.659852,23.675328],[113.659895,23.675364],[113.660139,23.675556],[113.660302,23.675664],[113.660345,23.675689],[113.660388,23.675711],[113.660432,23.67573],[113.660475,23.675745],[113.660532,23.675759],[113.660638,23.675779],[113.660714,23.675795],[113.660775,23.675811],[113.660809,23.675823],[113.660838,23.675837],[113.660868,23.675855],[113.660893,23.675874],[113.660932,23.67591],[113.66097,23.675936],[113.661023,23.675964],[113.661084,23.675988],[113.661174,23.676016],[113.66127,23.676042],[113.661348,23.676061],[113.661501,23.676093],[113.661545,23.676104],[113.66159,23.676127],[113.661713,23.676196],[113.661772,23.676226],[113.661857,23.676263],[113.661951,23.676295],[113.662042,23.676322],[113.662133,23.676344],[113.662203,23.676359],[113.662361,23.676389],[113.662639,23.676389],[113.66276,23.676178],[113.6628,23.676113],[113.662839,23.676054],[113.662862,23.676021],[113.662877,23.676006],[113.662896,23.675991],[113.662917,23.675981],[113.662935,23.675976],[113.662954,23.675973],[113.662975,23.675972],[113.662997,23.675973],[113.663036,23.67598],[113.663114,23.676001],[113.663175,23.676015],[113.663283,23.676034],[113.663344,23.676042],[113.663401,23.676046],[113.663457,23.676047],[113.663513,23.676046],[113.66357,23.676042],[113.663622,23.676035],[113.66366,23.676028],[113.663698,23.676018],[113.663739,23.676003],[113.663779,23.675984],[113.663818,23.675962],[113.663856,23.675936],[113.663896,23.675905],[113.66393,23.675874],[113.663958,23.675845],[113.663982,23.675816],[113.663993,23.675799],[113.664002,23.67578],[113.664032,23.675693],[113.664048,23.675656],[113.664065,23.67562],[113.664077,23.675601],[113.66409,23.675585],[113.664105,23.67557],[113.664122,23.675557],[113.664147,23.67554],[113.664178,23.675524],[113.664343,23.675453],[113.664517,23.67537],[113.664595,23.675329],[113.664682,23.675278],[113.664787,23.675226],[113.664826,23.675204],[113.664869,23.675176],[113.664916,23.67514],[113.665049,23.675021],[113.665101,23.674978],[113.665313,23.674837],[113.66546,23.674743],[113.665481,23.674726],[113.665514,23.674689],[113.665553,23.67464],[113.665694,23.674444],[113.66588,23.674227],[113.665926,23.674169],[113.665951,23.674134],[113.666047,23.673966],[113.666066,23.673924],[113.66608,23.673886],[113.666086,23.673862],[113.66609,23.673841],[113.666091,23.673821],[113.66609,23.673802],[113.666088,23.673787],[113.666083,23.673774],[113.666076,23.673764],[113.666066,23.673756],[113.666048,23.67375],[113.666028,23.673752],[113.666013,23.673759],[113.666002,23.673771],[113.665997,23.673784],[113.665993,23.673799],[113.66599,23.673874],[113.665987,23.673893],[113.665982,23.673906]]],[[[113.669461,23.67375],[113.669406,23.67375],[113.669397,23.673752],[113.669389,23.673755],[113.669383,23.673761],[113.669378,23.673769],[113.669374,23.673779],[113.66937,23.6738],[113.669369,23.673843],[113.669365,23.673875],[113.669359,23.673913],[113.669349,23.673954],[113.669333,23.674007],[113.669314,23.674063],[113.669297,23.674106],[113.669279,23.674139],[113.669273,23.674159],[113.669271,23.674186],[113.669272,23.674221],[113.669276,23.674263],[113.669284,23.674321],[113.669286,23.67435],[113.669284,23.674374],[113.66928,23.674394],[113.669274,23.674413],[113.669266,23.674431],[113.669254,23.674452],[113.669242,23.67447],[113.669224,23.674489],[113.669208,23.674505],[113.669181,23.674527],[113.669113,23.674574],[113.669067,23.674608],[113.66903,23.674638],[113.669003,23.674664],[113.668989,23.674683],[113.66898,23.674701],[113.668976,23.674724],[113.668976,23.674748],[113.668984,23.674788],[113.669019,23.67489],[113.669028,23.674923],[113.669034,23.674952],[113.66904,23.675022],[113.669049,23.67518],[113.669055,23.675258],[113.669065,23.675354],[113.669078,23.675441],[113.669088,23.675484],[113.669103,23.675532],[113.66912,23.675575],[113.669144,23.675623],[113.669177,23.675679],[113.669239,23.675771],[113.66929,23.675844],[113.669304,23.675859],[113.669357,23.675898],[113.669451,23.675962],[113.669496,23.675991],[113.669537,23.676014],[113.669577,23.676033],[113.669612,23.676045],[113.669643,23.676051],[113.66967,23.676051],[113.669687,23.676048],[113.669701,23.676044],[113.669711,23.676037],[113.669718,23.676029],[113.669722,23.676014],[113.669722,23.675962],[113.669721,23.67596],[113.669714,23.675957],[113.669702,23.675954],[113.669639,23.675952],[113.669607,23.675946],[113.669586,23.67594],[113.669564,23.675931],[113.669522,23.675908],[113.669357,23.675793],[113.669335,23.675776],[113.66931,23.675753],[113.669284,23.675723],[113.669256,23.675689],[113.669227,23.675649],[113.669204,23.675613],[113.669185,23.675574],[113.669168,23.675533],[113.669154,23.67549],[113.669144,23.675449],[113.669136,23.675401],[113.669125,23.675323],[113.669117,23.67525],[113.669112,23.675176],[113.669108,23.675098],[113.669107,23.67502],[113.669108,23.674946],[113.669111,23.674872],[113.669115,23.674834],[113.669121,23.674798],[113.669131,23.674764],[113.669142,23.674736],[113.669154,23.674714],[113.669169,23.674693],[113.669185,23.674673],[113.669206,23.674652],[113.669311,23.674562],[113.669377,23.674498],[113.669389,23.674482],[113.669397,23.674467],[113.669404,23.674451],[113.66941,23.67443],[113.669415,23.674401],[113.669416,23.674365],[113.669415,23.674333],[113.669406,23.674247],[113.669405,23.674208],[113.669407,23.674169],[113.669412,23.674125],[113.669419,23.674082],[113.669458,23.673942],[113.669467,23.673898],[113.669474,23.67386],[113.669476,23.673823],[113.669475,23.673781],[113.669469,23.673758],[113.669465,23.673752],[113.669461,23.67375]]]]}},{"type":"Feature","properties":{"ID":5,"ELEV_MIN":70.0,"ELEV_MAX":75.0},"geometry":{"type":"MultiPolygon","coordinates":[[[[113.657999,23.680458],[113.658027,23.680493],[113.658048,23.680524],[113.658066,23.680555],[113.658076,23.680583],[113.658083,23.680613],[113.658083,23.680649],[113.658079,23.680682],[113.658075,23.68069],[113.658071,23.680694],[113.658019,23.680694],[113.658009,23.68069],[113.658002,23.680683],[113.657997,23.680672],[113.657993,23.680658],[113.657989,23.680597],[113.657981,23.680561],[113.657974,23.680543],[113.657964,23.680526],[113.657952,23.680511],[113.657939,23.680499],[113.657917,23.680485],[113.657894,23.680476],[113.657867,23.680471],[113.65781,23.680467],[113.657794,23.680463],[113.657783,23.680456],[113.657779,23.680451],[113.657778,23.680445],[113.657779,23.680384],[113.657783,23.680377],[113.657791,23.680372],[113.657802,23.680368],[113.657816,23.680365],[113.657855,23.680364],[113.657884,23.68037],[113.657909,23.680381],[113.657938,23.6804],[113.657968,23.680426],[113.657999,23.680458]]],[[[113.664895,23.680538],[113.664908,23.680547],[113.664918,23.68056],[113.664925,23.680576],[113.664929,23.680598],[113.664931,23.680628],[113.664928,23.680656],[113.664923,23.680675],[113.664914,23.680688],[113.664906,23.680693],[113.664897,23.680694],[113.664782,23.680694],[113.664769,23.680692],[113.664756,23.680688],[113.664746,23.680683],[113.664737,23.680674],[113.664729,23.680662],[113.664724,23.680648],[113.664722,23.68063],[113.664723,23.680611],[113.664726,23.680596],[113.664731,23.680583],[113.664739,23.680569],[113.664749,23.680559],[113.664762,23.68055],[113.664778,23.680542],[113.664823,23.680532],[113.664845,23.68053],[113.664864,23.68053],[113.664881,23.680533],[113.664895,23.680538]]],[[[113.668194,23.680556],[113.668194,23.680691],[113.668194,23.680694],[113.668194,23.680556]]],[[[113.664633,23.680137],[113.664648,23.680184],[113.664656,23.680225],[113.664659,23.680269],[113.664656,23.680311],[113.664647,23.680355],[113.664631,23.680394],[113.664611,23.680428],[113.664587,23.680454],[113.664571,23.680467],[113.664557,23.680476],[113.664538,23.680485],[113.664517,23.680493],[113.664476,23.680502],[113.664425,23.680505],[113.664386,23.680501],[113.664368,23.680496],[113.664347,23.680489],[113.664331,23.680482],[113.664314,23.680471],[113.6643,23.68046],[113.664285,23.680445],[113.664272,23.680428],[113.66426,23.680409],[113.664248,23.680384],[113.664239,23.680359],[113.664232,23.680334],[113.664227,23.680309],[113.664225,23.680283],[113.664226,23.680262],[113.664229,23.680236],[113.664234,23.680211],[113.664242,23.680186],[113.664253,23.68016],[113.664264,23.680139],[113.664278,23.680117],[113.664293,23.6801],[113.664308,23.680084],[113.664328,23.680068],[113.664351,23.680054],[113.664375,23.680043],[113.664401,23.680033],[113.66443,23.680026],[113.664459,23.680021],[113.664488,23.68002],[113.66451,23.680022],[113.664531,23.680027],[113.664547,23.680033],[113.664566,23.680043],[113.664582,23.680056],[113.664597,23.680072],[113.664611,23.680091],[113.664623,23.680112],[113.664633,23.680137]]],[[[113.659674,23.677914],[113.659667,23.677965],[113.65966,23.678011],[113.65965,23.678054],[113.659639,23.678092],[113.659625,23.67813],[113.659605,23.678173],[113.659576,23.678231],[113.659541,23.678292],[113.659525,23.67833],[113.659508,23.678392],[113.659483,23.678531],[113.659472,23.678574],[113.659459,23.678622],[113.659429,23.678709],[113.659366,23.67886],[113.659333,23.678946],[113.659302,23.679044],[113.65928,23.679132],[113.659266,23.679213],[113.659252,23.679316],[113.659248,23.679373],[113.659248,23.679429],[113.659253,23.679486],[113.659262,23.679542],[113.659306,23.679722],[113.659481,23.679765],[113.659538,23.679772],[113.65959,23.679774],[113.659625,23.679773],[113.659659,23.679769],[113.659694,23.679763],[113.659729,23.679755],[113.659752,23.679747],[113.659769,23.679739],[113.659786,23.679728],[113.659798,23.679717],[113.65981,23.6797],[113.659817,23.679683],[113.659821,23.679665],[113.659821,23.679641],[113.659814,23.679606],[113.659791,23.679542],[113.659777,23.67949],[113.659768,23.679434],[113.659765,23.679382],[113.659767,23.679338],[113.659772,23.679295],[113.659783,23.679237],[113.659796,23.679191],[113.659804,23.679169],[113.659813,23.679149],[113.659848,23.679104],[113.659877,23.679053],[113.659991,23.678786],[113.660032,23.678696],[113.660065,23.67863],[113.660092,23.678582],[113.660143,23.678508],[113.660212,23.678398],[113.660241,23.678353],[113.660283,23.678295],[113.660329,23.678234],[113.660387,23.678165],[113.660431,23.678114],[113.660456,23.678091],[113.660479,23.678072],[113.660514,23.678049],[113.660559,23.678022],[113.660622,23.677988],[113.660684,23.677961],[113.660756,23.677936],[113.660831,23.677914],[113.660883,23.677904],[113.660931,23.677898],[113.660983,23.677897],[113.661035,23.677901],[113.661096,23.677913],[113.661175,23.677936],[113.661244,23.677961],[113.661302,23.677989],[113.661338,23.678011],[113.661361,23.678032],[113.661372,23.678046],[113.661381,23.678062],[113.661395,23.678098],[113.661403,23.678132],[113.661406,23.678167],[113.661406,23.67821],[113.661403,23.678266],[113.661398,23.678327],[113.66139,23.678383],[113.66138,23.67844],[113.661367,23.6785],[113.661344,23.678585],[113.661318,23.678663],[113.66124,23.678845],[113.661159,23.679047],[113.661151,23.679076],[113.661145,23.679103],[113.661142,23.679129],[113.661142,23.679153],[113.661149,23.679189],[113.661154,23.679204],[113.661163,23.679221],[113.661179,23.679245],[113.661222,23.67929],[113.661259,23.679326],[113.661301,23.679361],[113.661409,23.67944],[113.661477,23.679494],[113.661493,23.679504],[113.661518,23.679512],[113.661543,23.679514],[113.661573,23.679509],[113.661602,23.679499],[113.66163,23.679485],[113.661657,23.679467],[113.661682,23.679444],[113.661705,23.679417],[113.661721,23.679392],[113.661734,23.679367],[113.661757,23.679312],[113.661806,23.679167],[113.661847,23.679004],[113.661856,23.678976],[113.66187,23.678946],[113.661896,23.678901],[113.661925,23.678865],[113.661944,23.678847],[113.661962,23.678832],[113.661984,23.678816],[113.662003,23.678805],[113.662022,23.678796],[113.662041,23.67879],[113.662059,23.678786],[113.662077,23.678785],[113.662091,23.678785],[113.662108,23.678788],[113.662125,23.678794],[113.662141,23.678802],[113.662163,23.678816],[113.662238,23.678877],[113.662321,23.67894],[113.662354,23.678968],[113.662415,23.679023],[113.662544,23.679149],[113.662601,23.679199],[113.66262,23.679208],[113.662645,23.679213],[113.662675,23.679211],[113.662711,23.679204],[113.662736,23.679196],[113.662752,23.679189],[113.662767,23.67918],[113.662784,23.679167],[113.662798,23.679151],[113.662811,23.679133],[113.662822,23.679112],[113.662832,23.679089],[113.66284,23.679063],[113.662846,23.679034],[113.662917,23.678611],[113.663082,23.678405],[113.663127,23.678354],[113.663157,23.678325],[113.663167,23.678318],[113.663179,23.678313],[113.663226,23.678305],[113.66331,23.678299],[113.663405,23.678297],[113.663479,23.6783],[113.663548,23.678306],[113.66375,23.678333],[113.663928,23.678423],[113.663975,23.678452],[113.664017,23.678482],[113.664048,23.67851],[113.664072,23.678538],[113.664096,23.678579],[113.664123,23.678633],[113.664151,23.678706],[113.664177,23.678783],[113.664193,23.678848],[113.664205,23.678913],[113.66421,23.678956],[113.664212,23.679],[113.664214,23.679182],[113.664218,23.679325],[113.664223,23.679383],[113.664232,23.679438],[113.664247,23.6795],[113.664267,23.679557],[113.664277,23.679575],[113.664288,23.679591],[113.664301,23.679605],[113.664315,23.679618],[113.664331,23.679629],[113.664349,23.679639],[113.664369,23.679646],[113.66439,23.679652],[113.664438,23.679659],[113.664464,23.67966],[113.664488,23.679659],[113.664528,23.679651],[113.664545,23.679645],[113.664564,23.679636],[113.664592,23.679617],[113.664605,23.679605],[113.664618,23.679589],[113.664638,23.679557],[113.664745,23.679338],[113.664777,23.679269],[113.664802,23.679204],[113.664822,23.679138],[113.664836,23.679078],[113.664843,23.679034],[113.664861,23.678889],[113.665002,23.678838],[113.665033,23.678828],[113.665085,23.678817],[113.665137,23.678813],[113.665189,23.678816],[113.665241,23.678827],[113.665276,23.678838],[113.665417,23.678889],[113.665592,23.678967],[113.665691,23.679017],[113.665741,23.679046],[113.66579,23.679076],[113.665912,23.67916],[113.665948,23.679189],[113.666104,23.679345],[113.666125,23.679371],[113.666142,23.679394],[113.666156,23.679417],[113.666169,23.679444],[113.666181,23.679476],[113.666188,23.679505],[113.666193,23.679538],[113.666193,23.679573],[113.666189,23.679607],[113.666182,23.679643],[113.666171,23.679678],[113.666158,23.679707],[113.666136,23.679743],[113.666108,23.679777],[113.666084,23.679799],[113.665988,23.679879],[113.665934,23.679927],[113.665907,23.679956],[113.665898,23.679968],[113.665892,23.679981],[113.665889,23.679997],[113.665889,23.68001],[113.665892,23.680024],[113.665897,23.680039],[113.665905,23.680053],[113.665916,23.680068],[113.665948,23.680103],[113.66598,23.680129],[113.666017,23.680155],[113.66606,23.680181],[113.666109,23.680207],[113.666139,23.680221],[113.666174,23.680234],[113.666204,23.680243],[113.666239,23.680249],[113.666291,23.680253],[113.666343,23.680248],[113.666374,23.680242],[113.666482,23.680214],[113.66656,23.680197],[113.666669,23.680178],[113.666722,23.680174],[113.666773,23.680176],[113.666799,23.680181],[113.666821,23.680187],[113.666843,23.680197],[113.66686,23.680207],[113.666876,23.680219],[113.666889,23.680233],[113.666902,23.680254],[113.666908,23.680275],[113.66691,23.680302],[113.666907,23.680329],[113.666902,23.68035],[113.666893,23.680377],[113.666841,23.680491],[113.666827,23.680527],[113.666816,23.680562],[113.66681,23.680587],[113.666806,23.680613],[113.666806,23.680694],[113.666594,23.680694],[113.666575,23.680692],[113.666558,23.680687],[113.666549,23.680681],[113.666541,23.680672],[113.666535,23.680662],[113.66653,23.680649],[113.666528,23.680628],[113.666528,23.680556],[113.666283,23.680465],[113.6662,23.680438],[113.666048,23.680391],[113.666006,23.680375],[113.665973,23.68036],[113.665928,23.680335],[113.665889,23.680304],[113.665836,23.680254],[113.66578,23.680192],[113.665702,23.680097],[113.665676,23.680061],[113.665662,23.680036],[113.665655,23.680014],[113.665653,23.679987],[113.665655,23.679957],[113.665662,23.679923],[113.665672,23.679889],[113.665684,23.679858],[113.665697,23.67983],[113.665712,23.679805],[113.665729,23.679782],[113.665775,23.679729],[113.665816,23.679676],[113.665864,23.679607],[113.665972,23.679444],[113.665694,23.679167],[113.665545,23.679085],[113.665488,23.679057],[113.66541,23.679023],[113.665332,23.678995],[113.665276,23.678979],[113.665246,23.678974],[113.665215,23.678971],[113.665185,23.678974],[113.665155,23.678982],[113.66513,23.678994],[113.665107,23.67901],[113.665084,23.679034],[113.665071,23.679054],[113.664919,23.679296],[113.664851,23.679409],[113.664779,23.679564],[113.66464,23.679872],[113.664618,23.679909],[113.664595,23.679936],[113.664569,23.679956],[113.664543,23.679968],[113.664515,23.679975],[113.66448,23.679977],[113.664442,23.679972],[113.664397,23.67996],[113.664361,23.679944],[113.664328,23.679925],[113.664305,23.679906],[113.664284,23.679885],[113.664266,23.679861],[113.664251,23.679835],[113.664202,23.679733],[113.664155,23.679624],[113.664127,23.679551],[113.664109,23.67949],[113.664096,23.679425],[113.66409,23.679355],[113.664097,23.679069],[113.664097,23.678996],[113.664093,23.678937],[113.664085,23.678884],[113.664074,23.678837],[113.664062,23.678804],[113.664029,23.67873],[113.663995,23.678664],[113.663971,23.67863],[113.66395,23.678608],[113.663922,23.678582],[113.663856,23.678529],[113.663829,23.67851],[113.6638,23.678492],[113.663744,23.678464],[113.663685,23.678443],[113.663622,23.678428],[113.663587,23.678422],[113.663548,23.678418],[113.663513,23.678417],[113.663474,23.678417],[113.66344,23.678419],[113.663401,23.678424],[113.663331,23.678438],[113.663263,23.678459],[113.663232,23.678472],[113.663203,23.678487],[113.66318,23.678501],[113.663157,23.678518],[113.663138,23.678536],[113.663122,23.678554],[113.663101,23.678588],[113.663084,23.678624],[113.66307,23.678668],[113.66306,23.678718],[113.663051,23.678791],[113.663045,23.678878],[113.663038,23.679077],[113.663032,23.679126],[113.663022,23.679169],[113.663013,23.6792],[113.663002,23.67923],[113.662989,23.679258],[113.662973,23.679286],[113.662961,23.679305],[113.662944,23.679325],[113.662928,23.67934],[113.662908,23.679354],[113.662883,23.679367],[113.662855,23.679377],[113.662825,23.679383],[113.662793,23.679386],[113.662758,23.679385],[113.662719,23.67938],[113.662684,23.679372],[113.66265,23.679361],[113.662598,23.679338],[113.66255,23.67931],[113.662507,23.67928],[113.662361,23.679167],[113.662207,23.679075],[113.662171,23.679057],[113.662135,23.679045],[113.662107,23.679042],[113.662081,23.679045],[113.662059,23.679054],[113.662041,23.67907],[113.662024,23.679095],[113.662005,23.679133],[113.661988,23.679175],[113.661973,23.679222],[113.661962,23.679266],[113.661945,23.679349],[113.661928,23.679405],[113.661916,23.679435],[113.661903,23.679462],[113.661888,23.679487],[113.661872,23.679508],[113.66183,23.679552],[113.661775,23.679597],[113.661717,23.679639],[113.661629,23.679693],[113.661575,23.679724],[113.661548,23.679736],[113.661536,23.679739],[113.661523,23.679739],[113.661511,23.679737],[113.661499,23.679733],[113.661463,23.67971],[113.661401,23.679663],[113.661192,23.679489],[113.66116,23.679459],[113.661097,23.67939],[113.661023,23.679299],[113.660972,23.679229],[113.660959,23.679207],[113.660953,23.67919],[113.660949,23.679167],[113.66095,23.679156],[113.660954,23.679145],[113.661032,23.678991],[113.661078,23.678896],[113.661142,23.678748],[113.661174,23.678665],[113.661196,23.678596],[113.661214,23.678526],[113.66125,23.678333],[113.661203,23.678192],[113.661191,23.67816],[113.661169,23.678117],[113.661145,23.678083],[113.661129,23.678066],[113.661114,23.678054],[113.661097,23.678043],[113.66108,23.678035],[113.661063,23.67803],[113.661036,23.678024],[113.66098,23.678018],[113.660929,23.678019],[113.660878,23.678023],[113.660694,23.678056],[113.660486,23.678239],[113.660406,23.678312],[113.660375,23.678358],[113.660297,23.678487],[113.66024,23.678585],[113.660197,23.678663],[113.660099,23.678858],[113.660066,23.678934],[113.660025,23.679034],[113.660011,23.679073],[113.659998,23.679117],[113.659989,23.679156],[113.659982,23.679195],[113.659978,23.679234],[113.659976,23.679277],[113.659977,23.679316],[113.65998,23.679354],[113.659986,23.67939],[113.659996,23.679424],[113.660008,23.679456],[113.660024,23.679486],[113.660051,23.679527],[113.660129,23.679619],[113.660175,23.679678],[113.660188,23.679702],[113.660199,23.679736],[113.660207,23.679782],[113.660212,23.679838],[113.660214,23.679897],[113.660211,23.679953],[113.660205,23.680001],[113.660195,23.680045],[113.66018,23.680088],[113.660166,23.680115],[113.660152,23.680131],[113.660134,23.680142],[113.660113,23.680149],[113.660089,23.680152],[113.660061,23.680149],[113.660035,23.680144],[113.659963,23.680119],[113.659915,23.680106],[113.659872,23.680098],[113.659833,23.680094],[113.659781,23.680092],[113.659729,23.680095],[113.659679,23.680102],[113.659637,23.680114],[113.659606,23.680126],[113.659574,23.680142],[113.659549,23.68016],[113.659526,23.680181],[113.659495,23.680217],[113.659452,23.680273],[113.659367,23.680393],[113.659355,23.680406],[113.659343,23.680417],[113.659318,23.680431],[113.659306,23.680435],[113.65929,23.680437],[113.659273,23.680438],[113.659256,23.680435],[113.659222,23.680425],[113.659202,23.680416],[113.659177,23.680403],[113.659003,23.68029],[113.658983,23.68027],[113.658951,23.680227],[113.6589,23.68015],[113.658866,23.680093],[113.658837,23.680037],[113.658814,23.679985],[113.658792,23.67992],[113.658777,23.679859],[113.658772,23.67982],[113.658773,23.679776],[113.658778,23.679742],[113.658786,23.679711],[113.658797,23.679681],[113.658814,23.679646],[113.65884,23.679603],[113.658919,23.679494],[113.658971,23.679415],[113.658991,23.679378],[113.659066,23.679228],[113.659083,23.67919],[113.659101,23.679144],[113.659158,23.67897],[113.659193,23.678882],[113.65923,23.678804],[113.659322,23.678633],[113.659327,23.67861],[113.659332,23.678574],[113.65934,23.678431],[113.659346,23.678392],[113.659356,23.678353],[113.659373,23.678305],[113.659392,23.678262],[113.659413,23.678223],[113.659451,23.678162],[113.65947,23.678123],[113.659488,23.678075],[113.659498,23.678027],[113.659502,23.677997],[113.659502,23.677967],[113.6595,23.677936],[113.659494,23.677902],[113.659486,23.67787],[113.659475,23.677839],[113.659462,23.677813],[113.659448,23.677793],[113.65943,23.677774],[113.65941,23.677761],[113.65939,23.677752],[113.659354,23.677742],[113.659304,23.677732],[113.659246,23.677723],[113.659173,23.677715],[113.659121,23.677712],[113.659043,23.677714],[113.659004,23.677718],[113.658961,23.677725],[113.6589,23.677738],[113.65875,23.677778],[113.658642,23.67794],[113.658591,23.678011],[113.658565,23.678044],[113.658542,23.678069],[113.658494,23.678111],[113.65846,23.678146],[113.658388,23.678231],[113.658345,23.678285],[113.658309,23.678335],[113.658275,23.678386],[113.658223,23.678468],[113.658184,23.678521],[113.658146,23.678561],[113.657997,23.678694],[113.657968,23.678717],[113.657942,23.678735],[113.657917,23.678748],[113.657891,23.678758],[113.65787,23.678763],[113.65785,23.678765],[113.657806,23.678764],[113.657781,23.678761],[113.657778,23.678758],[113.657778,23.678611],[113.657848,23.678611],[113.657864,23.678609],[113.657893,23.678601],[113.657926,23.678585],[113.657966,23.678559],[113.658016,23.678522],[113.658062,23.678482],[113.658156,23.678397],[113.658202,23.678351],[113.658316,23.678188],[113.658393,23.678084],[113.658425,23.678043],[113.658484,23.677976],[113.658586,23.677843],[113.658634,23.677785],[113.658676,23.67774],[113.658709,23.677711],[113.658746,23.677688],[113.658791,23.677669],[113.658823,23.677658],[113.658862,23.677647],[113.658943,23.677631],[113.659021,23.677622],[113.659099,23.677621],[113.659178,23.677626],[113.659286,23.677641],[113.659386,23.67766],[113.659488,23.677685],[113.659548,23.677703],[113.659596,23.677722],[113.659633,23.677741],[113.659642,23.677748],[113.659651,23.677757],[113.659658,23.677768],[113.659665,23.677783],[113.65967,23.6778],[113.659674,23.67782],[113.659676,23.677863],[113.659674,23.677914]]],[[[113.667083,23.675833],[113.666938,23.675858],[113.66689,23.675867],[113.666825,23.675884],[113.66676,23.675905],[113.666686,23.675935],[113.666379,23.676072],[113.66632,23.6761],[113.666284,23.67612],[113.666266,23.676135],[113.666235,23.676177],[113.666171,23.676275],[113.66615,23.676314],[113.66614,23.676347],[113.666136,23.676378],[113.66614,23.676406],[113.666152,23.676432],[113.666169,23.676453],[113.666263,23.676544],[113.666342,23.676628],[113.666404,23.676706],[113.666503,23.676844],[113.666532,23.676879],[113.666556,23.676904],[113.666576,23.67692],[113.666607,23.676941],[113.666696,23.676992],[113.666753,23.677021],[113.666814,23.677044],[113.666863,23.677059],[113.666917,23.677072],[113.666973,23.677082],[113.667033,23.67709],[113.66709,23.677095],[113.667146,23.677098],[113.667203,23.677097],[113.667263,23.677094],[113.667346,23.677087],[113.667428,23.677078],[113.667511,23.677066],[113.66757,23.677055],[113.667633,23.67704],[113.667693,23.677021],[113.667759,23.676996],[113.66779,23.67698],[113.667808,23.676968],[113.667825,23.676951],[113.667836,23.676935],[113.667847,23.676915],[113.667853,23.676892],[113.667856,23.676871],[113.667855,23.676845],[113.667851,23.676816],[113.667838,23.676764],[113.667823,23.676712],[113.667805,23.67666],[113.667785,23.676608],[113.66776,23.676552],[113.667728,23.676485],[113.667691,23.676412],[113.667666,23.676367],[113.667629,23.676309],[113.667555,23.676188],[113.667515,23.676127],[113.667484,23.676086],[113.667452,23.676046],[113.667427,23.676016],[113.667404,23.675993],[113.667378,23.675972],[113.66735,23.675951],[113.667319,23.675932],[113.667286,23.675915],[113.667233,23.675891],[113.667083,23.675833]],[[113.667389,23.67608],[113.667372,23.676064],[113.667345,23.676045],[113.667306,23.676022],[113.667257,23.675996],[113.667185,23.675962],[113.667151,23.67595],[113.667116,23.67594],[113.667086,23.675934],[113.667055,23.67593],[113.667025,23.675928],[113.666994,23.675928],[113.666964,23.675931],[113.666934,23.675936],[113.666855,23.675953],[113.666786,23.675975],[113.666717,23.676002],[113.666501,23.676107],[113.666471,23.676132],[113.666421,23.676179],[113.666276,23.676325],[113.666238,23.676369],[113.666232,23.676381],[113.666232,23.676391],[113.666236,23.676399],[113.666308,23.676475],[113.666436,23.676614],[113.666484,23.67667],[113.666512,23.676705],[113.666529,23.676722],[113.666564,23.676753],[113.666613,23.676794],[113.666806,23.676944],[113.66696,23.676996],[113.66702,23.677012],[113.667099,23.677027],[113.667142,23.677031],[113.667181,23.677033],[113.667224,23.677033],[113.667289,23.67703],[113.667402,23.677018],[113.667463,23.677008],[113.667523,23.676997],[113.667597,23.676981],[113.667649,23.676967],[113.667675,23.676958],[113.667685,23.676949],[113.667691,23.676939],[113.667695,23.676926],[113.6677,23.676894],[113.6677,23.676836],[113.667695,23.676758],[113.667686,23.676692],[113.667675,23.676641],[113.667641,23.67655],[113.667609,23.676438],[113.667595,23.676404],[113.667579,23.67637],[113.667548,23.676314],[113.667512,23.676256],[113.667435,23.676142],[113.667389,23.67608]]],[[[113.665982,23.673906],[113.665897,23.674055],[113.665865,23.674109],[113.665824,23.674171],[113.66578,23.674228],[113.665736,23.674278],[113.665686,23.674324],[113.665636,23.674361],[113.665564,23.674406],[113.665533,23.674427],[113.665499,23.674454],[113.665474,23.674478],[113.665452,23.674506],[113.665426,23.674549],[113.665402,23.674593],[113.665375,23.674653],[113.665359,23.674681],[113.665331,23.674719],[113.665292,23.674757],[113.665248,23.674792],[113.664992,23.674974],[113.664946,23.67501],[113.664899,23.67505],[113.664877,23.675067],[113.664831,23.675097],[113.664773,23.67513],[113.66467,23.675183],[113.664579,23.675225],[113.664529,23.675244],[113.664418,23.675281],[113.664295,23.675335],[113.664143,23.675391],[113.6641,23.675409],[113.66404,23.675438],[113.663988,23.67547],[113.663959,23.675493],[113.663936,23.675516],[113.663912,23.675547],[113.663891,23.67558],[113.663875,23.67561],[113.663858,23.675647],[113.663816,23.675758],[113.663796,23.675806],[113.663779,23.675838],[113.663772,23.675847],[113.663766,23.675851],[113.663747,23.675861],[113.663714,23.675875],[113.663609,23.675914],[113.663561,23.675929],[113.663513,23.675939],[113.663457,23.675946],[113.663405,23.675948],[113.663353,23.675944],[113.663289,23.675933],[113.663232,23.67592],[113.663178,23.675904],[113.663134,23.675886],[113.663097,23.675865],[113.663062,23.675838],[113.663029,23.675805],[113.663,23.675768],[113.662966,23.675713],[113.66295,23.675694],[113.662936,23.675684],[113.662923,23.675679],[113.66291,23.675677],[113.662896,23.675679],[113.662884,23.675684],[113.662872,23.675691],[113.662847,23.675713],[113.662817,23.67575],[113.662771,23.67581],[113.662727,23.675874],[113.662688,23.675936],[113.662646,23.67601],[113.662613,23.676076],[113.662601,23.676092],[113.662582,23.676112],[113.662549,23.676139],[113.66251,23.676167],[113.662467,23.676195],[113.662429,23.676215],[113.66239,23.676231],[113.662354,23.676243],[113.662313,23.676251],[113.662276,23.676256],[113.662246,23.676257],[113.662211,23.676256],[113.662129,23.676247],[113.662051,23.676232],[113.661973,23.67621],[113.66189,23.676181],[113.66182,23.676153],[113.661787,23.676139],[113.66175,23.67612],[113.661711,23.676102],[113.66159,23.676053],[113.661486,23.676019],[113.661328,23.675974],[113.661252,23.675946],[113.661178,23.675913],[113.661048,23.675843],[113.660996,23.675819],[113.660921,23.675795],[113.660792,23.675757],[113.660671,23.675725],[113.660524,23.675688],[113.66045,23.675666],[113.660397,23.675643],[113.66035,23.675619],[113.660251,23.675552],[113.660174,23.675498],[113.660116,23.675452],[113.66004,23.675386],[113.660009,23.675359],[113.659982,23.675329],[113.659952,23.675291],[113.65993,23.675254],[113.659912,23.675216],[113.659898,23.675175],[113.659889,23.675141],[113.659861,23.675],[113.659934,23.674855],[113.65995,23.674816],[113.659959,23.674785],[113.659965,23.674755],[113.659968,23.674729],[113.659969,23.674698],[113.659967,23.674672],[113.659962,23.674646],[113.659956,23.67462],[113.659947,23.674594],[113.659893,23.674467],[113.659878,23.674439],[113.659874,23.674434],[113.659869,23.674431],[113.659855,23.674428],[113.659835,23.67443],[113.659773,23.674444],[113.659442,23.674542],[113.659382,23.674562],[113.659308,23.674589],[113.659234,23.674621],[113.659178,23.674647],[113.659028,23.674722],[113.658985,23.674872],[113.658967,23.674923],[113.658953,23.674956],[113.658935,23.674992],[113.658896,23.675055],[113.658872,23.675088],[113.658845,23.675121],[113.658822,23.675143],[113.658802,23.675159],[113.658778,23.675174],[113.658757,23.675183],[113.658731,23.675191],[113.658704,23.675194],[113.658684,23.675193],[113.65866,23.67519],[113.658639,23.675185],[113.658613,23.675176],[113.658568,23.675157],[113.658532,23.675139],[113.658497,23.675119],[113.658467,23.675099],[113.658448,23.675083],[113.658433,23.675068],[113.658384,23.675007],[113.658327,23.674941],[113.658263,23.674869],[113.658214,23.674817],[113.65817,23.674775],[113.658125,23.674738],[113.658089,23.674707],[113.657979,23.674602],[113.657937,23.674569],[113.657916,23.674557],[113.657896,23.674547],[113.657871,23.67454],[113.657823,23.674535],[113.65781,23.674532],[113.657799,23.674528],[113.65779,23.674521],[113.657784,23.674514],[113.65778,23.674505],[113.657778,23.674494],[113.657778,23.674385],[113.657783,23.674368],[113.657793,23.674355],[113.657804,23.674348],[113.657818,23.674343],[113.657834,23.674341],[113.657855,23.67434],[113.657874,23.674342],[113.657895,23.674347],[113.657913,23.674353],[113.657931,23.674361],[113.657958,23.674378],[113.657987,23.674402],[113.658051,23.674461],[113.658124,23.674532],[113.658225,23.674639],[113.658395,23.674832],[113.658418,23.674855],[113.658446,23.674879],[113.658473,23.674898],[113.658501,23.674915],[113.658527,23.674929],[113.658559,23.674943],[113.658605,23.674958],[113.65875,23.675],[113.658833,23.674833],[113.658879,23.674737],[113.658929,23.67462],[113.659014,23.674409],[113.659018,23.674403],[113.659024,23.674399],[113.659037,23.674394],[113.659056,23.674392],[113.659079,23.674393],[113.659107,23.674397],[113.659156,23.674407],[113.659306,23.674444],[113.659542,23.674381],[113.659638,23.67436],[113.659733,23.674341],[113.659774,23.674336],[113.659812,23.674335],[113.65985,23.67434],[113.659882,23.674349],[113.65991,23.674362],[113.659936,23.674379],[113.659963,23.674406],[113.659988,23.674437],[113.660011,23.674474],[113.66003,23.674513],[113.660048,23.67456],[113.660063,23.674607],[113.66007,23.674646],[113.660073,23.674681],[113.660073,23.674716],[113.66007,23.67475],[113.660065,23.674781],[113.660057,23.674811],[113.660046,23.674842],[113.660019,23.674911],[113.660008,23.674946],[113.660001,23.674976],[113.659994,23.675015],[113.65999,23.675054],[113.65999,23.675093],[113.659992,23.675128],[113.659998,23.675174],[113.660007,23.675216],[113.660021,23.675256],[113.660036,23.675287],[113.660051,23.67531],[113.660067,23.675328],[113.660139,23.675389],[113.660228,23.675455],[113.660389,23.675568],[113.660406,23.675577],[113.660435,23.675589],[113.660558,23.67563],[113.660895,23.675728],[113.661004,23.675763],[113.661065,23.675785],[113.661139,23.675815],[113.661191,23.675837],[113.661235,23.675859],[113.661276,23.675875],[113.661565,23.675973],[113.662022,23.67614],[113.662057,23.676148],[113.662096,23.676153],[113.66214,23.676154],[113.662195,23.676152],[113.662265,23.676145],[113.662322,23.676138],[113.662361,23.676131],[113.662381,23.676124],[113.662396,23.676107],[113.662416,23.676076],[113.662445,23.676025],[113.662479,23.675961],[113.662496,23.675919],[113.662501,23.675898],[113.662505,23.675873],[113.662506,23.675852],[113.662504,23.675832],[113.662501,23.675812],[113.662495,23.675789],[113.662482,23.675758],[113.662463,23.675727],[113.662344,23.675573],[113.662339,23.675561],[113.662339,23.675549],[113.662343,23.675536],[113.662353,23.675522],[113.662418,23.675453],[113.662549,23.675322],[113.662591,23.675284],[113.662615,23.675266],[113.662632,23.67526],[113.662652,23.67526],[113.662673,23.675265],[113.662703,23.675278],[113.662766,23.675311],[113.66284,23.675353],[113.662887,23.675386],[113.662928,23.675418],[113.662972,23.67546],[113.663018,23.675514],[113.663076,23.675592],[113.663145,23.675698],[113.663173,23.675737],[113.663207,23.675777],[113.663222,23.675792],[113.663237,23.675803],[113.663266,23.675818],[113.663302,23.675832],[113.663345,23.675844],[113.663395,23.675855],[113.663434,23.67586],[113.663468,23.675861],[113.663497,23.675858],[113.663519,23.675852],[113.663536,23.675841],[113.663553,23.675826],[113.663574,23.675802],[113.663596,23.675771],[113.66363,23.675717],[113.663729,23.675544],[113.663743,23.675524],[113.663773,23.675493],[113.663822,23.67545],[113.664028,23.675278],[113.664212,23.675249],[113.664273,23.675238],[113.664334,23.675223],[113.664403,23.675204],[113.664468,23.675184],[113.664528,23.675162],[113.664586,23.675137],[113.664675,23.675093],[113.664856,23.674988],[113.664937,23.674933],[113.665189,23.674752],[113.665204,23.674738],[113.66522,23.674719],[113.665256,23.674665],[113.665286,23.67461],[113.665374,23.674435],[113.665393,23.674402],[113.665403,23.674388],[113.665428,23.674366],[113.665466,23.674339],[113.665513,23.67431],[113.665616,23.674254],[113.665668,23.674223],[113.665705,23.674199],[113.665721,23.674182],[113.66576,23.674123],[113.665825,23.674021],[113.665851,23.673976],[113.665871,23.673939],[113.66589,23.673895],[113.665901,23.67386],[113.665906,23.673834],[113.665909,23.673792],[113.665912,23.673774],[113.665921,23.673759],[113.665931,23.673751],[113.665939,23.67375],[113.665982,23.67375],[113.665985,23.673752],[113.665987,23.673756],[113.665991,23.673788],[113.665992,23.673845],[113.665989,23.673883],[113.665982,23.673906]]],[[[113.669531,23.67375],[113.669512,23.673752],[113.669499,23.673759],[113.669489,23.673769],[113.669481,23.673784],[113.669477,23.673804],[113.669474,23.67386],[113.669465,23.673908],[113.669451,23.673968],[113.669425,23.67406],[113.669415,23.674104],[113.669407,23.67416],[113.669405,23.674217],[113.669407,23.674269],[113.669415,23.674341],[113.669416,23.674383],[113.669411,23.674424],[113.669402,23.674457],[113.669389,23.674482],[113.66937,23.674507],[113.669297,23.674575],[113.669203,23.674655],[113.66918,23.674678],[113.669162,23.674701],[113.669149,23.674723],[113.669136,23.67475],[113.669126,23.674779],[113.669119,23.674805],[113.669114,23.674838],[113.669109,23.674928],[113.669107,23.675054],[113.669112,23.675176],[113.669118,23.675258],[113.669127,23.675341],[113.669139,23.675423],[113.66915,23.675474],[113.669164,23.675521],[113.669183,23.67557],[113.669206,23.675616],[113.669232,23.675656],[113.669286,23.675726],[113.66931,23.675753],[113.669333,23.675775],[113.669357,23.675793],[113.669506,23.675897],[113.669547,23.675922],[113.669588,23.675941],[113.669625,23.67595],[113.669643,23.675952],[113.669662,23.675952],[113.669681,23.67595],[113.669697,23.675945],[113.669708,23.675937],[113.669716,23.675927],[113.669722,23.675912],[113.669722,23.675895],[113.669718,23.67588],[113.669708,23.675868],[113.669696,23.67586],[113.669677,23.675855],[113.669601,23.675851],[113.669582,23.675848],[113.669571,23.675844],[113.66941,23.675736],[113.669353,23.675695],[113.669323,23.67567],[113.669296,23.675646],[113.669275,23.675623],[113.66926,23.675603],[113.669245,23.675575],[113.669233,23.675542],[113.66922,23.675501],[113.669209,23.675452],[113.669198,23.675388],[113.669188,23.675315],[113.66918,23.675241],[113.669175,23.675171],[113.669172,23.675119],[113.669173,23.675072],[113.669179,23.67502],[113.669187,23.674972],[113.669198,23.674928],[113.669213,23.674881],[113.669242,23.674808],[113.669267,23.67475],[113.669279,23.674726],[113.669288,23.674711],[113.669434,23.674569],[113.669469,23.674529],[113.669489,23.674501],[113.669506,23.674472],[113.669517,23.674447],[113.669526,23.674418],[113.669532,23.674385],[113.669534,23.674351],[113.669531,23.674325],[113.669522,23.674273],[113.669517,23.67423],[113.669516,23.674186],[113.669518,23.674138],[113.669523,23.674104],[113.669531,23.674065],[113.669559,23.673965],[113.669572,23.673908],[113.66958,23.67386],[113.669583,23.673821],[113.66958,23.67379],[113.669576,23.673778],[113.66957,23.673768],[113.669563,23.67376],[113.669554,23.673755],[113.669543,23.673751],[113.669531,23.67375]]]]}},{"type":"Feature","properties":{"ID":6,"ELEV_MIN":75.0,"ELEV_MAX":80.0},"geometry":{"type":"MultiPolygon","coordinates":[[[[113.657928,23.680267],[113.657988,23.680335],[113.658084,23.680448],[113.658124,23.680502],[113.658153,23.680549],[113.658163,23.680571],[113.658171,23.680593],[113.658175,23.68061],[113.658176,23.680628],[113.658174,23.680649],[113.658169,23.680668],[113.658162,23.680681],[113.65815,23.68069],[113.658136,23.680694],[113.658118,23.680693],[113.658105,23.680687],[113.658095,23.680678],[113.65809,23.680667],[113.658086,23.680653],[113.658082,23.680611],[113.658079,23.680592],[113.658072,23.68057],[113.658062,23.680548],[113.658045,23.680518],[113.658023,23.680487],[113.657996,23.680455],[113.657968,23.680426],[113.657933,23.680396],[113.6579,23.680376],[113.657884,23.68037],[113.657868,23.680365],[113.657826,23.680362],[113.657807,23.680358],[113.657792,23.68035],[113.657781,23.680338],[113.657778,23.680322],[113.657778,23.680267],[113.657782,23.680263],[113.657794,23.680259],[113.657811,23.680257],[113.657868,23.680257],[113.657908,23.68026],[113.657921,23.680263],[113.657928,23.680267]]],[[[113.659497,23.677914],[113.659501,23.677954],[113.659502,23.677997],[113.659496,23.67804],[113.659485,23.678084],[113.659474,23.678114],[113.659458,23.678149],[113.659408,23.678231],[113.659384,23.678279],[113.659364,23.678327],[113.65935,23.678375],[113.659343,23.678409],[113.659338,23.678444],[113.659334,23.678536],[113.65933,23.678587],[113.659326,23.678615],[113.659321,23.678636],[113.65923,23.678804],[113.659193,23.678882],[113.659158,23.67897],[113.659101,23.679144],[113.659083,23.67919],[113.659066,23.679228],[113.658991,23.679378],[113.658971,23.679415],[113.658919,23.679494],[113.65884,23.679603],[113.658814,23.679646],[113.658799,23.679677],[113.658788,23.679707],[113.658779,23.679737],[113.658774,23.679772],[113.658772,23.679816],[113.658777,23.679859],[113.658792,23.67992],[113.658813,23.67998],[113.658837,23.680037],[113.658866,23.680093],[113.658895,23.680141],[113.658947,23.680221],[113.65898,23.680266],[113.659003,23.68029],[113.659177,23.680403],[113.659202,23.680416],[113.659222,23.680425],[113.659256,23.680435],[113.659273,23.680438],[113.65929,23.680437],[113.659306,23.680435],[113.659318,23.680431],[113.659343,23.680417],[113.659355,23.680406],[113.659367,23.680393],[113.659452,23.680273],[113.659495,23.680217],[113.659526,23.680181],[113.659549,23.68016],[113.659574,23.680142],[113.659606,23.680126],[113.659637,23.680114],[113.659679,23.680102],[113.659729,23.680095],[113.659781,23.680092],[113.659833,23.680094],[113.659872,23.680098],[113.659915,23.680106],[113.659963,23.680119],[113.660035,23.680144],[113.660061,23.680149],[113.660089,23.680152],[113.660113,23.680149],[113.660134,23.680142],[113.660152,23.680131],[113.660166,23.680115],[113.66018,23.680088],[113.660195,23.680045],[113.660205,23.680001],[113.660211,23.679953],[113.660214,23.679897],[113.660212,23.679838],[113.660207,23.679782],[113.660199,23.679736],[113.660188,23.679702],[113.660175,23.679678],[113.660129,23.679619],[113.660051,23.679527],[113.660024,23.679486],[113.660008,23.679456],[113.659996,23.679424],[113.659986,23.67939],[113.65998,23.679354],[113.659977,23.679316],[113.659976,23.679277],[113.659978,23.679234],[113.659982,23.679195],[113.659989,23.679156],[113.659998,23.679117],[113.660011,23.679073],[113.660025,23.679034],[113.660066,23.678934],[113.660099,23.678858],[113.660197,23.678663],[113.66024,23.678585],[113.660297,23.678487],[113.660375,23.678358],[113.660406,23.678312],[113.660486,23.678239],[113.660694,23.678056],[113.660878,23.678023],[113.660929,23.678019],[113.66098,23.678018],[113.661036,23.678024],[113.661063,23.67803],[113.66108,23.678035],[113.661097,23.678043],[113.661114,23.678054],[113.661129,23.678066],[113.661145,23.678083],[113.661169,23.678117],[113.661191,23.67816],[113.661203,23.678192],[113.66125,23.678333],[113.661214,23.678526],[113.661196,23.678596],[113.661174,23.678665],[113.661142,23.678748],[113.661078,23.678896],[113.66103,23.678995],[113.660954,23.679145],[113.66095,23.679156],[113.660949,23.679166],[113.660952,23.679189],[113.660959,23.679205],[113.660971,23.679227],[113.661021,23.679297],[113.661097,23.67939],[113.661158,23.679457],[113.661192,23.679489],[113.661398,23.67966],[113.661461,23.679709],[113.661498,23.679733],[113.66151,23.679737],[113.661522,23.679739],[113.661534,23.679739],[113.661546,23.679737],[113.661571,23.679726],[113.661622,23.679697],[113.661713,23.679641],[113.661772,23.6796],[113.661827,23.679554],[113.66187,23.679511],[113.661887,23.679489],[113.661901,23.679465],[113.661915,23.679438],[113.661928,23.679405],[113.661945,23.679349],[113.661962,23.679266],[113.661973,23.679222],[113.661988,23.679175],[113.662005,23.679133],[113.662024,23.679095],[113.662041,23.67907],[113.662059,23.679054],[113.662081,23.679045],[113.662107,23.679042],[113.662135,23.679045],[113.662171,23.679057],[113.662207,23.679075],[113.662361,23.679167],[113.662507,23.67928],[113.662546,23.679307],[113.662593,23.679335],[113.662645,23.679359],[113.66268,23.679371],[113.662715,23.679379],[113.662754,23.679385],[113.662789,23.679386],[113.662821,23.679384],[113.662852,23.679378],[113.66288,23.679369],[113.662905,23.679356],[113.662925,23.679342],[113.662941,23.679327],[113.662958,23.679308],[113.662971,23.67929],[113.662987,23.679262],[113.663,23.679233],[113.663012,23.679204],[113.663022,23.679169],[113.663032,23.679126],[113.663038,23.679077],[113.663042,23.678943],[113.663045,23.678874],[113.663052,23.678783],[113.66306,23.678714],[113.663071,23.678665],[113.663086,23.67862],[113.663104,23.678582],[113.663124,23.678552],[113.66314,23.678534],[113.66316,23.678516],[113.663183,23.678499],[113.663206,23.678485],[113.663235,23.678471],[113.663263,23.678459],[113.663298,23.678447],[113.663336,23.678437],[113.663409,23.678423],[113.663479,23.678417],[113.663513,23.678417],[113.663553,23.678419],[113.663592,23.678423],[113.663626,23.678429],[113.663689,23.678444],[113.663721,23.678455],[113.663752,23.678468],[113.663807,23.678496],[113.663836,23.678514],[113.663863,23.678534],[113.663929,23.678588],[113.663954,23.678612],[113.663974,23.678634],[113.663996,23.678666],[113.664032,23.678737],[113.664063,23.678807],[113.664074,23.678837],[113.664085,23.678884],[113.664093,23.678937],[113.664097,23.678996],[113.664097,23.679073],[113.66409,23.679351],[113.664095,23.679421],[113.664108,23.679486],[113.664124,23.679542],[113.664145,23.679598],[113.664194,23.679713],[113.66424,23.679814],[113.664258,23.679849],[113.664275,23.679874],[113.664294,23.679896],[113.664319,23.679918],[113.664354,23.679941],[113.66439,23.679957],[113.664429,23.679969],[113.664472,23.679976],[113.664503,23.679976],[113.664536,23.67997],[113.664566,23.679957],[113.664589,23.679941],[113.664603,23.679927],[113.664616,23.679912],[113.664627,23.679895],[113.66464,23.679872],[113.664782,23.679556],[113.664852,23.679408],[113.664925,23.679286],[113.665071,23.679054],[113.665087,23.679032],[113.66511,23.679008],[113.665139,23.678989],[113.665168,23.678977],[113.6652,23.678972],[113.66523,23.678972],[113.665267,23.678977],[113.665319,23.678991],[113.665371,23.679008],[113.665436,23.679033],[113.665501,23.679063],[113.665549,23.679087],[113.665694,23.679167],[113.665972,23.679444],[113.66583,23.679656],[113.665775,23.679729],[113.665721,23.679792],[113.665706,23.679815],[113.665692,23.679841],[113.665677,23.679876],[113.665665,23.679915],[113.665657,23.679947],[113.665653,23.679978],[113.665654,23.680004],[113.665658,23.680026],[113.665665,23.680043],[113.665679,23.680066],[113.665707,23.680103],[113.665743,23.680148],[113.665787,23.680201],[113.665827,23.680245],[113.665862,23.68028],[113.665893,23.680308],[113.665919,23.680329],[113.665944,23.680345],[113.665987,23.680367],[113.666041,23.680388],[113.666283,23.680465],[113.666528,23.680556],[113.666528,23.680694],[113.666083,23.680693],[113.666078,23.68069],[113.666074,23.680685],[113.666068,23.680668],[113.666066,23.680648],[113.666064,23.680608],[113.66606,23.680584],[113.666052,23.680567],[113.66604,23.680553],[113.666026,23.680543],[113.665984,23.680526],[113.665926,23.680498],[113.665795,23.680425],[113.665757,23.680401],[113.665726,23.680379],[113.665702,23.680359],[113.665686,23.68034],[113.665679,23.680329],[113.665664,23.680294],[113.665642,23.68025],[113.665569,23.680119],[113.665547,23.680072],[113.665534,23.680033],[113.665526,23.679993],[113.665521,23.679954],[113.665521,23.679915],[113.665526,23.679872],[113.665539,23.679812],[113.665555,23.679759],[113.665576,23.679704],[113.665598,23.679659],[113.665622,23.679616],[113.665684,23.67952],[113.665724,23.679463],[113.665729,23.679451],[113.665728,23.679439],[113.665725,23.679431],[113.665718,23.679422],[113.66555,23.679253],[113.665477,23.679184],[113.665452,23.679163],[113.665439,23.679153],[113.665425,23.679149],[113.665406,23.679148],[113.665365,23.679151],[113.665307,23.679162],[113.665244,23.679179],[113.665194,23.679195],[113.665168,23.679211],[113.66514,23.679233],[113.665115,23.679259],[113.665087,23.679293],[113.665063,23.679327],[113.665032,23.679375],[113.664979,23.679468],[113.664936,23.679555],[113.664861,23.679722],[113.664773,23.679885],[113.664759,23.67992],[113.664748,23.679959],[113.664742,23.679993],[113.66474,23.680028],[113.664741,23.680054],[113.664745,23.680085],[113.664751,23.680111],[113.664759,23.680137],[113.664787,23.68021],[113.664812,23.680268],[113.66483,23.680304],[113.664846,23.680324],[113.664883,23.680354],[113.664946,23.680396],[113.66502,23.680439],[113.665085,23.680472],[113.665128,23.680491],[113.665176,23.680508],[113.665232,23.680523],[113.665327,23.680543],[113.665358,23.680554],[113.665381,23.680566],[113.665395,23.680577],[113.665405,23.680589],[113.665412,23.680602],[113.665416,23.680613],[113.665417,23.68063],[113.665414,23.680649],[113.665408,23.680665],[113.6654,23.680677],[113.66539,23.680684],[113.66538,23.680689],[113.665368,23.680693],[113.665353,23.680694],[113.664958,23.680693],[113.66495,23.68069],[113.664944,23.680685],[113.664936,23.680668],[113.664931,23.680646],[113.66493,23.680609],[113.664928,23.680589],[113.664923,23.680571],[113.664915,23.680556],[113.664904,23.680544],[113.664891,23.680536],[113.664871,23.680531],[113.66485,23.68053],[113.664816,23.680533],[113.664778,23.680542],[113.664756,23.680554],[113.664739,23.680569],[113.664729,23.680588],[113.664723,23.680609],[113.664722,23.680694],[113.66388,23.680694],[113.663877,23.680687],[113.663875,23.680671],[113.663874,23.680615],[113.663879,23.680586],[113.663892,23.680552],[113.663906,23.680528],[113.663925,23.680499],[113.664009,23.680401],[113.664052,23.680343],[113.664076,23.6803],[113.664103,23.680236],[113.664138,23.680137],[113.664149,23.680093],[113.664153,23.680067],[113.664156,23.680037],[113.664155,23.680007],[113.664153,23.67998],[113.664144,23.679933],[113.664129,23.679885],[113.664058,23.679725],[113.663978,23.67954],[113.663965,23.679503],[113.663957,23.679467],[113.663951,23.679419],[113.66395,23.679363],[113.663953,23.679329],[113.663965,23.679243],[113.663972,23.679169],[113.663977,23.679091],[113.663979,23.679017],[113.663977,23.678978],[113.663972,23.678939],[113.663963,23.6789],[113.66395,23.678861],[113.663929,23.678809],[113.663898,23.678752],[113.663834,23.678652],[113.663808,23.678617],[113.663789,23.678595],[113.663771,23.678582],[113.663741,23.67857],[113.663695,23.678558],[113.663634,23.678546],[113.663575,23.678537],[113.663517,23.678534],[113.663466,23.678537],[113.663413,23.678547],[113.663363,23.678564],[113.663327,23.678582],[113.663309,23.678595],[113.663293,23.678609],[113.663279,23.678624],[113.663266,23.678642],[113.663245,23.678677],[113.66323,23.678719],[113.663223,23.678748],[113.663194,23.678889],[113.663194,23.679039],[113.663191,23.679086],[113.663187,23.679121],[113.66318,23.679156],[113.663171,23.679191],[113.663158,23.67923],[113.663136,23.679282],[113.663104,23.679346],[113.663065,23.679416],[113.663026,23.67948],[113.662994,23.679527],[113.662971,23.679555],[113.662946,23.679578],[113.662917,23.679596],[113.662891,23.679607],[113.662867,23.679614],[113.662837,23.679619],[113.662805,23.679621],[113.662771,23.67962],[113.662734,23.679615],[113.662701,23.679608],[113.66267,23.679597],[113.662634,23.679579],[113.662606,23.679558],[113.662588,23.679539],[113.662551,23.679491],[113.662516,23.679451],[113.662475,23.679412],[113.662434,23.679378],[113.66241,23.679365],[113.662384,23.679356],[113.662355,23.679352],[113.662323,23.679353],[113.662286,23.67936],[113.662246,23.679373],[113.662083,23.679444],[113.661914,23.679646],[113.661868,23.679698],[113.661839,23.679727],[113.661829,23.679734],[113.661809,23.679743],[113.66166,23.679806],[113.661617,23.67982],[113.661573,23.67983],[113.661526,23.679833],[113.661482,23.679831],[113.661447,23.679825],[113.661408,23.679814],[113.661282,23.679763],[113.66125,23.679748],[113.661234,23.679738],[113.661024,23.679553],[113.660972,23.67951],[113.660921,23.679472],[113.660911,23.679462],[113.660889,23.679434],[113.660867,23.679393],[113.660844,23.679337],[113.660826,23.679282],[113.660818,23.679234],[113.660816,23.679191],[113.66082,23.679147],[113.660832,23.679099],[113.660843,23.679069],[113.660857,23.679039],[113.660969,23.678836],[113.661004,23.678762],[113.661035,23.678692],[113.661055,23.678637],[113.661069,23.678578],[113.66108,23.678517],[113.661085,23.678457],[113.661086,23.678428],[113.661085,23.678397],[113.661082,23.678371],[113.661076,23.678343],[113.661068,23.678317],[113.66106,23.678296],[113.661049,23.678276],[113.661035,23.678255],[113.661023,23.678241],[113.661007,23.678227],[113.660992,23.678216],[113.660973,23.678206],[113.660951,23.678198],[113.660928,23.678193],[113.660904,23.67819],[113.660881,23.678189],[113.660827,23.678193],[113.660763,23.678205],[113.66071,23.678222],[113.660665,23.678243],[113.660633,23.678265],[113.660591,23.678303],[113.660548,23.67835],[113.660502,23.678405],[113.660448,23.678478],[113.660406,23.678538],[113.660383,23.678575],[113.660357,23.678624],[113.660276,23.678795],[113.660172,23.679022],[113.660124,23.679134],[113.660121,23.679147],[113.660118,23.679164],[113.66012,23.679205],[113.660129,23.679257],[113.660153,23.679354],[113.660161,23.679383],[113.66017,23.679405],[113.660189,23.679444],[113.660217,23.679491],[113.660249,23.67954],[113.6603,23.679612],[113.660327,23.679655],[113.660354,23.679707],[113.660375,23.679759],[113.660388,23.679803],[113.660396,23.679842],[113.660417,23.68],[113.660459,23.680154],[113.66047,23.680188],[113.660483,23.680222],[113.660514,23.680284],[113.660554,23.680348],[113.660586,23.680392],[113.660695,23.680526],[113.660708,23.680546],[113.660714,23.680575],[113.660716,23.680622],[113.660714,23.680669],[113.660712,23.680683],[113.660709,23.680692],[113.660705,23.680694],[113.660207,23.680694],[113.660187,23.680693],[113.66017,23.680687],[113.66016,23.680681],[113.660152,23.680672],[113.660145,23.680661],[113.660142,23.680649],[113.660139,23.680628],[113.660139,23.680556],[113.659861,23.680278],[113.659729,23.680444],[113.659698,23.680487],[113.659675,23.680523],[113.659658,23.680556],[113.659646,23.680585],[113.65964,23.680613],[113.659638,23.680648],[113.659635,23.680667],[113.659629,23.680683],[113.659621,23.680692],[113.659612,23.680694],[113.659235,23.680694],[113.659217,23.680693],[113.659202,23.680689],[113.659186,23.680679],[113.659174,23.680664],[113.659168,23.680642],[113.659164,23.680598],[113.659156,23.680574],[113.659149,23.680558],[113.659137,23.680541],[113.659111,23.680511],[113.65906,23.680471],[113.658985,23.680421],[113.658912,23.680375],[113.65875,23.680278],[113.658667,23.680067],[113.65861,23.679907],[113.658593,23.679855],[113.658587,23.679829],[113.658583,23.679799],[113.658582,23.679766],[113.658585,23.679738],[113.658592,23.67971],[113.658602,23.679683],[113.658617,23.679653],[113.658643,23.679616],[113.65875,23.679489],[113.65878,23.67945],[113.658836,23.679359],[113.65889,23.679269],[113.658922,23.679208],[113.658951,23.679143],[113.658967,23.679099],[113.658982,23.679056],[113.659028,23.678889],[113.659107,23.67873],[113.659122,23.678691],[113.659136,23.678648],[113.659145,23.6786],[113.659149,23.678548],[113.659148,23.678505],[113.65914,23.67844],[113.659139,23.678404],[113.659144,23.678365],[113.659155,23.678329],[113.659169,23.678298],[113.659188,23.678269],[113.659206,23.678248],[113.659266,23.678186],[113.659309,23.678138],[113.659337,23.678101],[113.659348,23.678078],[113.659352,23.678052],[113.659349,23.678024],[113.659338,23.677989],[113.659323,23.677964],[113.65931,23.677948],[113.659292,23.677933],[113.659269,23.677918],[113.659245,23.677905],[113.659213,23.677891],[113.659177,23.677878],[113.659147,23.67787],[113.659117,23.677864],[113.659091,23.677862],[113.659065,23.677862],[113.659039,23.677864],[113.659013,23.677869],[113.658987,23.677875],[113.658961,23.677885],[113.658913,23.677907],[113.658829,23.67796],[113.658761,23.678008],[113.658743,23.678023],[113.658723,23.678045],[113.658695,23.67807],[113.658525,23.678203],[113.658485,23.678237],[113.658453,23.678267],[113.658426,23.678299],[113.65839,23.678352],[113.65835,23.678418],[113.658254,23.678579],[113.658214,23.678641],[113.658192,23.678665],[113.658156,23.6787],[113.657976,23.678866],[113.657947,23.678894],[113.657926,23.678919],[113.657916,23.678925],[113.657901,23.67893],[113.657883,23.678933],[113.657861,23.678935],[113.657813,23.678933],[113.657796,23.67893],[113.657785,23.678924],[113.65778,23.67892],[113.657778,23.678913],[113.657778,23.678817],[113.657781,23.678802],[113.657786,23.678791],[113.657795,23.678781],[113.657806,23.678774],[113.657825,23.678767],[113.657866,23.678764],[113.657893,23.678758],[113.657927,23.678743],[113.657962,23.678721],[113.658002,23.678689],[113.658145,23.678563],[113.658166,23.678541],[113.658188,23.678516],[113.658211,23.678485],[113.658305,23.678341],[113.658345,23.678285],[113.65839,23.678228],[113.658462,23.678143],[113.658494,23.678111],[113.658542,23.678069],[113.658563,23.678046],[113.658589,23.678014],[113.658639,23.677944],[113.65875,23.677778],[113.658926,23.677732],[113.658982,23.677721],[113.659039,23.677715],[113.659099,23.677712],[113.659156,23.677714],[113.659235,23.677721],[113.659307,23.677732],[113.659354,23.677742],[113.659395,23.677754],[113.659417,23.677765],[113.659436,23.67778],[113.659457,23.677805],[113.659474,23.677836],[113.659487,23.677874],[113.659497,23.677914]],[[113.664633,23.680137],[113.664648,23.680184],[113.664656,23.680225],[113.664659,23.680269],[113.664656,23.680311],[113.664647,23.680355],[113.664631,23.680394],[113.664611,23.680428],[113.664587,23.680454],[113.664571,23.680467],[113.664557,23.680476],[113.664538,23.680485],[113.664517,23.680493],[113.664476,23.680502],[113.664425,23.680505],[113.664386,23.680501],[113.664368,23.680496],[113.664347,23.680489],[113.664331,23.680482],[113.664314,23.680471],[113.6643,23.68046],[113.664285,23.680445],[113.664272,23.680428],[113.66426,23.680409],[113.664248,23.680384],[113.664239,23.680359],[113.664232,23.680334],[113.664227,23.680309],[113.664225,23.680283],[113.664226,23.680262],[113.664229,23.680236],[113.664234,23.680211],[113.664242,23.680186],[113.664253,23.68016],[113.664264,23.680139],[113.664278,23.680117],[113.664293,23.6801],[113.664308,23.680084],[113.664328,23.680068],[113.664351,23.680054],[113.664375,23.680043],[113.664401,23.680033],[113.66443,23.680026],[113.664459,23.680021],[113.664488,23.68002],[113.66451,23.680022],[113.664531,23.680027],[113.664547,23.680033],[113.664566,23.680043],[113.664582,23.680056],[113.664597,23.680072],[113.664611,23.680091],[113.664623,23.680112],[113.664633,23.680137]]],[[[113.667389,23.67608],[113.667372,23.676064],[113.667345,23.676045],[113.667306,23.676022],[113.667257,23.675996],[113.667185,23.675962],[113.667151,23.67595],[113.667116,23.67594],[113.667086,23.675934],[113.667055,23.67593],[113.667025,23.675928],[113.666994,23.675928],[113.666964,23.675931],[113.666934,23.675936],[113.666855,23.675953],[113.666786,23.675975],[113.666717,23.676002],[113.666501,23.676107],[113.666471,23.676132],[113.666421,23.676179],[113.666276,23.676325],[113.666238,23.676369],[113.666232,23.676381],[113.666232,23.676391],[113.666236,23.676399],[113.666308,23.676475],[113.666436,23.676614],[113.666484,23.67667],[113.666512,23.676705],[113.666529,23.676722],[113.666564,23.676753],[113.666613,23.676794],[113.666806,23.676944],[113.66696,23.676996],[113.66702,23.677012],[113.667099,23.677027],[113.667142,23.677031],[113.667181,23.677033],[113.667224,23.677033],[113.667289,23.67703],[113.667402,23.677018],[113.667463,23.677008],[113.667523,23.676997],[113.667597,23.676981],[113.667649,23.676967],[113.667675,23.676958],[113.667685,23.676949],[113.667691,23.676939],[113.667695,23.676926],[113.6677,23.676894],[113.6677,23.676836],[113.667695,23.676758],[113.667686,23.676692],[113.667675,23.676641],[113.667641,23.67655],[113.667609,23.676438],[113.667595,23.676404],[113.667579,23.67637],[113.667548,23.676314],[113.667512,23.676256],[113.667435,23.676142],[113.667389,23.67608]],[[113.667196,23.67605],[113.66715,23.676029],[113.667101,23.676014],[113.667055,23.676006],[113.667002,23.676005],[113.666947,23.67601],[113.666862,23.676027],[113.666797,23.676045],[113.666742,23.676066],[113.666658,23.67611],[113.666618,23.676135],[113.666583,23.676159],[113.666553,23.676181],[113.666518,23.676211],[113.666442,23.676282],[113.666412,23.676315],[113.6664,23.676334],[113.666392,23.676349],[113.666386,23.676368],[113.666384,23.676383],[113.666384,23.676402],[113.666387,23.676418],[113.666392,23.676434],[113.6664,23.676449],[113.666422,23.676482],[113.666563,23.676638],[113.66659,23.676666],[113.666675,23.676743],[113.666745,23.676803],[113.666808,23.676848],[113.666869,23.676884],[113.666915,23.676906],[113.667012,23.676946],[113.667047,23.676959],[113.667075,23.676964],[113.667154,23.676969],[113.667266,23.676969],[113.667356,23.676965],[113.667418,23.676956],[113.667433,23.67695],[113.667451,23.676937],[113.667467,23.676921],[113.667485,23.676896],[113.667503,23.676865],[113.667521,23.676828],[113.667537,23.67679],[113.667549,23.676756],[113.667559,23.676721],[113.667565,23.676691],[113.667569,23.67666],[113.667571,23.67663],[113.66757,23.676599],[113.667568,23.676569],[113.667564,23.676539],[113.667556,23.676504],[113.667546,23.676466],[113.667531,23.676424],[113.667516,23.676387],[113.667496,23.676348],[113.667478,23.676316],[113.667456,23.676282],[113.667386,23.676186],[113.667356,23.67615],[113.667335,23.676131],[113.667288,23.676102],[113.667196,23.67605]]],[[[113.665907,23.673821],[113.665906,23.673799],[113.665903,23.673781],[113.665897,23.673767],[113.66589,23.673757],[113.665882,23.673752],[113.665874,23.67375],[113.665829,23.67375],[113.665826,23.673769],[113.665824,23.673838],[113.66582,23.673862],[113.665812,23.673888],[113.665799,23.67392],[113.665779,23.673958],[113.665755,23.673998],[113.665731,23.67403],[113.665712,23.674053],[113.665691,23.674074],[113.66567,23.674092],[113.665648,23.674108],[113.665618,23.674126],[113.665468,23.674197],[113.665447,23.674211],[113.665423,23.674234],[113.665392,23.674271],[113.66536,23.674318],[113.66513,23.67471],[113.665116,23.674724],[113.665086,23.674749],[113.664982,23.674831],[113.664885,23.674901],[113.664845,23.674926],[113.664806,23.674948],[113.664702,23.674998],[113.664625,23.675041],[113.664592,23.675057],[113.664525,23.675085],[113.664442,23.675117],[113.664368,23.675141],[113.664295,23.675161],[113.664225,23.675175],[113.664095,23.675194],[113.664,23.675212],[113.663913,23.675233],[113.66375,23.675278],[113.663628,23.67548],[113.663552,23.675599],[113.663518,23.675647],[113.663504,23.67566],[113.663489,23.675669],[113.663477,23.675672],[113.663462,23.675675],[113.663435,23.675672],[113.663402,23.67566],[113.66337,23.675641],[113.663222,23.675535],[113.663208,23.675524],[113.663156,23.675471],[113.663033,23.675334],[113.662998,23.675299],[113.662971,23.675276],[113.662953,23.675265],[113.66275,23.675177],[113.662706,23.675165],[113.662667,23.675161],[113.662624,23.675162],[113.66258,23.67517],[113.66255,23.675179],[113.662515,23.675194],[113.662361,23.675278],[113.662267,23.675419],[113.662247,23.675453],[113.662235,23.675483],[113.662227,23.675508],[113.662223,23.675532],[113.662222,23.675557],[113.662224,23.675577],[113.662229,23.6756],[113.662236,23.67562],[113.662245,23.675639],[113.662264,23.675669],[113.662379,23.675817],[113.662383,23.675825],[113.662384,23.675833],[113.662384,23.675843],[113.66238,23.675853],[113.662375,23.675863],[113.662367,23.675873],[113.662334,23.675899],[113.662275,23.675938],[113.662203,23.67598],[113.662168,23.675996],[113.662129,23.67601],[113.66209,23.67602],[113.662051,23.676024],[113.662003,23.676024],[113.661955,23.676017],[113.661851,23.67599],[113.661743,23.675959],[113.661555,23.675897],[113.66129,23.675807],[113.66107,23.675726],[113.660987,23.675697],[113.660892,23.675667],[113.660672,23.675605],[113.660604,23.675583],[113.660546,23.675563],[113.660504,23.675546],[113.66047,23.67553],[113.660408,23.675494],[113.66028,23.675408],[113.660175,23.675335],[113.660124,23.675297],[113.660116,23.675288],[113.66011,23.675271],[113.660105,23.675246],[113.660101,23.675209],[113.660096,23.675099],[113.660097,23.675052],[113.6601,23.675013],[113.660106,23.674976],[113.660115,23.674945],[113.660145,23.674881],[113.66019,23.674796],[113.660202,23.674762],[113.660207,23.674734],[113.660208,23.6747],[113.660205,23.674667],[113.660198,23.674627],[113.660187,23.67459],[113.660139,23.674444],[113.659998,23.674325],[113.659967,23.674301],[113.65992,23.67427],[113.659872,23.674247],[113.659842,23.674236],[113.659811,23.674229],[113.659781,23.674225],[113.65975,23.674224],[113.659724,23.674226],[113.659425,23.674258],[113.659373,23.674259],[113.659325,23.674255],[113.659278,23.674244],[113.65924,23.674229],[113.659081,23.67413],[113.659064,23.674122],[113.659052,23.674117],[113.65904,23.674115],[113.65903,23.674115],[113.65902,23.674118],[113.659007,23.674126],[113.658994,23.674145],[113.658975,23.674181],[113.65895,23.674234],[113.658866,23.674434],[113.65875,23.674722],[113.658472,23.674722],[113.658284,23.674507],[113.658213,23.67443],[113.658049,23.674284],[113.658004,23.674247],[113.657946,23.674205],[113.65792,23.674189],[113.657896,23.674178],[113.657864,23.674168],[113.657851,23.674167],[113.657836,23.674167],[113.657821,23.67417],[113.65781,23.674174],[113.657799,23.67418],[113.657792,23.674188],[113.657782,23.674205],[113.657778,23.674225],[113.657778,23.674323],[113.657779,23.674327],[113.657783,23.674331],[113.657798,23.674337],[113.657819,23.674339],[113.65787,23.674342],[113.657903,23.674349],[113.657937,23.674364],[113.657972,23.674388],[113.658053,23.674463],[113.65815,23.674559],[113.65823,23.674645],[113.658395,23.674832],[113.658427,23.674863],[113.658463,23.674891],[113.658512,23.674921],[113.658567,23.674946],[113.658605,23.674958],[113.65875,23.675],[113.658833,23.674833],[113.658879,23.674737],[113.658929,23.67462],[113.659014,23.674409],[113.659018,23.674403],[113.659024,23.674399],[113.659037,23.674394],[113.659056,23.674392],[113.659079,23.674393],[113.659107,23.674397],[113.659156,23.674407],[113.659306,23.674444],[113.659546,23.67438],[113.659646,23.674358],[113.659737,23.67434],[113.659782,23.674335],[113.659823,23.674336],[113.659857,23.674341],[113.659891,23.674352],[113.659918,23.674367],[113.659943,23.674385],[113.65997,23.674413],[113.659992,23.674443],[113.660015,23.674481],[113.660033,23.67452],[113.660051,23.674568],[113.660064,23.674612],[113.66007,23.674646],[113.660073,23.674681],[113.660073,23.674716],[113.66007,23.67475],[113.660065,23.674781],[113.660057,23.674811],[113.660046,23.674842],[113.660019,23.674911],[113.660008,23.674946],[113.660001,23.674976],[113.659994,23.675015],[113.65999,23.675054],[113.65999,23.675093],[113.659992,23.675128],[113.659998,23.675174],[113.660007,23.675216],[113.66002,23.675253],[113.660035,23.675285],[113.660051,23.67531],[113.660067,23.675328],[113.660136,23.675387],[113.660228,23.675455],[113.660387,23.675566],[113.660403,23.675576],[113.660433,23.675588],[113.660558,23.67563],[113.660895,23.675728],[113.661004,23.675763],[113.661065,23.675785],[113.661139,23.675815],[113.661191,23.675837],[113.661235,23.675859],[113.661276,23.675875],[113.661565,23.675973],[113.662022,23.67614],[113.662054,23.676148],[113.662093,23.676153],[113.662137,23.676154],[113.662187,23.676153],[113.662253,23.676147],[113.66232,23.676138],[113.66236,23.676131],[113.662381,23.676124],[113.662396,23.676107],[113.662416,23.676076],[113.662445,23.676025],[113.662479,23.675961],[113.662496,23.675919],[113.662501,23.675898],[113.662505,23.675873],[113.662506,23.675852],[113.662504,23.675832],[113.662501,23.675812],[113.662495,23.675789],[113.662482,23.675758],[113.662463,23.675727],[113.662344,23.675573],[113.662339,23.675561],[113.662339,23.675549],[113.662343,23.675537],[113.662352,23.675524],[113.662416,23.675455],[113.662547,23.675325],[113.662588,23.675287],[113.662614,23.675266],[113.662631,23.67526],[113.662651,23.675259],[113.662672,23.675265],[113.662701,23.675277],[113.662763,23.67531],[113.662836,23.675352],[113.662884,23.675384],[113.662925,23.675416],[113.662969,23.675458],[113.663015,23.675511],[113.663074,23.675589],[113.663145,23.675698],[113.663175,23.67574],[113.663209,23.675779],[113.663225,23.675794],[113.663239,23.675804],[113.663268,23.675819],[113.663304,23.675833],[113.663348,23.675845],[113.663398,23.675855],[113.663437,23.67586],[113.66347,23.675861],[113.663499,23.675858],[113.663521,23.675851],[113.663536,23.675841],[113.663555,23.675824],[113.663576,23.675799],[113.663596,23.675771],[113.66363,23.675717],[113.663729,23.675544],[113.663743,23.675524],[113.663773,23.675493],[113.663822,23.67545],[113.664028,23.675278],[113.664212,23.675249],[113.664273,23.675238],[113.664334,23.675223],[113.664403,23.675204],[113.664468,23.675184],[113.664528,23.675162],[113.664586,23.675137],[113.664675,23.675093],[113.664857,23.674988],[113.66494,23.67493],[113.665192,23.67475],[113.665207,23.674735],[113.665222,23.674717],[113.665258,23.674661],[113.665286,23.67461],[113.665374,23.674435],[113.665393,23.674402],[113.665403,23.674388],[113.665428,23.674366],[113.665466,23.674339],[113.665517,23.674308],[113.665663,23.674226],[113.665701,23.674202],[113.665718,23.674185],[113.66575,23.674139],[113.665804,23.674055],[113.665837,23.674],[113.665863,23.673953],[113.665882,23.673914],[113.665896,23.673877],[113.665904,23.673847],[113.665907,23.673821]]],[[[113.669583,23.67375],[113.669583,23.67383],[113.669578,23.67388],[113.669563,23.67395],[113.66953,23.674069],[113.669523,23.674104],[113.669518,23.674143],[113.669516,23.674186],[113.669517,23.67423],[113.669522,23.674273],[113.669531,23.674325],[113.669534,23.674355],[113.669532,23.674389],[113.669524,23.674427],[113.669515,23.674452],[113.669501,23.67448],[113.669487,23.674505],[113.669466,23.674533],[113.669434,23.674569],[113.669289,23.674711],[113.669281,23.674722],[113.669272,23.67474],[113.669247,23.674795],[113.669217,23.674872],[113.669203,23.674911],[113.669191,23.674954],[113.669181,23.675002],[113.669176,23.675046],[113.669173,23.675093],[113.669173,23.675141],[113.669178,23.675219],[113.669186,23.675297],[113.669197,23.67538],[113.669209,23.675452],[113.669221,23.675504],[113.669235,23.675548],[113.66925,23.675584],[113.669266,23.675612],[113.669281,23.67563],[113.669302,23.675652],[113.669359,23.675699],[113.669413,23.675738],[113.669571,23.675844],[113.669585,23.675849],[113.669608,23.675852],[113.669682,23.675853],[113.66971,23.67585],[113.669718,23.675847],[113.669722,23.675845],[113.669722,23.675803],[113.669719,23.675795],[113.669714,23.675789],[113.669703,23.675784],[113.669689,23.67578],[113.66964,23.675777],[113.669615,23.675772],[113.669583,23.67576],[113.669548,23.675743],[113.669504,23.675717],[113.669455,23.675684],[113.669342,23.6756],[113.669299,23.675565],[113.669292,23.675544],[113.669282,23.675495],[113.669256,23.675349],[113.669244,23.675245],[113.669236,23.675141],[113.669235,23.675091],[113.669237,23.675044],[113.669242,23.675005],[113.66925,23.674966],[113.669261,23.674931],[113.669276,23.6749],[113.669295,23.674866],[113.669318,23.674835],[113.669336,23.674814],[113.669355,23.674795],[113.669437,23.674726],[113.669526,23.674641],[113.66955,23.674622],[113.669578,23.674604],[113.669608,23.67459],[113.669634,23.674585],[113.669672,23.674582],[113.669692,23.674576],[113.669701,23.67457],[113.669709,23.674561],[113.669716,23.67455],[113.66972,23.674538],[113.669722,23.674515],[113.669722,23.673818],[113.669721,23.6738],[113.669716,23.673785],[113.669708,23.673771],[113.669698,23.673762],[113.669686,23.673755],[113.66966,23.67375],[113.669583,23.67375]]]]}},{"type":"Feature","properties":{"ID":7,"ELEV_MIN":80.0,"ELEV_MAX":85.0},"geometry":{"type":"MultiPolygon","coordinates":[[[[113.659861,23.680278],[113.660139,23.680556],[113.660139,23.680694],[113.659679,23.680694],[113.659664,23.680691],[113.659652,23.680681],[113.659646,23.680669],[113.659641,23.680655],[113.659639,23.680636],[113.659639,23.680617],[113.659646,23.680585],[113.659664,23.680543],[113.659688,23.680502],[113.659722,23.680452],[113.659861,23.680278]]],[[[113.665504,23.679209],[113.665719,23.679423],[113.665727,23.679435],[113.665729,23.679447],[113.665727,23.679456],[113.665723,23.679465],[113.665673,23.679536],[113.665624,23.679613],[113.665605,23.679645],[113.665575,23.679708],[113.66555,23.679775],[113.665538,23.679816],[113.665528,23.679859],[113.665523,23.679889],[113.665521,23.67992],[113.665521,23.679954],[113.665524,23.679985],[113.665531,23.68002],[113.66554,23.68005],[113.665553,23.680085],[113.665569,23.680119],[113.665643,23.680253],[113.665664,23.680294],[113.665681,23.680332],[113.66569,23.680345],[113.665701,23.680357],[113.665719,23.680373],[113.665742,23.680391],[113.665802,23.68043],[113.665942,23.680506],[113.665988,23.680528],[113.666029,23.680544],[113.666039,23.680552],[113.666048,23.680561],[113.666057,23.680577],[113.666062,23.680596],[113.666065,23.68062],[113.666064,23.680644],[113.66606,23.680662],[113.666054,23.680677],[113.666044,23.680687],[113.666034,23.680692],[113.666019,23.680694],[113.665417,23.680694],[113.665417,23.680624],[113.665414,23.680607],[113.66541,23.680596],[113.665402,23.680585],[113.665393,23.680575],[113.665381,23.680566],[113.665361,23.680556],[113.665334,23.680545],[113.665301,23.680537],[113.665237,23.680524],[113.665197,23.680514],[113.665145,23.680497],[113.665093,23.680476],[113.665033,23.680446],[113.664969,23.68041],[113.664902,23.680367],[113.664856,23.680333],[113.664836,23.680313],[113.664817,23.68028],[113.66479,23.680217],[113.664756,23.680128],[113.664749,23.680102],[113.664743,23.680072],[113.66474,23.680046],[113.66474,23.680015],[113.664742,23.679989],[113.664748,23.679959],[113.664756,23.679928],[113.664767,23.679898],[113.664784,23.679863],[113.664861,23.679722],[113.66494,23.679547],[113.664992,23.679444],[113.66503,23.679379],[113.665068,23.67932],[113.665096,23.679281],[113.665127,23.679246],[113.665147,23.679227],[113.665168,23.679211],[113.665188,23.679199],[113.665207,23.67919],[113.665268,23.679172],[113.665329,23.679158],[113.665378,23.679149],[113.665415,23.679148],[113.665437,23.679153],[113.665455,23.679165],[113.665504,23.679209]],[[113.665477,23.679386],[113.665467,23.679377],[113.665455,23.679369],[113.665443,23.679363],[113.665427,23.679358],[113.665395,23.679355],[113.665362,23.679358],[113.665333,23.679365],[113.665297,23.679377],[113.665139,23.679444],[113.665074,23.679616],[113.665052,23.679666],[113.665027,23.679714],[113.665002,23.679758],[113.664975,23.679799],[113.664873,23.67994],[113.664854,23.679968],[113.664846,23.679982],[113.664843,23.679995],[113.664843,23.68001],[113.664846,23.680026],[113.664852,23.680044],[113.664876,23.680097],[113.664914,23.680175],[113.664944,23.680227],[113.664979,23.680272],[113.665017,23.680309],[113.665059,23.68034],[113.665079,23.680351],[113.6651,23.68036],[113.665123,23.680368],[113.665147,23.680374],[113.665198,23.680379],[113.665254,23.680378],[113.665321,23.680369],[113.665378,23.680356],[113.665421,23.68034],[113.665437,23.68033],[113.665449,23.680321],[113.665458,23.680309],[113.665464,23.680296],[113.665468,23.680283],[113.665469,23.680268],[113.665467,23.68025],[113.665462,23.680232],[113.665385,23.680068],[113.665376,23.680045],[113.665369,23.680018],[113.665361,23.679978],[113.665355,23.679932],[113.665352,23.679876],[113.665351,23.679822],[113.665352,23.679786],[113.665356,23.679755],[113.665361,23.679729],[113.665368,23.679709],[113.665377,23.679693],[113.665396,23.679671],[113.665414,23.679649],[113.665447,23.679598],[113.665484,23.679534],[113.6655,23.679495],[113.665506,23.679465],[113.665506,23.679449],[113.665504,23.679435],[113.6655,23.679421],[113.665494,23.679408],[113.665477,23.679386]]],[[[113.661085,23.67847],[113.661078,23.67853],[113.661067,23.67859],[113.661052,23.678644],[113.661034,23.678696],[113.661002,23.678768],[113.660969,23.678836],[113.660916,23.678929],[113.660854,23.679043],[113.660841,23.679073],[113.66083,23.679104],[113.660819,23.679151],[113.660816,23.679199],[113.660817,23.679225],[113.66082,23.679251],[113.660831,23.679299],[113.66085,23.679352],[113.66087,23.679399],[113.660889,23.679434],[113.660909,23.679461],[113.660921,23.679472],[113.660966,23.679505],[113.661027,23.679556],[113.661234,23.679738],[113.661253,23.67975],[113.661289,23.679767],[113.661404,23.679813],[113.661456,23.679827],[113.661508,23.679833],[113.661539,23.679833],[113.661569,23.67983],[113.661599,23.679825],[113.66163,23.679817],[113.661677,23.679799],[113.66183,23.679733],[113.661856,23.67971],[113.661903,23.679659],[113.662083,23.679444],[113.662241,23.679375],[113.662274,23.679363],[113.662309,23.679355],[113.662345,23.679352],[113.662377,23.679355],[113.662404,23.679362],[113.662432,23.679376],[113.662473,23.67941],[113.662514,23.679449],[113.662549,23.679489],[113.662588,23.679539],[113.662606,23.679558],[113.662637,23.679581],[113.662673,23.679599],[113.662704,23.679609],[113.662738,23.679616],[113.662776,23.67962],[113.662809,23.679621],[113.662841,23.679619],[113.66287,23.679613],[113.662898,23.679605],[113.662923,23.679593],[113.662951,23.679574],[113.662974,23.679552],[113.662998,23.679521],[113.663028,23.679476],[113.663067,23.679413],[113.663104,23.679346],[113.663134,23.679286],[113.663156,23.679234],[113.663177,23.679169],[113.663189,23.679104],[113.663194,23.679043],[113.663194,23.678889],[113.663223,23.678748],[113.663231,23.678715],[113.663244,23.678681],[113.66326,23.678651],[113.663279,23.678624],[113.663296,23.678606],[113.663315,23.678591],[113.663336,23.678577],[113.663359,23.678566],[113.663391,23.678554],[113.663424,23.678545],[113.663458,23.678538],[113.663489,23.678535],[113.663525,23.678534],[113.663562,23.678536],[113.663596,23.678539],[113.663642,23.678547],[113.663695,23.678558],[113.663734,23.678568],[113.663765,23.678579],[113.663782,23.678589],[113.663802,23.678609],[113.66383,23.678647],[113.663866,23.6787],[113.663906,23.678765],[113.663924,23.6788],[113.66394,23.678835],[113.663953,23.678869],[113.663964,23.678904],[113.663971,23.678934],[113.663976,23.678965],[113.663979,23.678995],[113.663979,23.679026],[113.663977,23.679099],[113.663972,23.679173],[113.663965,23.679243],[113.663953,23.679329],[113.66395,23.679363],[113.66395,23.679415],[113.663956,23.679464],[113.663965,23.679503],[113.663978,23.67954],[113.664132,23.679894],[113.664141,23.67992],[113.664148,23.67995],[113.664153,23.67998],[113.664156,23.680011],[113.664154,23.680063],[113.664144,23.680115],[113.664115,23.680205],[113.664084,23.680283],[113.664063,23.680324],[113.664039,23.680361],[113.663999,23.680412],[113.663931,23.680492],[113.663914,23.680515],[113.6639,23.680538],[113.663889,23.68056],[113.66388,23.680583],[113.663875,23.680608],[113.663871,23.680649],[113.663866,23.680664],[113.663859,23.680675],[113.663845,23.680687],[113.663825,23.680693],[113.663738,23.680693],[113.663735,23.680687],[113.663733,23.680677],[113.66373,23.68064],[113.663731,23.680588],[113.663735,23.680553],[113.663739,23.680543],[113.663749,23.680531],[113.663869,23.680397],[113.663895,23.680365],[113.663927,23.680321],[113.663954,23.680276],[113.663977,23.680226],[113.663994,23.680176],[113.664002,23.680141],[113.664028,23.68],[113.663979,23.679842],[113.663954,23.679772],[113.663934,23.679724],[113.663909,23.679672],[113.663853,23.679568],[113.663838,23.679538],[113.66382,23.67949],[113.66381,23.679447],[113.663805,23.679399],[113.663808,23.679351],[113.663812,23.679321],[113.663832,23.679234],[113.663843,23.679173],[113.663853,23.679099],[113.663858,23.679026],[113.663859,23.67898],[113.663855,23.678937],[113.663848,23.678897],[113.663838,23.678863],[113.663821,23.678823],[113.663799,23.67879],[113.663773,23.678761],[113.66374,23.678736],[113.663699,23.678714],[113.663655,23.678697],[113.6636,23.678684],[113.66356,23.678681],[113.663529,23.678683],[113.663501,23.678689],[113.663475,23.6787],[113.663452,23.678716],[113.66343,23.678736],[113.663411,23.678761],[113.663391,23.678793],[113.663373,23.678831],[113.663351,23.678889],[113.663336,23.678949],[113.663329,23.678996],[113.663324,23.679069],[113.663319,23.679117],[113.66331,23.679173],[113.663298,23.679225],[113.663281,23.679286],[113.663256,23.679362],[113.663234,23.679419],[113.663218,23.679453],[113.663127,23.679558],[113.663077,23.67962],[113.663038,23.67967],[113.663009,23.679711],[113.662985,23.679748],[113.662944,23.679825],[113.662922,23.679854],[113.66289,23.679883],[113.662853,23.679908],[113.662809,23.679931],[113.662759,23.679951],[113.662734,23.679957],[113.662715,23.67996],[113.662696,23.67996],[113.662678,23.679958],[113.662661,23.679953],[113.662645,23.679946],[113.662627,23.679935],[113.662613,23.679923],[113.662594,23.679901],[113.66258,23.67988],[113.662499,23.679729],[113.662462,23.679667],[113.662427,23.679613],[113.662411,23.679594],[113.662396,23.679582],[113.662379,23.679573],[113.662361,23.679567],[113.662342,23.679566],[113.662318,23.679569],[113.662293,23.679577],[113.66227,23.679587],[113.662229,23.679613],[113.662083,23.679722],[113.661895,23.679816],[113.661764,23.679877],[113.66166,23.679922],[113.661612,23.679938],[113.661582,23.679946],[113.661552,23.679951],[113.661521,23.679954],[113.661491,23.679955],[113.661461,23.679954],[113.66143,23.67995],[113.6614,23.679945],[113.66137,23.679937],[113.661336,23.679926],[113.661303,23.679914],[113.661272,23.6799],[113.661242,23.679884],[113.661202,23.679859],[113.661164,23.67983],[113.661006,23.679691],[113.660988,23.679676],[113.660908,23.679625],[113.66081,23.679568],[113.66079,23.679559],[113.660766,23.679552],[113.660748,23.679548],[113.66073,23.679547],[113.660713,23.679548],[113.660694,23.679552],[113.660679,23.679558],[113.660665,23.679567],[113.660652,23.679577],[113.66064,23.679591],[113.660616,23.679627],[113.660588,23.679681],[113.660568,23.679735],[113.660555,23.679787],[113.660546,23.679842],[113.660542,23.679902],[113.660543,23.679963],[113.660551,23.680033],[113.660565,23.680102],[113.660591,23.680186],[113.660619,23.680259],[113.660634,23.68029],[113.660648,23.680312],[113.660713,23.680399],[113.660776,23.68049],[113.660801,23.680536],[113.660816,23.680578],[113.660822,23.680606],[113.660822,23.680634],[113.660819,23.680658],[113.66081,23.680677],[113.660803,23.680683],[113.660796,23.680689],[113.660776,23.680694],[113.660753,23.680693],[113.660744,23.680689],[113.660736,23.680684],[113.660725,23.680671],[113.660718,23.680651],[113.660716,23.680634],[113.660714,23.680572],[113.660711,23.680555],[113.660706,23.680542],[113.660583,23.680388],[113.660551,23.680345],[113.66053,23.680313],[113.660509,23.680276],[113.660478,23.680209],[113.660458,23.68015],[113.660417,23.68],[113.660396,23.679842],[113.660388,23.679803],[113.660377,23.679763],[113.660354,23.679707],[113.660327,23.679655],[113.6603,23.679612],[113.660246,23.679536],[113.660214,23.679487],[113.660188,23.679441],[113.660168,23.679402],[113.66016,23.679378],[113.660148,23.679335],[113.660124,23.679233],[113.660118,23.679188],[113.66012,23.679152],[113.660124,23.679135],[113.66014,23.679095],[113.660239,23.678874],[113.660332,23.678674],[113.660363,23.678611],[113.660387,23.678569],[113.66041,23.678532],[113.660444,23.678483],[113.660492,23.678419],[113.660524,23.678378],[113.660554,23.678342],[113.660587,23.678308],[113.660622,23.678275],[113.660645,23.678256],[113.660679,23.678235],[113.66072,23.678218],[113.660766,23.678204],[113.660823,23.678194],[113.660869,23.678189],[113.660911,23.67819],[113.660945,23.678197],[113.660978,23.678209],[113.661004,23.678225],[113.661027,23.678246],[113.661047,23.678273],[113.661065,23.678308],[113.661076,23.678343],[113.661083,23.678382],[113.661086,23.678424],[113.661085,23.67847]],[[113.660807,23.678502],[113.660787,23.678483],[113.660763,23.678465],[113.660741,23.678453],[113.660719,23.678446],[113.660698,23.678445],[113.660678,23.678448],[113.660661,23.678456],[113.660642,23.67847],[113.660624,23.678488],[113.660606,23.678512],[113.660562,23.678577],[113.66052,23.678641],[113.660447,23.678767],[113.660417,23.678823],[113.6604,23.678858],[113.66039,23.678887],[113.660378,23.678931],[113.66035,23.679052],[113.660341,23.679121],[113.660338,23.679191],[113.660341,23.679234],[113.660346,23.679277],[113.660356,23.679333],[113.660369,23.679393],[113.66038,23.679432],[113.66039,23.67946],[113.660399,23.679475],[113.66041,23.679483],[113.660424,23.679486],[113.660442,23.679485],[113.660463,23.67948],[113.660487,23.679472],[113.6605,23.679465],[113.660512,23.679456],[113.660522,23.679445],[113.66053,23.679432],[113.660542,23.679407],[113.66055,23.679377],[113.660554,23.67934],[113.660557,23.679274],[113.660561,23.679235],[113.660569,23.679196],[113.660583,23.679158],[113.660595,23.679135],[113.660608,23.679117],[113.66067,23.679048],[113.660691,23.67902],[113.66071,23.678992],[113.660844,23.678744],[113.660856,23.678718],[113.660865,23.678688],[113.66087,23.67866],[113.660871,23.678632],[113.660867,23.678604],[113.660859,23.678578],[113.660846,23.678552],[113.660829,23.678526],[113.660807,23.678502]]],[[[113.659337,23.678101],[113.659318,23.678127],[113.659289,23.678161],[113.659193,23.678263],[113.659171,23.678295],[113.659155,23.678329],[113.659144,23.678365],[113.659139,23.678404],[113.65914,23.67844],[113.659148,23.678505],[113.659149,23.678548],[113.659145,23.6786],[113.659136,23.678648],[113.659122,23.678691],[113.659107,23.67873],[113.659028,23.678889],[113.658978,23.679069],[113.658958,23.679125],[113.658934,23.679182],[113.658908,23.679234],[113.65888,23.679286],[113.658774,23.679458],[113.658742,23.679499],[113.658643,23.679616],[113.65862,23.679649],[113.658604,23.679679],[113.658593,23.679706],[113.658586,23.679734],[113.658582,23.679762],[113.658582,23.679795],[113.658586,23.679825],[113.658593,23.679855],[113.658607,23.679898],[113.658665,23.680063],[113.65875,23.680278],[113.658916,23.680378],[113.658995,23.680428],[113.659073,23.680481],[113.6591,23.680503],[113.659118,23.680519],[113.659133,23.680535],[113.659146,23.680554],[113.659156,23.680572],[113.659162,23.68059],[113.659167,23.68062],[113.659167,23.680694],[113.658955,23.680694],[113.658937,23.680693],[113.658924,23.680689],[113.658907,23.680678],[113.658896,23.680662],[113.65889,23.680644],[113.658888,23.680609],[113.658884,23.680592],[113.658875,23.680572],[113.658862,23.680557],[113.658844,23.680543],[113.658818,23.680532],[113.658784,23.680524],[113.658751,23.680521],[113.658719,23.680523],[113.658684,23.680531],[113.658658,23.680542],[113.658638,23.680557],[113.658625,23.680572],[113.658616,23.680592],[113.658612,23.680609],[113.65861,23.680644],[113.658603,23.680664],[113.658597,23.680673],[113.65859,23.680681],[113.65858,23.680687],[113.65857,23.680691],[113.658543,23.680694],[113.658184,23.680694],[113.658181,23.680689],[113.658178,23.680674],[113.658174,23.680608],[113.658164,23.680573],[113.658151,23.680546],[113.658133,23.680516],[113.658111,23.680484],[113.658084,23.680448],[113.657988,23.680335],[113.657928,23.680267],[113.657918,23.680262],[113.657899,23.680259],[113.657826,23.680255],[113.657813,23.680252],[113.657802,23.680247],[113.657789,23.680237],[113.657781,23.680223],[113.657778,23.680205],[113.65778,23.680186],[113.657786,23.680172],[113.657798,23.680161],[113.657813,23.680154],[113.657834,23.68015],[113.657857,23.68015],[113.657881,23.680153],[113.657905,23.680161],[113.657929,23.680172],[113.657965,23.680196],[113.658009,23.680235],[113.65807,23.680298],[113.658133,23.68037],[113.658155,23.680391],[113.658177,23.680407],[113.658201,23.680421],[113.658223,23.680431],[113.658251,23.68044],[113.65829,23.680449],[113.658336,23.680454],[113.658372,23.680454],[113.658409,23.68045],[113.65844,23.680441],[113.658465,23.680428],[113.658487,23.680409],[113.658503,23.680388],[113.658513,23.680369],[113.658521,23.680345],[113.658528,23.68032],[113.658533,23.680293],[113.658535,23.680264],[113.658536,23.680235],[113.658531,23.680171],[113.658511,23.680064],[113.658492,23.679983],[113.658427,23.679818],[113.658417,23.679784],[113.65841,23.679745],[113.65841,23.679727],[113.658412,23.679708],[113.658417,23.679688],[113.658426,23.679669],[113.658473,23.679606],[113.658528,23.67954],[113.658698,23.679344],[113.658754,23.679275],[113.658793,23.679217],[113.658805,23.679193],[113.658817,23.679163],[113.658827,23.679129],[113.658837,23.67909],[113.658861,23.678969],[113.658879,23.678891],[113.658899,23.678822],[113.658928,23.678735],[113.658937,23.678704],[113.658944,23.67867],[113.658948,23.678635],[113.65895,23.678605],[113.658949,23.67857],[113.658945,23.678535],[113.658938,23.6785],[113.658927,23.678461],[113.658913,23.678421],[113.658899,23.678388],[113.658883,23.678355],[113.658867,23.678328],[113.658849,23.678305],[113.658831,23.678285],[113.658814,23.678269],[113.658796,23.678257],[113.658779,23.67825],[113.658761,23.678246],[113.65874,23.678244],[113.658706,23.678249],[113.658685,23.678255],[113.658667,23.678263],[113.6585,23.678358],[113.658479,23.678379],[113.658455,23.678413],[113.65843,23.678452],[113.658385,23.678534],[113.658351,23.67859],[113.658312,23.67865],[113.658273,23.678704],[113.658199,23.678795],[113.658169,23.678827],[113.658132,23.678864],[113.658102,23.678898],[113.658056,23.678959],[113.657991,23.679055],[113.657963,23.67909],[113.657926,23.679129],[113.657909,23.679143],[113.657892,23.679154],[113.657875,23.679161],[113.657862,23.679165],[113.657848,23.679167],[113.657832,23.679166],[113.657818,23.679163],[113.657806,23.679157],[113.657796,23.67915],[113.657787,23.679139],[113.657781,23.679123],[113.657778,23.679103],[113.657778,23.678979],[113.657781,23.678963],[113.657792,23.678949],[113.65781,23.67894],[113.65783,23.678936],[113.65787,23.678934],[113.657894,23.678932],[113.657913,23.678926],[113.657928,23.678917],[113.657946,23.678896],[113.657976,23.678866],[113.658156,23.6787],[113.658193,23.678664],[113.658215,23.67864],[113.658254,23.678579],[113.65835,23.678418],[113.65839,23.678352],[113.658426,23.678299],[113.658453,23.678267],[113.658485,23.678237],[113.658525,23.678203],[113.658695,23.67807],[113.658723,23.678045],[113.658743,23.678023],[113.658761,23.678008],[113.658829,23.67796],[113.658913,23.677907],[113.658952,23.677888],[113.658995,23.677873],[113.659034,23.677865],[113.659073,23.677862],[113.659112,23.677864],[113.659151,23.677871],[113.659198,23.677885],[113.659238,23.677901],[113.659272,23.677919],[113.659299,23.677939],[113.65932,23.67796],[113.659335,23.677983],[113.659347,23.678016],[113.659352,23.678047],[113.659351,23.678063],[113.659348,23.678076],[113.659344,23.678089],[113.659337,23.678101]]],[[[113.667196,23.67605],[113.66715,23.676029],[113.667101,23.676014],[113.667055,23.676006],[113.667002,23.676005],[113.666947,23.67601],[113.666862,23.676027],[113.666797,23.676045],[113.666742,23.676066],[113.666658,23.67611],[113.666618,23.676135],[113.666583,23.676159],[113.666553,23.676181],[113.666518,23.676211],[113.666442,23.676282],[113.666412,23.676315],[113.6664,23.676334],[113.666392,23.676349],[113.666386,23.676368],[113.666384,23.676383],[113.666384,23.676402],[113.666387,23.676418],[113.666392,23.676434],[113.6664,23.676449],[113.666422,23.676482],[113.666563,23.676638],[113.66659,23.676666],[113.666675,23.676743],[113.666745,23.676803],[113.666808,23.676848],[113.666869,23.676884],[113.666915,23.676906],[113.667012,23.676946],[113.667047,23.676959],[113.667075,23.676964],[113.667154,23.676969],[113.667266,23.676969],[113.667356,23.676965],[113.667418,23.676956],[113.667433,23.67695],[113.667451,23.676937],[113.667467,23.676921],[113.667485,23.676896],[113.667503,23.676865],[113.667521,23.676828],[113.667537,23.67679],[113.667549,23.676756],[113.667559,23.676721],[113.667565,23.676691],[113.667569,23.67666],[113.667571,23.67663],[113.66757,23.676599],[113.667568,23.676569],[113.667564,23.676539],[113.667556,23.676504],[113.667546,23.676466],[113.667531,23.676424],[113.667516,23.676387],[113.667496,23.676348],[113.667478,23.676316],[113.667456,23.676282],[113.667386,23.676186],[113.667356,23.67615],[113.667335,23.676131],[113.667288,23.676102],[113.667196,23.67605]],[[113.667126,23.676088],[113.667109,23.676082],[113.667086,23.676078],[113.66706,23.676076],[113.667027,23.676078],[113.666964,23.676085],[113.666806,23.676111],[113.666609,23.676248],[113.666553,23.676289],[113.666513,23.676321],[113.666484,23.676347],[113.666472,23.676362],[113.666465,23.676379],[113.666464,23.676397],[113.66647,23.676414],[113.666481,23.67643],[113.666669,23.676644],[113.66671,23.676685],[113.666747,23.67672],[113.666775,23.676741],[113.666806,23.676762],[113.666867,23.676796],[113.666942,23.676832],[113.66699,23.676852],[113.667042,23.676868],[113.667099,23.67688],[113.667151,23.676886],[113.667203,23.676886],[113.667254,23.676882],[113.667286,23.676875],[113.667312,23.676866],[113.667336,23.676856],[113.667363,23.676841],[113.667387,23.676823],[113.667406,23.676805],[113.667424,23.676785],[113.667442,23.676759],[113.667456,23.676736],[113.667469,23.676708],[113.667479,23.676679],[113.667487,23.676648],[113.667491,23.676617],[113.667492,23.676585],[113.66749,23.676551],[113.667486,23.676517],[113.667471,23.676445],[113.667462,23.676414],[113.667451,23.676384],[113.667439,23.676357],[113.667426,23.676333],[113.667412,23.676311],[113.667394,23.676288],[113.667373,23.676266],[113.667349,23.676242],[113.667297,23.6762],[113.667205,23.676137],[113.667126,23.676088]]],[[[113.669654,23.674583],[113.669628,23.674586],[113.669602,23.674593],[113.669576,23.674605],[113.66955,23.674622],[113.669526,23.674641],[113.669437,23.674726],[113.669355,23.674795],[113.669319,23.674833],[113.6693,23.674859],[113.669282,23.674888],[113.669266,23.674921],[113.669255,23.674948],[113.669247,23.674982],[113.669241,23.675016],[113.669237,23.675056],[113.669235,23.675099],[113.669236,23.675145],[113.669241,23.675211],[113.669253,23.675328],[113.669264,23.675397],[113.669279,23.67548],[113.669292,23.675541],[113.669299,23.675565],[113.66934,23.675598],[113.669447,23.675678],[113.669488,23.675707],[113.669523,23.675729],[113.669561,23.67575],[113.669595,23.675765],[113.669626,23.675774],[113.669652,23.675778],[113.669689,23.675775],[113.669702,23.67577],[113.669712,23.675765],[113.669719,23.675757],[113.669722,23.675747],[113.669721,23.675735],[113.669716,23.675726],[113.669705,23.675717],[113.66969,23.675712],[113.669672,23.675709],[113.669631,23.675707],[113.669595,23.675697],[113.669555,23.675679],[113.669511,23.675653],[113.669464,23.675618],[113.669428,23.675583],[113.669397,23.675542],[113.669371,23.675496],[113.669358,23.675465],[113.669347,23.675432],[113.669306,23.675278],[113.669298,23.675104],[113.669296,23.67503],[113.669298,23.674989],[113.6693,23.674984],[113.669307,23.674977],[113.669345,23.674943],[113.66941,23.674888],[113.669468,23.674841],[113.669511,23.674809],[113.669564,23.674776],[113.669586,23.674765],[113.66961,23.674756],[113.66964,23.674748],[113.669703,23.674745],[113.669714,23.674742],[113.669721,23.674738],[113.669722,23.674735],[113.669722,23.674583],[113.669654,23.674583]]],[[[113.665719,23.673926],[113.665709,23.673939],[113.665693,23.673952],[113.665672,23.673968],[113.665642,23.673986],[113.665579,23.67402],[113.665344,23.674134],[113.665325,23.674146],[113.665308,23.674163],[113.665295,23.674179],[113.665282,23.6742],[113.665261,23.674244],[113.665248,23.674282],[113.665213,23.6744],[113.665199,23.67444],[113.665186,23.674473],[113.665172,23.674499],[113.665086,23.674645],[113.665052,23.674693],[113.665009,23.674741],[113.664961,23.674784],[113.664905,23.674825],[113.664865,23.67485],[113.664821,23.674875],[113.664724,23.674924],[113.664574,23.674991],[113.664418,23.675052],[113.664371,23.675069],[113.664311,23.675086],[113.664246,23.6751],[113.664199,23.675107],[113.664052,23.675124],[113.663982,23.675136],[113.663913,23.675149],[113.663853,23.675163],[113.663801,23.675177],[113.663754,23.675192],[113.663711,23.675209],[113.663676,23.675225],[113.663649,23.67524],[113.663626,23.675255],[113.663602,23.675275],[113.66358,23.675298],[113.663557,23.675327],[113.663539,23.675355],[113.663518,23.675393],[113.663507,23.675409],[113.663487,23.675426],[113.663466,23.675436],[113.663443,23.675439],[113.663417,23.675437],[113.663388,23.675429],[113.663357,23.675415],[113.663302,23.675383],[113.663229,23.675336],[113.663196,23.675313],[113.663172,23.675293],[113.663157,23.675283],[113.663105,23.675257],[113.662978,23.675203],[113.662898,23.675162],[113.662806,23.675108],[113.662639,23.675],[113.662477,23.674979],[113.662397,23.674972],[113.662358,23.674973],[113.662321,23.674976],[113.662291,23.674982],[113.662271,23.67499],[113.662252,23.675002],[113.662232,23.67502],[113.662212,23.675042],[113.662191,23.675072],[113.66216,23.675124],[113.662083,23.675278],[113.662052,23.675452],[113.662047,23.675499],[113.662045,23.67554],[113.662047,23.675576],[113.662053,23.675608],[113.662065,23.675643],[113.662086,23.675689],[113.662107,23.675728],[113.662137,23.675776],[113.662146,23.675793],[113.662153,23.675818],[113.662153,23.675829],[113.66215,23.675839],[113.662143,23.675852],[113.662132,23.675863],[113.662116,23.675872],[113.662095,23.67588],[113.66207,23.675886],[113.66204,23.675891],[113.661964,23.675896],[113.661895,23.675896],[113.66183,23.675892],[113.661768,23.675883],[113.66171,23.67587],[113.661546,23.675822],[113.661374,23.675767],[113.66123,23.67572],[113.661057,23.675659],[113.660974,23.675632],[113.66087,23.675602],[113.660694,23.675556],[113.660528,23.675472],[113.660443,23.675426],[113.660346,23.675368],[113.660311,23.675344],[113.660291,23.675328],[113.660279,23.675315],[113.660266,23.675298],[113.660256,23.675281],[113.660248,23.675262],[113.660243,23.675242],[113.66024,23.675221],[113.66024,23.675179],[113.660249,23.675128],[113.660275,23.675028],[113.660298,23.674954],[113.660336,23.67485],[113.660346,23.674816],[113.660351,23.674789],[113.660354,23.674759],[113.660354,23.674733],[113.660351,23.674707],[113.660342,23.674664],[113.660327,23.67462],[113.660258,23.674486],[113.660213,23.674382],[113.66019,23.674321],[113.660139,23.674167],[113.659972,23.674136],[113.659876,23.674122],[113.659785,23.674115],[113.659659,23.674111],[113.659581,23.674107],[113.659494,23.674099],[113.659416,23.674088],[113.659351,23.674074],[113.659282,23.674051],[113.65923,23.67403],[113.659152,23.673991],[113.659118,23.673978],[113.659098,23.673973],[113.659075,23.67397],[113.659057,23.673971],[113.659039,23.673973],[113.659011,23.673982],[113.658985,23.673998],[113.658961,23.674019],[113.658941,23.674043],[113.658894,23.674111],[113.658851,23.67418],[113.658823,23.67423],[113.658786,23.674309],[113.658764,23.674348],[113.658744,23.674377],[113.658723,23.674401],[113.658706,23.674415],[113.658675,23.674433],[113.658629,23.674455],[113.658572,23.674481],[113.658547,23.674491],[113.658523,23.674499],[113.658502,23.674503],[113.658486,23.674504],[113.658462,23.6745],[113.658444,23.67449],[113.658401,23.674446],[113.658345,23.674394],[113.658142,23.674212],[113.658113,23.674189],[113.658076,23.674161],[113.658031,23.674131],[113.657991,23.674106],[113.657957,23.674088],[113.657915,23.674071],[113.657875,23.674062],[113.657855,23.67406],[113.657836,23.67406],[113.657819,23.674063],[113.657806,23.674067],[113.657797,23.674072],[113.65779,23.674078],[113.657784,23.674087],[113.65778,23.674096],[113.657778,23.674111],[113.657778,23.674167],[113.657853,23.674167],[113.657869,23.674169],[113.657888,23.674175],[113.657914,23.674186],[113.657942,23.674203],[113.657974,23.674224],[113.658008,23.67425],[113.658053,23.674288],[113.658218,23.674435],[113.658292,23.674517],[113.658472,23.674722],[113.65875,23.674722],[113.658868,23.674429],[113.658953,23.674227],[113.658978,23.674174],[113.658997,23.67414],[113.659009,23.674125],[113.659023,23.674116],[113.659032,23.674115],[113.659043,23.674115],[113.659066,23.674122],[113.65924,23.674229],[113.659278,23.674244],[113.659325,23.674255],[113.659373,23.674259],[113.659425,23.674258],[113.659724,23.674226],[113.659755,23.674224],[113.659785,23.674225],[113.659816,23.67423],[113.659846,23.674238],[113.659881,23.674251],[113.659928,23.674275],[113.659972,23.674304],[113.660139,23.674444],[113.660187,23.67459],[113.660199,23.674631],[113.660206,23.67467],[113.660208,23.674703],[113.660207,23.674734],[113.660201,23.674765],[113.66019,23.674796],[113.660145,23.674881],[113.660115,23.674945],[113.660107,23.674974],[113.660101,23.67501],[113.660097,23.675052],[113.660096,23.675096],[113.660101,23.675202],[113.660104,23.675241],[113.660109,23.675269],[113.660116,23.675288],[113.660123,23.675296],[113.660175,23.675335],[113.66028,23.675408],[113.660408,23.675494],[113.66047,23.67553],[113.660544,23.675562],[113.660604,23.675583],[113.660672,23.675605],[113.660892,23.675667],[113.660992,23.675699],[113.66107,23.675726],[113.66129,23.675807],[113.661551,23.675896],[113.661734,23.675956],[113.661842,23.675988],[113.661951,23.676016],[113.661994,23.676024],[113.662038,23.676025],[113.662077,23.676022],[113.662116,23.676014],[113.662155,23.676001],[113.662194,23.675984],[113.662264,23.675944],[113.662329,23.675903],[113.662366,23.675874],[113.662374,23.675864],[113.66238,23.675855],[113.662383,23.675845],[113.662384,23.675835],[113.662383,23.675826],[113.662379,23.675817],[113.662264,23.675669],[113.662245,23.675639],[113.662236,23.67562],[113.662229,23.6756],[113.662224,23.675577],[113.662222,23.675557],[113.662223,23.675532],[113.662227,23.675508],[113.662235,23.675483],[113.662247,23.675453],[113.662267,23.675419],[113.662361,23.675278],[113.662515,23.675194],[113.66255,23.675179],[113.66258,23.67517],[113.662624,23.675162],[113.662667,23.675161],[113.662706,23.675165],[113.66275,23.675177],[113.662953,23.675265],[113.662965,23.675271],[113.662992,23.675293],[113.663026,23.675326],[113.663166,23.675481],[113.663198,23.675514],[113.66322,23.675534],[113.663366,23.675639],[113.663399,23.675658],[113.663424,23.675669],[113.663446,23.675674],[113.663467,23.675674],[113.663486,23.675669],[113.663502,23.675661],[113.663516,23.675649],[113.663527,23.675636],[113.663549,23.675604],[113.663626,23.675484],[113.66375,23.675278],[113.663913,23.675233],[113.664,23.675212],[113.664095,23.675194],[113.664225,23.675175],[113.664299,23.67516],[113.664386,23.675136],[113.664476,23.675104],[113.664545,23.675077],[113.6646,23.675053],[113.664698,23.675],[113.664818,23.674942],[113.664861,23.674916],[113.664909,23.674884],[113.664962,23.674846],[113.665021,23.674801],[113.665099,23.674738],[113.66513,23.674709],[113.66536,23.674318],[113.665392,23.674271],[113.665421,23.674236],[113.665445,23.674213],[113.665468,23.674197],[113.665618,23.674126],[113.66565,23.674107],[113.665675,23.674089],[113.665696,23.67407],[113.665718,23.674046],[113.66574,23.674018],[113.665769,23.673976],[113.665792,23.673934],[113.665809,23.673895],[113.66582,23.67386],[113.665825,23.673825],[113.665823,23.67379],[113.665819,23.673776],[113.665815,23.673767],[113.665808,23.673759],[113.6658,23.673753],[113.665786,23.67375],[113.665771,23.673752],[113.66576,23.673759],[113.665752,23.673771],[113.665747,23.673784],[113.665745,23.673797],[113.665742,23.673847],[113.665738,23.673877],[113.665731,23.673904],[113.665719,23.673926]]]]}},{"type":"Feature","properties":{"ID":8,"ELEV_MIN":85.0,"ELEV_MAX":90.0},"geometry":{"type":"MultiPolygon","coordinates":[[[[113.658889,23.680624],[113.658889,23.680694],[113.658611,23.680694],[113.658612,23.680613],[113.658615,23.680596],[113.658621,23.680579],[113.658632,23.680562],[113.658649,23.680547],[113.658671,23.680536],[113.658697,23.680528],[113.658734,23.680521],[113.658768,23.680522],[113.658805,23.680528],[113.658839,23.68054],[113.65886,23.680554],[113.658876,23.680574],[113.658886,23.680598],[113.658889,23.680624]]],[[[113.665477,23.679386],[113.665467,23.679377],[113.665455,23.679369],[113.665443,23.679363],[113.665427,23.679358],[113.665395,23.679355],[113.665362,23.679358],[113.665333,23.679365],[113.665297,23.679377],[113.665139,23.679444],[113.665074,23.679616],[113.665052,23.679666],[113.665027,23.679714],[113.665002,23.679758],[113.664975,23.679799],[113.664873,23.67994],[113.664854,23.679968],[113.664846,23.679982],[113.664843,23.679995],[113.664843,23.68001],[113.664846,23.680026],[113.664852,23.680044],[113.664876,23.680097],[113.664914,23.680175],[113.664944,23.680227],[113.664979,23.680272],[113.665017,23.680309],[113.665059,23.68034],[113.665079,23.680351],[113.6651,23.68036],[113.665123,23.680368],[113.665147,23.680374],[113.665198,23.680379],[113.665254,23.680378],[113.665321,23.680369],[113.665378,23.680356],[113.665421,23.68034],[113.665437,23.68033],[113.665449,23.680321],[113.665458,23.680309],[113.665464,23.680296],[113.665468,23.680283],[113.665469,23.680268],[113.665467,23.68025],[113.665462,23.680232],[113.665385,23.680068],[113.665376,23.680045],[113.665369,23.680018],[113.665361,23.679978],[113.665355,23.679932],[113.665352,23.679876],[113.665351,23.679822],[113.665352,23.679786],[113.665356,23.679755],[113.665361,23.679729],[113.665368,23.679709],[113.665377,23.679693],[113.665396,23.679671],[113.665414,23.679649],[113.665447,23.679598],[113.665484,23.679534],[113.6655,23.679495],[113.665506,23.679465],[113.665506,23.679449],[113.665504,23.679435],[113.6655,23.679421],[113.665494,23.679408],[113.665477,23.679386]],[[113.66517,23.679932],[113.665158,23.67991],[113.665146,23.679899],[113.66514,23.679897],[113.665133,23.679896],[113.665119,23.679901],[113.665102,23.679918],[113.665085,23.679943],[113.665076,23.679968],[113.66507,23.679997],[113.665069,23.680019],[113.665071,23.680043],[113.66508,23.680095],[113.66509,23.680132],[113.665139,23.680278],[113.665174,23.68012],[113.665184,23.680053],[113.665185,23.680016],[113.665184,23.679985],[113.665178,23.679955],[113.66517,23.679932]]],[[[113.66375,23.678889],[113.663472,23.678889],[113.66345,23.679121],[113.663438,23.679217],[113.663425,23.679308],[113.663418,23.679342],[113.663408,23.679374],[113.663396,23.679405],[113.663381,23.679435],[113.663357,23.679473],[113.663331,23.679505],[113.66331,23.679527],[113.663241,23.679589],[113.663195,23.679634],[113.663161,23.679671],[113.663139,23.6797],[113.663107,23.679753],[113.66307,23.679822],[113.662942,23.680084],[113.662926,23.68011],[113.662908,23.680133],[113.662886,23.68016],[113.662859,23.680186],[113.662829,23.680212],[113.662792,23.680241],[113.66276,23.680264],[113.662733,23.680281],[113.662706,23.680294],[113.662682,23.680304],[113.662658,23.680309],[113.662636,23.680309],[113.662619,23.680303],[113.662606,23.680291],[113.66259,23.680268],[113.662572,23.680234],[113.662474,23.680026],[113.662441,23.679963],[113.662411,23.679913],[113.662392,23.679889],[113.662366,23.679869],[113.662338,23.679854],[113.662306,23.679844],[113.662284,23.67984],[113.662258,23.679837],[113.662203,23.679836],[113.662142,23.679843],[113.662086,23.679854],[113.662033,23.67987],[113.661981,23.67989],[113.661776,23.679989],[113.661637,23.680038],[113.661591,23.680051],[113.661538,23.680061],[113.661487,23.680067],[113.66143,23.680069],[113.661366,23.680067],[113.661307,23.680061],[113.66126,23.680052],[113.661226,23.68004],[113.661212,23.680032],[113.661191,23.680015],[113.661067,23.679909],[113.661041,23.679889],[113.661018,23.679874],[113.660993,23.67986],[113.660968,23.679849],[113.660942,23.679839],[113.66091,23.679831],[113.660878,23.679825],[113.660844,23.679821],[113.66081,23.67982],[113.660783,23.679822],[113.660759,23.679826],[113.660738,23.679833],[113.660717,23.679843],[113.6607,23.679856],[113.660686,23.679873],[113.660676,23.679892],[113.660669,23.679917],[113.660662,23.679956],[113.66066,23.679993],[113.660662,23.680027],[113.660668,23.68006],[113.660689,23.680116],[113.660716,23.680175],[113.660855,23.680423],[113.660887,23.680484],[113.660914,23.680549],[113.660923,23.680579],[113.660928,23.680605],[113.660929,23.68063],[113.660927,23.680655],[113.660921,23.680672],[113.660911,23.680684],[113.660901,23.680691],[113.660888,23.680694],[113.660827,23.680693],[113.660824,23.680674],[113.660821,23.680602],[113.660815,23.680573],[113.660805,23.680546],[113.660789,23.680512],[113.660767,23.680476],[113.660705,23.680387],[113.66065,23.680315],[113.660627,23.680275],[113.660601,23.680215],[113.660575,23.680137],[113.66056,23.68008],[113.660549,23.680024],[113.660543,23.679959],[113.660542,23.679894],[113.660547,23.679829],[113.660559,23.679767],[113.660579,23.679704],[113.660604,23.679648],[113.660633,23.6796],[113.660647,23.679582],[113.660663,23.679569],[113.660677,23.67956],[113.660694,23.679552],[113.66071,23.679548],[113.660727,23.679547],[113.660744,23.679547],[113.660766,23.679552],[113.660806,23.679566],[113.660831,23.679579],[113.660905,23.679623],[113.660988,23.679676],[113.661006,23.679691],[113.661164,23.67983],[113.661202,23.679859],[113.661242,23.679884],[113.661272,23.6799],[113.661303,23.679914],[113.661336,23.679926],[113.66137,23.679937],[113.661404,23.679946],[113.661434,23.679951],[113.661465,23.679954],[113.661495,23.679955],[113.661526,23.679954],[113.661556,23.67995],[113.661586,23.679945],[113.661617,23.679937],[113.661664,23.67992],[113.661769,23.679875],[113.661895,23.679816],[113.662083,23.679722],[113.662229,23.679613],[113.66227,23.679587],[113.662293,23.679577],[113.662318,23.679569],[113.662342,23.679566],[113.662361,23.679567],[113.662379,23.679573],[113.662396,23.679582],[113.662411,23.679594],[113.662427,23.679613],[113.662462,23.679667],[113.662499,23.679729],[113.66258,23.67988],[113.662594,23.679901],[113.662613,23.679923],[113.662627,23.679935],[113.662645,23.679946],[113.662661,23.679953],[113.662678,23.679958],[113.662696,23.67996],[113.662715,23.67996],[113.662734,23.679957],[113.662759,23.679951],[113.662809,23.679931],[113.662853,23.679908],[113.66289,23.679883],[113.662922,23.679854],[113.662944,23.679825],[113.662985,23.679748],[113.663009,23.679711],[113.663038,23.67967],[113.663077,23.67962],[113.663127,23.679558],[113.663218,23.679453],[113.663234,23.679419],[113.663256,23.679362],[113.663281,23.679286],[113.663298,23.679225],[113.66331,23.679173],[113.663319,23.679117],[113.663324,23.679069],[113.663329,23.678996],[113.663336,23.678949],[113.663351,23.678889],[113.663373,23.678831],[113.663391,23.678793],[113.663411,23.678761],[113.66343,23.678736],[113.663452,23.678716],[113.663475,23.6787],[113.663501,23.678689],[113.663529,23.678683],[113.66356,23.678681],[113.6636,23.678684],[113.663655,23.678697],[113.663699,23.678714],[113.66374,23.678736],[113.663773,23.678761],[113.663799,23.67879],[113.663821,23.678823],[113.663838,23.678863],[113.663848,23.678897],[113.663855,23.678937],[113.663859,23.67898],[113.663858,23.679026],[113.663853,23.679099],[113.663843,23.679173],[113.663832,23.679234],[113.663812,23.679321],[113.663808,23.679351],[113.663805,23.679399],[113.66381,23.679447],[113.66382,23.67949],[113.663838,23.679538],[113.663853,23.679568],[113.663909,23.679672],[113.663934,23.679724],[113.663954,23.679772],[113.663979,23.679842],[113.664028,23.68],[113.663998,23.680163],[113.663985,23.680205],[113.663966,23.680252],[113.663938,23.680305],[113.663899,23.680361],[113.663872,23.680393],[113.663773,23.680503],[113.663739,23.680543],[113.663735,23.680554],[113.663732,23.680571],[113.66373,23.680636],[113.663727,23.680655],[113.663719,23.680675],[113.663713,23.680683],[113.663706,23.680688],[113.663689,23.680694],[113.663668,23.680693],[113.663653,23.680687],[113.663641,23.680674],[113.663634,23.680655],[113.663631,23.68063],[113.663633,23.680602],[113.663638,23.680574],[113.663645,23.680553],[113.663655,23.680532],[113.663681,23.680486],[113.663743,23.680401],[113.663812,23.680319],[113.663825,23.680299],[113.663839,23.680273],[113.66386,23.680219],[113.663879,23.68015],[113.66389,23.680089],[113.663895,23.680028],[113.663894,23.679989],[113.663892,23.679954],[113.663887,23.67992],[113.663879,23.679881],[113.663865,23.67983],[113.663848,23.679776],[113.66383,23.679728],[113.663813,23.67969],[113.663786,23.679643],[113.663769,23.679619],[113.663751,23.679597],[113.663707,23.679554],[113.663642,23.679501],[113.663619,23.679476],[113.663607,23.679456],[113.663597,23.679435],[113.663589,23.679412],[113.663585,23.679387],[113.663584,23.679345],[113.663588,23.679303],[113.663602,23.679238],[113.663622,23.679169],[113.663641,23.679117],[113.663663,23.679065],[113.66375,23.678889]]],[[[113.660807,23.678502],[113.660787,23.678483],[113.660763,23.678465],[113.660741,23.678453],[113.660719,23.678446],[113.660698,23.678445],[113.660678,23.678448],[113.660661,23.678456],[113.660642,23.67847],[113.660624,23.678488],[113.660606,23.678512],[113.660562,23.678577],[113.66052,23.678641],[113.660447,23.678767],[113.660417,23.678823],[113.6604,23.678858],[113.66039,23.678887],[113.660378,23.678931],[113.66035,23.679052],[113.660341,23.679121],[113.660338,23.679191],[113.660341,23.679234],[113.660346,23.679277],[113.660356,23.679333],[113.660369,23.679393],[113.66038,23.679432],[113.66039,23.67946],[113.660399,23.679475],[113.66041,23.679483],[113.660424,23.679486],[113.660442,23.679485],[113.660463,23.67948],[113.660487,23.679472],[113.6605,23.679465],[113.660512,23.679456],[113.660522,23.679445],[113.66053,23.679432],[113.660542,23.679407],[113.66055,23.679377],[113.660554,23.67934],[113.660557,23.679274],[113.660561,23.679235],[113.660569,23.679196],[113.660583,23.679158],[113.660595,23.679135],[113.660608,23.679117],[113.66067,23.679048],[113.660691,23.67902],[113.66071,23.678992],[113.660844,23.678744],[113.660856,23.678718],[113.660865,23.678688],[113.66087,23.67866],[113.660871,23.678632],[113.660867,23.678604],[113.660859,23.678578],[113.660846,23.678552],[113.660829,23.678526],[113.660807,23.678502]]],[[[113.658821,23.678275],[113.658796,23.678257],[113.658781,23.678251],[113.658766,23.678247],[113.658737,23.678244],[113.658703,23.678249],[113.658679,23.678257],[113.658654,23.678269],[113.658506,23.678353],[113.658497,23.67836],[113.658476,23.678383],[113.658451,23.678418],[113.658357,23.67858],[113.658325,23.678631],[113.658289,23.678682],[113.658245,23.678739],[113.658204,23.678788],[113.658172,23.678824],[113.658132,23.678864],[113.658102,23.678898],[113.658056,23.678959],[113.657988,23.679058],[113.657955,23.6791],[113.657934,23.679122],[113.657914,23.679139],[113.657894,23.679152],[113.657875,23.679161],[113.65785,23.679167],[113.657778,23.679167],[113.657778,23.679378],[113.657779,23.679392],[113.657782,23.679406],[113.657787,23.679417],[113.657795,23.679427],[113.657803,23.679433],[113.657814,23.679439],[113.65783,23.679443],[113.657846,23.679444],[113.657859,23.679443],[113.657872,23.67944],[113.657893,23.67943],[113.657915,23.679413],[113.657938,23.679389],[113.657962,23.679358],[113.657985,23.67932],[113.658066,23.67918],[113.658122,23.67909],[113.658188,23.678994],[113.658255,23.678909],[113.658295,23.678852],[113.658361,23.678752],[113.658464,23.678588],[113.658469,23.678584],[113.658476,23.678582],[113.658496,23.678582],[113.658524,23.678587],[113.658553,23.678596],[113.65857,23.678605],[113.658586,23.678618],[113.658603,23.678637],[113.658617,23.678658],[113.658637,23.678697],[113.658657,23.678748],[113.658675,23.678809],[113.658687,23.678869],[113.658694,23.678926],[113.658697,23.678987],[113.658695,23.679043],[113.658687,23.67909],[113.658677,23.679127],[113.65866,23.679168],[113.658639,23.679209],[113.658613,23.679248],[113.658592,23.679275],[113.658562,23.679308],[113.658496,23.679376],[113.658452,23.679413],[113.65841,23.679436],[113.658389,23.679456],[113.658367,23.679486],[113.658345,23.679523],[113.658318,23.679577],[113.658301,23.679616],[113.658289,23.679655],[113.658282,23.67969],[113.658278,23.679724],[113.658279,23.679759],[113.658282,23.679789],[113.658287,23.67982],[113.658311,23.679898],[113.65832,23.679941],[113.658325,23.679989],[113.658325,23.680037],[113.658319,23.680089],[113.658307,23.680137],[113.658281,23.680212],[113.65827,23.680238],[113.658258,23.680261],[113.658244,23.68028],[113.658231,23.680291],[113.658205,23.680298],[113.658196,23.680298],[113.658188,23.680296],[113.658061,23.680176],[113.657996,23.680119],[113.657965,23.680095],[113.657939,23.680077],[113.657915,23.680063],[113.65789,23.680052],[113.657872,23.680046],[113.657853,23.680043],[113.657832,23.680043],[113.657814,23.680046],[113.6578,23.680052],[113.65779,23.680059],[113.657782,23.680069],[113.657779,23.68008],[113.657778,23.680145],[113.657795,23.680148],[113.657855,23.68015],[113.657879,23.680153],[113.657909,23.680162],[113.657939,23.680178],[113.657974,23.680203],[113.65802,23.680246],[113.658074,23.680303],[113.658133,23.68037],[113.658155,23.680391],[113.658177,23.680407],[113.658201,23.680421],[113.65823,23.680433],[113.658259,23.680442],[113.65831,23.680452],[113.658361,23.680455],[113.658405,23.680451],[113.65844,23.680441],[113.658454,23.680434],[113.658469,23.680425],[113.658483,23.680413],[113.658494,23.6804],[113.658504,23.680386],[113.658511,23.680372],[113.658525,23.680332],[113.658533,23.680293],[113.658536,23.680246],[113.658534,23.680195],[113.658526,23.680141],[113.658506,23.680042],[113.658491,23.679979],[113.658429,23.679822],[113.658417,23.679787],[113.65841,23.679748],[113.65841,23.67973],[113.658411,23.679712],[113.658416,23.679692],[113.658425,23.679671],[113.658468,23.679612],[113.658526,23.679542],[113.658702,23.67934],[113.658765,23.67926],[113.658788,23.679225],[113.658801,23.679202],[113.658814,23.679172],[113.658827,23.679132],[113.65884,23.679079],[113.65886,23.678974],[113.658877,23.6789],[113.658896,23.67883],[113.658929,23.67873],[113.658939,23.678696],[113.658947,23.678644],[113.65895,23.678596],[113.658947,23.678548],[113.658939,23.678505],[113.658926,23.678457],[113.658909,23.67841],[113.65889,23.678368],[113.658869,23.678331],[113.658846,23.6783],[113.658821,23.678275]]],[[[113.667126,23.676088],[113.667109,23.676082],[113.667086,23.676078],[113.66706,23.676076],[113.667027,23.676078],[113.666964,23.676085],[113.666806,23.676111],[113.666609,23.676248],[113.666553,23.676289],[113.666513,23.676321],[113.666484,23.676347],[113.666472,23.676362],[113.666465,23.676379],[113.666464,23.676397],[113.66647,23.676414],[113.666481,23.67643],[113.666669,23.676644],[113.66671,23.676685],[113.666747,23.67672],[113.666775,23.676741],[113.666806,23.676762],[113.666867,23.676796],[113.666942,23.676832],[113.66699,23.676852],[113.667042,23.676868],[113.667099,23.67688],[113.667151,23.676886],[113.667203,23.676886],[113.667254,23.676882],[113.667286,23.676875],[113.667312,23.676866],[113.667336,23.676856],[113.667363,23.676841],[113.667387,23.676823],[113.667406,23.676805],[113.667424,23.676785],[113.667442,23.676759],[113.667456,23.676736],[113.667469,23.676708],[113.667479,23.676679],[113.667487,23.676648],[113.667491,23.676617],[113.667492,23.676585],[113.66749,23.676551],[113.667486,23.676517],[113.667471,23.676445],[113.667462,23.676414],[113.667451,23.676384],[113.667439,23.676357],[113.667426,23.676333],[113.667412,23.676311],[113.667394,23.676288],[113.667373,23.676266],[113.667349,23.676242],[113.667297,23.6762],[113.667205,23.676137],[113.667126,23.676088]],[[113.667381,23.676362],[113.667371,23.67635],[113.667354,23.676335],[113.667302,23.676297],[113.667216,23.676239],[113.667168,23.676213],[113.667125,23.676196],[113.667081,23.676184],[113.667038,23.676178],[113.666994,23.676178],[113.666964,23.676182],[113.666934,23.676188],[113.666895,23.676199],[113.666857,23.676212],[113.666787,23.676242],[113.666751,23.676261],[113.666715,23.676282],[113.666666,23.676316],[113.666651,23.67633],[113.666638,23.676345],[113.666629,23.67636],[113.666622,23.676377],[113.666618,23.676397],[113.666618,23.676415],[113.666621,23.676433],[113.666628,23.676456],[113.666639,23.67648],[113.666654,23.676504],[113.666742,23.676612],[113.666797,23.676676],[113.666844,23.676701],[113.666947,23.67675],[113.666977,23.676763],[113.667007,23.676774],[113.667051,23.676785],[113.66709,23.676792],[113.667129,23.676794],[113.667168,23.676794],[113.667203,23.67679],[113.667245,23.676782],[113.66729,23.67677],[113.667325,23.676758],[113.667351,23.676747],[113.667374,23.676733],[113.66739,23.676718],[113.6674,23.676703],[113.667409,23.676678],[113.667415,23.676648],[113.667417,23.676611],[113.667416,23.676563],[113.66741,23.676493],[113.667401,23.676429],[113.667392,23.676386],[113.667381,23.676362]]],[[[113.669654,23.674747],[113.669628,23.67475],[113.669598,23.67476],[113.669568,23.674775],[113.66953,23.674797],[113.669496,23.67482],[113.669455,23.674851],[113.669327,23.674958],[113.669306,23.674978],[113.669299,23.674988],[113.669296,23.675013],[113.669297,23.675066],[113.669306,23.675278],[113.669351,23.675444],[113.669368,23.675488],[113.669388,23.675528],[113.669415,23.675567],[113.669447,23.675602],[113.66948,23.675631],[113.669526,23.675663],[113.669566,23.675685],[113.669605,23.675701],[113.669638,23.675708],[113.669677,23.675708],[113.669708,23.675706],[113.669722,23.675702],[113.669722,23.675664],[113.66972,23.675657],[113.669715,23.675652],[113.669704,23.675646],[113.669687,23.675641],[113.669635,23.675638],[113.66961,23.675635],[113.669588,23.675629],[113.669567,23.675621],[113.669541,23.675606],[113.669518,23.675589],[113.6695,23.675569],[113.669482,23.675543],[113.669466,23.675512],[113.669451,23.675478],[113.669437,23.67544],[113.669424,23.675397],[113.669415,23.675358],[113.669408,23.675319],[113.669403,23.67528],[113.669401,23.675245],[113.669402,23.675202],[113.669406,23.675158],[113.669412,23.675116],[113.66942,23.67508],[113.669431,23.675047],[113.669444,23.675017],[113.669461,23.674988],[113.669478,23.674964],[113.6695,23.674942],[113.669529,23.67492],[113.669557,23.674902],[113.669587,23.674887],[113.669607,23.67488],[113.66963,23.674875],[113.669703,23.674872],[113.669717,23.67487],[113.669722,23.674868],[113.669722,23.674798],[113.66972,23.674784],[113.669715,23.674774],[113.669705,23.674762],[113.669693,23.674754],[113.669675,23.674749],[113.669654,23.674747]]],[[[113.665719,23.673926],[113.665709,23.673939],[113.665693,23.673952],[113.665672,23.673968],[113.665642,23.673986],[113.665579,23.67402],[113.665344,23.674134],[113.665325,23.674146],[113.665308,23.674163],[113.665295,23.674179],[113.665282,23.6742],[113.665261,23.674244],[113.665248,23.674282],[113.665213,23.6744],[113.665199,23.67444],[113.665186,23.674473],[113.665172,23.674499],[113.665086,23.674645],[113.665052,23.674693],[113.665009,23.674741],[113.664961,23.674784],[113.664905,23.674825],[113.664865,23.67485],[113.664821,23.674875],[113.664724,23.674924],[113.664574,23.674991],[113.664418,23.675052],[113.664371,23.675069],[113.664311,23.675086],[113.664246,23.6751],[113.664199,23.675107],[113.664052,23.675124],[113.663982,23.675136],[113.663913,23.675149],[113.663853,23.675163],[113.663801,23.675177],[113.663754,23.675192],[113.663711,23.675209],[113.663676,23.675225],[113.663649,23.67524],[113.663626,23.675255],[113.663602,23.675275],[113.66358,23.675298],[113.663557,23.675327],[113.663539,23.675355],[113.663518,23.675393],[113.663507,23.675409],[113.663487,23.675426],[113.663466,23.675436],[113.663443,23.675439],[113.663417,23.675437],[113.663388,23.675429],[113.663357,23.675415],[113.663302,23.675383],[113.663229,23.675336],[113.663196,23.675313],[113.663172,23.675293],[113.663157,23.675283],[113.663105,23.675257],[113.662978,23.675203],[113.662898,23.675162],[113.662806,23.675108],[113.662639,23.675],[113.662477,23.674979],[113.662397,23.674972],[113.662358,23.674973],[113.662321,23.674976],[113.662291,23.674982],[113.662271,23.67499],[113.662252,23.675002],[113.662232,23.67502],[113.662212,23.675042],[113.662191,23.675072],[113.66216,23.675124],[113.662083,23.675278],[113.662052,23.675452],[113.662047,23.675499],[113.662045,23.67554],[113.662047,23.675576],[113.662053,23.675608],[113.662065,23.675643],[113.662086,23.675689],[113.662107,23.675728],[113.662137,23.675776],[113.662146,23.675793],[113.662153,23.675818],[113.662153,23.675829],[113.66215,23.675839],[113.662142,23.675853],[113.66213,23.675864],[113.662114,23.675873],[113.66209,23.675881],[113.662064,23.675887],[113.662031,23.675892],[113.661991,23.675895],[113.661947,23.675897],[113.661879,23.675896],[113.661818,23.675891],[113.661761,23.675882],[113.661707,23.675869],[113.661545,23.675822],[113.661374,23.675767],[113.66123,23.67572],[113.661057,23.675659],[113.660974,23.675632],[113.66087,23.675602],[113.660694,23.675556],[113.660528,23.675472],[113.660443,23.675426],[113.660346,23.675368],[113.660311,23.675344],[113.660291,23.675328],[113.660279,23.675315],[113.660266,23.675298],[113.660256,23.675281],[113.660248,23.675262],[113.660243,23.675242],[113.66024,23.675221],[113.66024,23.675179],[113.660249,23.675128],[113.660275,23.675028],[113.660298,23.674954],[113.660336,23.67485],[113.660346,23.674816],[113.660351,23.674789],[113.660354,23.674759],[113.660354,23.674733],[113.660351,23.674707],[113.660342,23.674664],[113.660327,23.67462],[113.660258,23.674486],[113.660213,23.674382],[113.66019,23.674321],[113.660139,23.674167],[113.659972,23.674136],[113.659876,23.674122],[113.659785,23.674115],[113.659659,23.674111],[113.659581,23.674107],[113.659494,23.674099],[113.659416,23.674088],[113.659351,23.674074],[113.659282,23.674051],[113.65923,23.67403],[113.659152,23.673991],[113.659118,23.673978],[113.659098,23.673973],[113.659079,23.67397],[113.65906,23.67397],[113.659042,23.673972],[113.659014,23.673981],[113.658988,23.673996],[113.658964,23.674016],[113.658941,23.674043],[113.658894,23.674111],[113.658851,23.67418],[113.658823,23.67423],[113.658786,23.674309],[113.658764,23.674348],[113.658744,23.674377],[113.658723,23.674401],[113.658706,23.674415],[113.658673,23.674434],[113.658624,23.674458],[113.658563,23.674485],[113.658519,23.6745],[113.6585,23.674503],[113.658482,23.674504],[113.658461,23.6745],[113.658444,23.67449],[113.658405,23.67445],[113.658353,23.674401],[113.65814,23.674211],[113.658093,23.674173],[113.658039,23.674135],[113.657975,23.674097],[113.657947,23.674083],[113.657922,23.674074],[113.657898,23.674066],[113.657875,23.674062],[113.657818,23.674059],[113.657797,23.674056],[113.657782,23.674051],[113.657779,23.674048],[113.657778,23.674044],[113.657778,23.673983],[113.657784,23.673972],[113.657794,23.673963],[113.657804,23.673958],[113.657818,23.673955],[113.657851,23.673953],[113.65788,23.673957],[113.657914,23.673966],[113.657963,23.673986],[113.658016,23.674012],[113.658252,23.674148],[113.658298,23.674179],[113.658387,23.674252],[113.658414,23.674269],[113.658435,23.674279],[113.658456,23.674284],[113.658478,23.674286],[113.658501,23.674284],[113.658521,23.674279],[113.658537,23.674272],[113.658558,23.674262],[113.658578,23.67425],[113.658712,23.674152],[113.658728,23.674138],[113.658746,23.674118],[113.658781,23.674072],[113.658826,23.674006],[113.65885,23.673968],[113.65887,23.673932],[113.658887,23.673896],[113.658898,23.673863],[113.658903,23.673841],[113.658905,23.673804],[113.658909,23.673787],[113.658917,23.67377],[113.65893,23.673759],[113.658946,23.673752],[113.658965,23.67375],[113.659341,23.67375],[113.659352,23.673752],[113.659362,23.67376],[113.659369,23.673775],[113.659374,23.673795],[113.659377,23.673837],[113.659382,23.673853],[113.659389,23.673867],[113.659402,23.673883],[113.659417,23.673896],[113.659437,23.67391],[113.659459,23.673922],[113.659494,23.673936],[113.659542,23.673953],[113.659641,23.673982],[113.659707,23.673997],[113.660015,23.67406],[113.660098,23.674081],[113.660149,23.6741],[113.660188,23.67412],[113.660201,23.674129],[113.660213,23.67414],[113.660235,23.674167],[113.660252,23.674198],[113.66027,23.67424],[113.660282,23.674278],[113.66031,23.674381],[113.660337,23.674453],[113.660362,23.674508],[113.660455,23.674667],[113.660467,23.6747],[113.660474,23.67474],[113.660477,23.674787],[113.660476,23.674838],[113.66047,23.674912],[113.66046,23.674978],[113.660452,23.675016],[113.660442,23.675049],[113.660375,23.675203],[113.660364,23.675234],[113.66036,23.675255],[113.660361,23.675274],[113.660366,23.675289],[113.660375,23.675301],[113.660401,23.675317],[113.660443,23.675338],[113.660691,23.675441],[113.660768,23.675477],[113.660893,23.675538],[113.660943,23.67556],[113.661222,23.67565],[113.661313,23.675677],[113.661404,23.675702],[113.661495,23.675724],[113.661586,23.675743],[113.661673,23.675757],[113.661714,23.67576],[113.661743,23.675757],[113.661773,23.675749],[113.661796,23.675738],[113.661819,23.67572],[113.661837,23.6757],[113.661852,23.675675],[113.661867,23.67564],[113.661878,23.675604],[113.661885,23.67557],[113.661888,23.675539],[113.661889,23.675503],[113.661887,23.675466],[113.661881,23.675427],[113.661853,23.67528],[113.661828,23.675137],[113.661826,23.675116],[113.661826,23.675092],[113.661828,23.675074],[113.661831,23.675057],[113.661839,23.675039],[113.661847,23.675025],[113.661857,23.675012],[113.661872,23.674998],[113.661887,23.674988],[113.661903,23.674979],[113.661938,23.674967],[113.662055,23.674938],[113.662224,23.6749],[113.662281,23.67489],[113.662337,23.674884],[113.662398,23.674883],[113.662459,23.674887],[113.662519,23.674895],[113.662562,23.674903],[113.6626,23.674913],[113.662633,23.674924],[113.662661,23.674937],[113.662684,23.674951],[113.662732,23.674987],[113.662782,23.675023],[113.662864,23.675076],[113.662946,23.675119],[113.663049,23.675164],[113.663127,23.675192],[113.663201,23.675212],[113.663279,23.675225],[113.663353,23.675231],[113.663392,23.67523],[113.663431,23.675226],[113.66347,23.675218],[113.663509,23.675208],[113.66357,23.675185],[113.663657,23.675143],[113.663717,23.675117],[113.663783,23.675094],[113.663848,23.675077],[113.663913,23.675066],[113.664008,23.675052],[113.664099,23.675042],[113.664255,23.67503],[113.664298,23.675024],[113.664329,23.675017],[113.664553,23.674936],[113.664641,23.6749],[113.664737,23.674856],[113.664819,23.674815],[113.664879,23.674781],[113.664914,23.674757],[113.664943,23.674728],[113.664967,23.674698],[113.66499,23.674665],[113.665046,23.674577],[113.665075,23.67452],[113.665097,23.674464],[113.66511,23.674412],[113.665117,23.67436],[113.665118,23.674325],[113.665115,23.674208],[113.665116,23.674169],[113.665119,23.674136],[113.665124,23.67411],[113.665129,23.674098],[113.66514,23.674084],[113.665154,23.674071],[113.665181,23.674054],[113.665221,23.674036],[113.665255,23.674025],[113.665362,23.673994],[113.665442,23.673965],[113.665502,23.673939],[113.66554,23.673918],[113.665568,23.673895],[113.665579,23.673882],[113.665588,23.673869],[113.665595,23.673856],[113.6656,23.67384],[113.665603,23.673797],[113.665609,23.673776],[113.665613,23.673768],[113.665619,23.67376],[113.665627,23.673755],[113.665635,23.673752],[113.665647,23.67375],[113.665721,23.67375],[113.665729,23.673754],[113.665735,23.673763],[113.66574,23.673778],[113.665743,23.673797],[113.665743,23.673825],[113.665742,23.673851],[113.665739,23.673873],[113.665734,23.673893],[113.665728,23.673911],[113.665719,23.673926]]]]}},{"type":"Feature","properties":{"ID":9,"ELEV_MIN":90.0,"ELEV_MAX":95.0},"geometry":{"type":"MultiPolygon","coordinates":[[[[113.66375,23.678889],[113.663663,23.679065],[113.663641,23.679117],[113.663622,23.679169],[113.663602,23.679238],[113.663588,23.679303],[113.663584,23.679345],[113.663585,23.679387],[113.663589,23.679412],[113.663597,23.679435],[113.663607,23.679456],[113.663619,23.679476],[113.663642,23.679501],[113.663707,23.679554],[113.663753,23.6796],[113.663772,23.679623],[113.663788,23.679645],[113.663803,23.67967],[113.663817,23.679699],[113.663835,23.679741],[113.663851,23.679787],[113.66387,23.679846],[113.663882,23.679894],[113.663889,23.679933],[113.663893,23.679972],[113.663895,23.680015],[113.663894,23.680054],[113.663888,23.680102],[113.663878,23.680154],[113.663862,23.680212],[113.663845,23.680258],[113.663831,23.680289],[113.663815,23.680315],[113.663759,23.680382],[113.663719,23.680433],[113.663681,23.680486],[113.663658,23.680524],[113.663644,23.680558],[113.663635,23.680588],[113.663631,23.680613],[113.663629,23.680673],[113.663626,23.680687],[113.663623,23.680694],[113.663566,23.680694],[113.663555,23.680691],[113.663547,23.680684],[113.663539,23.680671],[113.663533,23.680649],[113.663532,23.680622],[113.663535,23.680598],[113.663541,23.680576],[113.663549,23.680553],[113.663576,23.680499],[113.663606,23.680448],[113.663694,23.680314],[113.663718,23.680273],[113.663733,23.68024],[113.663758,23.680152],[113.66378,23.680062],[113.663783,23.680036],[113.663785,23.680007],[113.663784,23.679978],[113.663782,23.679952],[113.663771,23.679897],[113.663747,23.679817],[113.663726,23.679768],[113.663707,23.67974],[113.663684,23.679715],[113.663653,23.679687],[113.663611,23.679653],[113.663572,23.679624],[113.663547,23.67961],[113.663522,23.6796],[113.663498,23.679594],[113.663478,23.679592],[113.663455,23.679594],[113.663432,23.6796],[113.663409,23.67961],[113.663387,23.679624],[113.663326,23.679677],[113.663257,23.67974],[113.663228,23.679768],[113.663206,23.679795],[113.663166,23.679856],[113.663122,23.679938],[113.663073,23.680042],[113.662998,23.680222],[113.662975,23.680266],[113.662954,23.680295],[113.662943,23.680304],[113.662923,23.680316],[113.662856,23.680346],[113.662767,23.68038],[113.662738,23.680388],[113.662713,23.680393],[113.662671,23.680397],[113.662632,23.680393],[113.662596,23.680381],[113.662563,23.680362],[113.662515,23.68032],[113.662468,23.680269],[113.662435,23.680223],[113.662398,23.680161],[113.662377,23.680131],[113.662352,23.680099],[113.662326,23.680073],[113.662291,23.680046],[113.662232,23.680011],[113.662178,23.679986],[113.662129,23.67997],[113.662109,23.679967],[113.66209,23.679965],[113.662072,23.679966],[113.662054,23.67997],[113.661999,23.679994],[113.661955,23.680011],[113.661817,23.680059],[113.661643,23.680123],[113.661582,23.680144],[113.661517,23.680163],[113.661447,23.68018],[113.661382,23.680192],[113.661343,23.680196],[113.661304,23.680194],[113.661265,23.680187],[113.661226,23.680175],[113.661183,23.680155],[113.661152,23.680137],[113.661122,23.680116],[113.660972,23.68],[113.660972,23.680278],[113.661001,23.68044],[113.661012,23.680513],[113.66102,23.680587],[113.661021,23.68064],[113.661019,23.680661],[113.661016,23.680675],[113.661011,23.680686],[113.661004,23.680693],[113.660997,23.680694],[113.66095,23.680694],[113.660944,23.680692],[113.660939,23.680687],[113.660935,23.680677],[113.660932,23.680662],[113.660929,23.680613],[113.660924,23.680585],[113.660914,23.680549],[113.660898,23.680509],[113.66086,23.680432],[113.660715,23.680173],[113.660688,23.680114],[113.660668,23.680057],[113.660662,23.680027],[113.66066,23.679993],[113.660662,23.679959],[113.660668,23.67992],[113.660675,23.679895],[113.660685,23.679875],[113.660698,23.679858],[113.660715,23.679844],[113.660733,23.679835],[113.660756,23.679827],[113.66078,23.679823],[113.660806,23.67982],[113.66084,23.679821],[113.660874,23.679824],[113.660906,23.67983],[113.660938,23.679838],[113.660964,23.679847],[113.66099,23.679859],[113.661014,23.679872],[113.661038,23.679887],[113.661064,23.679907],[113.661194,23.680018],[113.661214,23.680033],[113.661228,23.680041],[113.66126,23.680052],[113.661307,23.680061],[113.661366,23.680067],[113.66143,23.680069],[113.661487,23.680067],[113.661538,23.680061],[113.661591,23.680051],[113.661637,23.680038],[113.661776,23.679989],[113.661981,23.67989],[113.662033,23.67987],[113.662081,23.679855],[113.662138,23.679843],[113.662198,23.679837],[113.662254,23.679836],[113.662302,23.679843],[113.662335,23.679853],[113.662366,23.679869],[113.662392,23.679889],[113.662411,23.679913],[113.662441,23.679963],[113.662474,23.680026],[113.662572,23.680234],[113.66259,23.680268],[113.662606,23.680291],[113.662619,23.680303],[113.662636,23.680309],[113.662658,23.680309],[113.662682,23.680304],[113.662706,23.680294],[113.662733,23.680281],[113.66276,23.680264],[113.662792,23.680241],[113.662829,23.680212],[113.662859,23.680186],[113.662886,23.68016],[113.662908,23.680133],[113.662926,23.68011],[113.662942,23.680084],[113.66307,23.679822],[113.663107,23.679753],[113.663139,23.6797],[113.663161,23.679671],[113.663195,23.679634],[113.663241,23.679589],[113.66331,23.679527],[113.663331,23.679505],[113.663357,23.679473],[113.663381,23.679435],[113.663396,23.679405],[113.663408,23.679374],[113.663418,23.679342],[113.663425,23.679308],[113.663438,23.679217],[113.66345,23.679121],[113.663472,23.678889],[113.66375,23.678889]]],[[[113.66517,23.679932],[113.665158,23.67991],[113.665146,23.679899],[113.66514,23.679897],[113.665133,23.679896],[113.665119,23.679901],[113.665102,23.679918],[113.665085,23.679943],[113.665076,23.679968],[113.66507,23.679997],[113.665069,23.680019],[113.665071,23.680043],[113.66508,23.680095],[113.66509,23.680132],[113.665139,23.680278],[113.665174,23.68012],[113.665184,23.680053],[113.665185,23.680016],[113.665184,23.679985],[113.665178,23.679955],[113.66517,23.679932]]],[[[113.658543,23.678592],[113.658511,23.678584],[113.658489,23.678581],[113.658473,23.678583],[113.658463,23.678589],[113.658364,23.678748],[113.658295,23.678852],[113.658255,23.678909],[113.658188,23.678994],[113.658126,23.679084],[113.658062,23.679187],[113.657976,23.679336],[113.657955,23.679368],[113.657934,23.679394],[113.657917,23.679411],[113.657902,23.679424],[113.657886,23.679434],[113.65787,23.679441],[113.65785,23.679444],[113.657778,23.679444],[113.657778,23.680022],[113.657779,23.680027],[113.657786,23.680034],[113.657802,23.680039],[113.657823,23.680042],[113.657857,23.680043],[113.657882,23.680049],[113.657912,23.680061],[113.657945,23.680081],[113.657979,23.680105],[113.658019,23.680138],[113.65813,23.68024],[113.658185,23.680293],[113.658194,23.680298],[113.658211,23.680297],[113.658233,23.68029],[113.658245,23.680279],[113.658259,23.680259],[113.658276,23.680224],[113.658294,23.680177],[113.658311,23.680124],[113.65832,23.68008],[113.658324,23.68005],[113.658326,23.68002],[113.658325,23.679989],[113.658323,23.679959],[113.658312,23.679902],[113.658293,23.679842],[113.658285,23.679811],[113.65828,23.679781],[113.658278,23.67975],[113.658279,23.679716],[113.658284,23.679677],[113.658294,23.679638],[113.658306,23.679603],[113.658326,23.67956],[113.658349,23.679516],[113.658369,23.679484],[113.658389,23.679456],[113.65841,23.679436],[113.658452,23.679413],[113.658496,23.679376],[113.658562,23.679308],[113.658592,23.679275],[113.658613,23.679248],[113.658639,23.679209],[113.65866,23.679168],[113.658677,23.679127],[113.658689,23.679081],[113.658694,23.679047],[113.658697,23.679013],[113.658697,23.678969],[113.658695,23.67893],[113.658691,23.678891],[113.658684,23.678852],[113.658676,23.678813],[113.658665,23.678774],[113.658652,23.678735],[113.658638,23.6787],[113.658624,23.67867],[113.65861,23.678647],[113.658593,23.678626],[113.658578,23.678611],[113.65856,23.678599],[113.658543,23.678592]],[[113.658472,23.678889],[113.658378,23.67903],[113.65836,23.679059],[113.658342,23.679099],[113.658336,23.679119],[113.658334,23.679134],[113.658334,23.679152],[113.658338,23.679166],[113.658346,23.679178],[113.658358,23.67919],[113.658375,23.6792],[113.6584,23.679209],[113.658426,23.679215],[113.658448,23.679218],[113.658463,23.679219],[113.658477,23.679217],[113.658489,23.679212],[113.6585,23.679205],[113.658507,23.679196],[113.658512,23.679186],[113.658516,23.679173],[113.658518,23.679155],[113.658518,23.679119],[113.658512,23.679071],[113.658472,23.678889]],[[113.658194,23.68],[113.658194,23.68],[113.658194,23.68],[113.658194,23.68]]],[[[113.667381,23.676362],[113.667371,23.67635],[113.667354,23.676335],[113.667302,23.676297],[113.667216,23.676239],[113.667168,23.676213],[113.667125,23.676196],[113.667081,23.676184],[113.667038,23.676178],[113.666994,23.676178],[113.666964,23.676182],[113.666934,23.676188],[113.666895,23.676199],[113.666857,23.676212],[113.666787,23.676242],[113.666751,23.676261],[113.666715,23.676282],[113.666666,23.676316],[113.666651,23.67633],[113.666638,23.676345],[113.666629,23.67636],[113.666622,23.676377],[113.666618,23.676397],[113.666618,23.676415],[113.666621,23.676433],[113.666628,23.676456],[113.666639,23.67648],[113.666654,23.676504],[113.666742,23.676612],[113.666797,23.676676],[113.666844,23.676701],[113.666947,23.67675],[113.666977,23.676763],[113.667007,23.676774],[113.667051,23.676785],[113.66709,23.676792],[113.667129,23.676794],[113.667168,23.676794],[113.667203,23.67679],[113.667245,23.676782],[113.66729,23.67677],[113.667325,23.676758],[113.667351,23.676747],[113.667374,23.676733],[113.66739,23.676718],[113.6674,23.676703],[113.667409,23.676678],[113.667415,23.676648],[113.667417,23.676611],[113.667416,23.676563],[113.66741,23.676493],[113.667401,23.676429],[113.667392,23.676386],[113.667381,23.676362]],[[113.667189,23.676326],[113.667166,23.676313],[113.667139,23.676301],[113.667114,23.676293],[113.667088,23.676287],[113.667061,23.676283],[113.66703,23.676282],[113.667001,23.676283],[113.666968,23.676288],[113.666913,23.6763],[113.666858,23.676315],[113.666813,23.67633],[113.666781,23.676344],[113.666759,23.676357],[113.666745,23.67637],[113.666737,23.676387],[113.666737,23.676404],[113.666743,23.676423],[113.666754,23.676442],[113.666823,23.676527],[113.666898,23.676612],[113.666928,23.676641],[113.666956,23.676664],[113.66698,23.676681],[113.667004,23.676695],[113.667024,23.676704],[113.667045,23.67671],[113.667068,23.676714],[113.667092,23.676716],[113.667118,23.676715],[113.667146,23.676711],[113.667182,23.676703],[113.667213,23.676693],[113.667233,23.676683],[113.667254,23.676668],[113.66727,23.676649],[113.667283,23.676628],[113.667292,23.676603],[113.667297,23.676574],[113.667299,23.676538],[113.667296,23.676496],[113.667288,23.676457],[113.667276,23.676426],[113.667261,23.676397],[113.66724,23.676368],[113.667216,23.676345],[113.667189,23.676326]]],[[[113.669722,23.674938],[113.669719,23.674913],[113.669715,23.674903],[113.669709,23.674894],[113.669702,23.674887],[113.669693,23.674882],[113.66967,23.674875],[113.669639,23.674874],[113.669607,23.67488],[113.669576,23.674892],[113.669541,23.674911],[113.669512,23.674932],[113.669489,23.674953],[113.66947,23.674974],[113.669454,23.674999],[113.669438,23.67503],[113.669426,23.675061],[113.669416,23.675099],[113.669408,23.675141],[113.669403,23.675189],[113.669401,23.675232],[113.669403,23.675276],[113.669408,23.675319],[113.669416,23.675362],[113.669427,23.675406],[113.669441,23.675452],[113.669458,23.675496],[113.669473,23.675527],[113.669489,23.675554],[113.669505,23.675575],[113.669522,23.675592],[113.669545,23.675609],[113.669569,23.675621],[113.669596,23.675631],[113.669622,23.675637],[113.669645,23.675639],[113.669668,23.675638],[113.669687,23.675636],[113.669702,23.675632],[113.669713,23.675625],[113.669719,23.675617],[113.669722,23.675607],[113.669721,23.675596],[113.669717,23.675588],[113.66971,23.675581],[113.669701,23.675576],[113.66969,23.675573],[113.669666,23.67557],[113.669592,23.675567],[113.669577,23.675564],[113.669571,23.675559],[113.669558,23.67553],[113.669535,23.675469],[113.669513,23.675406],[113.669504,23.675371],[113.669498,23.675336],[113.669495,23.675302],[113.669496,23.675267],[113.669499,23.675237],[113.669507,23.675197],[113.669519,23.675158],[113.669583,23.675],[113.669662,23.675],[113.669677,23.674998],[113.669692,23.674993],[113.669705,23.674984],[113.669714,23.674972],[113.66972,23.674958],[113.669722,23.674938]]],[[[113.658904,23.673821],[113.658903,23.673769],[113.6589,23.673756],[113.658897,23.67375],[113.65881,23.67375],[113.658792,23.673754],[113.658776,23.67376],[113.658768,23.673767],[113.658761,23.673775],[113.658756,23.673785],[113.658752,23.673799],[113.65875,23.673816],[113.65875,23.673889],[113.658605,23.674021],[113.65857,23.674048],[113.658544,23.674064],[113.658513,23.674079],[113.658487,23.674088],[113.658457,23.674093],[113.658431,23.674094],[113.658405,23.674091],[113.658379,23.674085],[113.658353,23.674075],[113.6581,23.673939],[113.658072,23.673921],[113.658043,23.673896],[113.658032,23.673883],[113.658023,23.67387],[113.658015,23.673854],[113.658011,23.67384],[113.658008,23.673799],[113.658003,23.673778],[113.657999,23.673769],[113.657993,23.673761],[113.657985,23.673755],[113.657976,23.673752],[113.657964,23.67375],[113.657838,23.67375],[113.657816,23.673755],[113.657798,23.673765],[113.657786,23.673781],[113.657781,23.673792],[113.657779,23.673804],[113.657778,23.673923],[113.65778,23.673931],[113.657784,23.673937],[113.657791,23.673943],[113.657799,23.673947],[113.657823,23.673952],[113.657869,23.673955],[113.657899,23.673961],[113.657942,23.673977],[113.657996,23.674002],[113.658041,23.674026],[113.658259,23.674152],[113.658306,23.674186],[113.658387,23.674252],[113.658408,23.674266],[113.658429,23.674276],[113.658447,23.674282],[113.658469,23.674285],[113.658488,23.674285],[113.658507,23.674282],[113.658527,23.674276],[113.658547,23.674268],[113.658568,23.674256],[113.658694,23.674165],[113.658723,23.674143],[113.658736,23.67413],[113.658763,23.674096],[113.658801,23.674043],[113.658838,23.673989],[113.658864,23.673945],[113.658881,23.673911],[113.658894,23.673877],[113.658902,23.673846],[113.658904,23.673821]]],[[[113.665602,23.673821],[113.665601,23.673792],[113.665597,23.673769],[113.66559,23.673755],[113.66558,23.67375],[113.665117,23.67375],[113.665109,23.673753],[113.665103,23.673763],[113.665099,23.673781],[113.665095,23.673852],[113.665089,23.673901],[113.665079,23.673965],[113.665058,23.674069],[113.66505,23.674134],[113.665046,23.674182],[113.665045,23.674225],[113.665049,23.674342],[113.665048,23.674368],[113.665044,23.674399],[113.665035,23.674442],[113.66502,23.674486],[113.664998,23.674533],[113.664973,23.674577],[113.664892,23.674699],[113.664873,23.674725],[113.664866,23.67473],[113.664703,23.67481],[113.664586,23.674861],[113.664516,23.674888],[113.664447,23.674912],[113.664399,23.674927],[113.664347,23.67494],[113.664282,23.674953],[113.664217,23.674962],[113.663987,23.674977],[113.66375,23.675],[113.663579,23.675085],[113.663531,23.675104],[113.663479,23.675121],[113.663422,23.675135],[113.663366,23.675143],[113.663309,23.675147],[113.663249,23.675144],[113.663179,23.675134],[113.663145,23.675126],[113.663105,23.675115],[113.663024,23.675085],[113.66292,23.67504],[113.662891,23.675025],[113.662869,23.67501],[113.662731,23.674901],[113.662689,23.674873],[113.662659,23.674856],[113.662625,23.674839],[113.662594,23.674827],[113.662557,23.674815],[113.662515,23.674805],[113.662472,23.674798],[113.662424,23.674792],[113.662376,23.674789],[113.662333,23.674788],[113.662289,23.67479],[113.662194,23.674799],[113.662161,23.674801],[113.662124,23.674801],[113.662084,23.674798],[113.662035,23.674789],[113.661992,23.674776],[113.661904,23.67474],[113.66183,23.674705],[113.66182,23.674702],[113.661802,23.674699],[113.661778,23.6747],[113.661748,23.674704],[113.661725,23.67471],[113.661714,23.674716],[113.661705,23.674724],[113.661698,23.674733],[113.661692,23.674745],[113.661684,23.674773],[113.661682,23.674812],[113.661684,23.674842],[113.661696,23.674933],[113.661703,23.675015],[113.661708,23.675085],[113.661712,23.675189],[113.661717,23.675258],[113.661726,23.675336],[113.661743,23.675444],[113.661744,23.675479],[113.661739,23.675507],[113.661729,23.675535],[113.661713,23.675559],[113.661691,23.67558],[113.661663,23.675597],[113.661622,23.675614],[113.66158,23.675626],[113.661533,23.675633],[113.661488,23.675635],[113.66143,23.675631],[113.661366,23.675619],[113.661239,23.67559],[113.661197,23.675578],[113.661164,23.675566],[113.6611,23.675536],[113.660956,23.675456],[113.660802,23.675378],[113.660697,23.675329],[113.660616,23.675297],[113.660601,23.675287],[113.66059,23.675276],[113.660581,23.675262],[113.660574,23.675242],[113.660568,23.675219],[113.660566,23.675196],[113.660566,23.675158],[113.660572,23.675072],[113.660575,23.674998],[113.660576,23.674872],[113.660575,23.674837],[113.660571,23.674803],[113.660566,23.674772],[113.660558,23.674737],[113.66054,23.674681],[113.660516,23.674625],[113.660498,23.67459],[113.660417,23.674444],[113.66039,23.674286],[113.660381,23.674253],[113.660369,23.674222],[113.660353,23.67419],[113.660332,23.674159],[113.660311,23.674134],[113.660284,23.674108],[113.660246,23.674079],[113.660197,23.674048],[113.660151,23.674024],[113.660099,23.674002],[113.660028,23.673979],[113.659902,23.673949],[113.659815,23.673926],[113.659769,23.673912],[113.659742,23.6739],[113.65972,23.673883],[113.659706,23.673865],[113.659697,23.673841],[113.659693,23.6738],[113.659688,23.673779],[113.659682,23.673769],[113.659675,23.673762],[113.659668,23.673756],[113.659658,23.673753],[113.65964,23.67375],[113.659403,23.673751],[113.659391,23.673757],[113.659382,23.673771],[113.659377,23.673792],[113.659375,23.673818],[113.659376,23.673835],[113.659381,23.673851],[113.659389,23.673867],[113.6594,23.673881],[113.659415,23.673895],[113.659432,23.673907],[113.659453,23.673919],[113.659478,23.67393],[113.659557,23.673958],[113.659649,23.673984],[113.659711,23.673998],[113.660015,23.67406],[113.660094,23.67408],[113.660146,23.674099],[113.660186,23.674119],[113.660212,23.674138],[113.660233,23.674164],[113.660252,23.674198],[113.66027,23.67424],[113.660282,23.674278],[113.66031,23.674381],[113.660338,23.674457],[113.660364,23.67451],[113.660455,23.674667],[113.660466,23.674697],[113.660474,23.674737],[113.660477,23.674784],[113.660476,23.674838],[113.66047,23.674912],[113.660461,23.674975],[113.660452,23.675016],[113.660442,23.675049],[113.660375,23.675203],[113.660364,23.675236],[113.66036,23.675257],[113.660361,23.675275],[113.660366,23.67529],[113.660376,23.675302],[113.660403,23.675318],[113.660446,23.675339],[113.660691,23.675441],[113.660768,23.675477],[113.660893,23.675538],[113.660943,23.67556],[113.661217,23.675649],[113.661309,23.675676],[113.6614,23.675701],[113.661491,23.675723],[113.661578,23.675741],[113.661669,23.675757],[113.66171,23.67576],[113.66174,23.675758],[113.66177,23.67575],[113.661796,23.675738],[113.661817,23.675722],[113.661837,23.6757],[113.661852,23.675675],[113.661867,23.67564],[113.661878,23.675604],[113.661885,23.67557],[113.661888,23.675539],[113.661889,23.675503],[113.661887,23.675466],[113.661881,23.675427],[113.661853,23.67528],[113.661828,23.675137],[113.661825,23.675096],[113.661827,23.675078],[113.661831,23.675057],[113.661837,23.675042],[113.661845,23.675027],[113.661855,23.675014],[113.661867,23.675003],[113.661884,23.67499],[113.6619,23.674981],[113.661938,23.674967],[113.662038,23.674942],[113.662224,23.6749],[113.662281,23.67489],[113.662337,23.674884],[113.662398,23.674883],[113.662459,23.674887],[113.662519,23.674895],[113.662562,23.674903],[113.6626,23.674913],[113.662633,23.674924],[113.662661,23.674937],[113.662684,23.674951],[113.662732,23.674987],[113.662782,23.675023],[113.662864,23.675076],[113.662946,23.675119],[113.663049,23.675164],[113.663127,23.675192],[113.663201,23.675212],[113.663279,23.675225],[113.663353,23.675231],[113.663392,23.67523],[113.663431,23.675226],[113.66347,23.675218],[113.663509,23.675208],[113.66357,23.675185],[113.663657,23.675143],[113.663717,23.675117],[113.663783,23.675094],[113.663848,23.675077],[113.663913,23.675066],[113.664004,23.675053],[113.664095,23.675043],[113.664258,23.675029],[113.664303,23.675023],[113.664334,23.675016],[113.664539,23.674942],[113.664605,23.674915],[113.664682,23.674881],[113.664769,23.67484],[113.66484,23.674804],[113.664892,23.674773],[113.664922,23.67475],[113.664943,23.674728],[113.664969,23.674696],[113.664997,23.674655],[113.665028,23.674606],[113.665051,23.674568],[113.665067,23.674538],[113.665083,23.674503],[113.665096,23.674468],[113.66511,23.674412],[113.665117,23.67436],[113.665118,23.674321],[113.665115,23.674215],[113.665118,23.67415],[113.665124,23.67411],[113.665129,23.6741],[113.665135,23.67409],[113.665146,23.674077],[113.665162,23.674065],[113.665181,23.674054],[113.665205,23.674043],[113.665247,23.674027],[113.665338,23.674001],[113.665407,23.673979],[113.665471,23.673953],[113.665524,23.673927],[113.665557,23.673905],[113.665572,23.673891],[113.665582,23.673879],[113.665591,23.673863],[113.665597,23.67385],[113.665601,23.673835],[113.665602,23.673821]]]]}},{"type":"Feature","properties":{"ID":10,"ELEV_MIN":95.0,"ELEV_MAX":100.0},"geometry":{"type":"MultiPolygon","coordinates":[[[[113.658194,23.68],[113.658194,23.68],[113.658194,23.68],[113.658194,23.68]]],[[[113.663472,23.679722],[113.663194,23.68],[113.663161,23.68015],[113.663147,23.680195],[113.663134,23.680226],[113.663119,23.680255],[113.663101,23.680282],[113.663081,23.680307],[113.663058,23.680331],[113.663036,23.68035],[113.663006,23.680372],[113.662971,23.680396],[113.662934,23.680418],[113.662895,23.680438],[113.662818,23.680472],[113.662776,23.680488],[113.662754,23.680494],[113.662728,23.680499],[113.662702,23.680501],[113.662676,23.6805],[113.662645,23.680495],[113.662619,23.680488],[113.662589,23.680476],[113.662546,23.680452],[113.662507,23.680424],[113.662377,23.680315],[113.662314,23.680258],[113.662209,23.680167],[113.662165,23.680134],[113.662124,23.680112],[113.662099,23.680102],[113.662078,23.680096],[113.662057,23.680092],[113.662032,23.680089],[113.66199,23.68009],[113.66196,23.680095],[113.661929,23.680104],[113.661803,23.680145],[113.661717,23.680178],[113.661533,23.680255],[113.661503,23.680266],[113.66144,23.680284],[113.661346,23.680315],[113.661318,23.680327],[113.661291,23.680342],[113.661251,23.68037],[113.661214,23.680405],[113.66118,23.680447],[113.661147,23.680497],[113.661126,23.680537],[113.661111,23.680574],[113.661104,23.680606],[113.6611,23.680656],[113.661096,23.680671],[113.66109,23.680682],[113.661083,23.680688],[113.661074,23.680693],[113.661065,23.680694],[113.661054,23.680694],[113.661046,23.680691],[113.661038,23.680686],[113.661032,23.680679],[113.661028,23.680669],[113.661022,23.680644],[113.661019,23.680576],[113.66101,23.680502],[113.660972,23.680278],[113.660972,23.68],[113.661122,23.680116],[113.661152,23.680137],[113.661183,23.680155],[113.661226,23.680175],[113.661265,23.680187],[113.661304,23.680194],[113.661343,23.680196],[113.661382,23.680192],[113.661447,23.68018],[113.661517,23.680163],[113.661582,23.680144],[113.661643,23.680123],[113.661817,23.680059],[113.661955,23.680011],[113.661999,23.679994],[113.662054,23.67997],[113.662071,23.679967],[113.662088,23.679965],[113.662107,23.679966],[113.662129,23.67997],[113.662178,23.679986],[113.662232,23.680011],[113.662291,23.680046],[113.662326,23.680073],[113.662352,23.680099],[113.662377,23.680131],[113.662398,23.680161],[113.662435,23.680223],[113.662468,23.680269],[113.662515,23.68032],[113.662563,23.680362],[113.662596,23.680381],[113.662632,23.680393],[113.662671,23.680397],[113.662713,23.680393],[113.662738,23.680388],[113.662767,23.68038],[113.662856,23.680346],[113.662923,23.680316],[113.662943,23.680304],[113.662954,23.680295],[113.662975,23.680266],[113.662998,23.680222],[113.663073,23.680042],[113.663122,23.679938],[113.663166,23.679856],[113.663206,23.679795],[113.663228,23.679768],[113.663257,23.67974],[113.663326,23.679677],[113.663387,23.679624],[113.663409,23.67961],[113.663432,23.6796],[113.663455,23.679594],[113.663478,23.679592],[113.663498,23.679594],[113.663522,23.6796],[113.663547,23.67961],[113.663572,23.679624],[113.663614,23.679655],[113.663658,23.679691],[113.66369,23.679721],[113.663713,23.679747],[113.663725,23.679765],[113.663735,23.679787],[113.663747,23.679817],[113.663759,23.679855],[113.663778,23.679929],[113.663783,23.679961],[113.663785,23.67999],[113.663783,23.680033],[113.663777,23.680077],[113.663752,23.680175],[113.663733,23.68024],[113.663719,23.680271],[113.663698,23.680308],[113.663666,23.680358],[113.663598,23.68046],[113.663561,23.680527],[113.663546,23.680562],[113.663536,23.680593],[113.663532,23.680615],[113.66353,23.680651],[113.663527,23.680671],[113.66352,23.680685],[113.66351,23.680693],[113.663502,23.680694],[113.663439,23.680694],[113.66343,23.680692],[113.663423,23.680686],[113.663415,23.680669],[113.663411,23.680644],[113.663411,23.680609],[113.663415,23.680577],[113.663422,23.680548],[113.663433,23.680524],[113.663534,23.68036],[113.663557,23.680316],[113.663577,23.680272],[113.663601,23.680203],[113.663622,23.680132],[113.66363,23.680089],[113.663631,23.68005],[113.663628,23.680015],[113.66362,23.67998],[113.663609,23.679946],[113.663596,23.679915],[113.663569,23.679868],[113.663472,23.679722]]],[[[113.658472,23.678889],[113.658378,23.67903],[113.65836,23.679059],[113.658342,23.679099],[113.658336,23.679119],[113.658334,23.679134],[113.658334,23.679152],[113.658338,23.679166],[113.658346,23.679178],[113.658358,23.67919],[113.658375,23.6792],[113.6584,23.679209],[113.658426,23.679215],[113.658448,23.679218],[113.658463,23.679219],[113.658477,23.679217],[113.658489,23.679212],[113.6585,23.679205],[113.658507,23.679196],[113.658512,23.679186],[113.658516,23.679173],[113.658518,23.679155],[113.658518,23.679119],[113.658512,23.679071],[113.658472,23.678889]]],[[[113.667189,23.676326],[113.667166,23.676313],[113.667139,23.676301],[113.667114,23.676293],[113.667088,23.676287],[113.667061,23.676283],[113.66703,23.676282],[113.667001,23.676283],[113.666968,23.676288],[113.666913,23.6763],[113.666858,23.676315],[113.666813,23.67633],[113.666781,23.676344],[113.666759,23.676357],[113.666745,23.67637],[113.666737,23.676387],[113.666737,23.676404],[113.666743,23.676423],[113.666754,23.676442],[113.666823,23.676527],[113.666898,23.676612],[113.666928,23.676641],[113.666956,23.676664],[113.66698,23.676681],[113.667004,23.676695],[113.667024,23.676704],[113.667045,23.67671],[113.667068,23.676714],[113.667092,23.676716],[113.667118,23.676715],[113.667146,23.676711],[113.667182,23.676703],[113.667213,23.676693],[113.667233,23.676683],[113.667254,23.676668],[113.66727,23.676649],[113.667283,23.676628],[113.667292,23.676603],[113.667297,23.676574],[113.667299,23.676538],[113.667296,23.676496],[113.667288,23.676457],[113.667276,23.676426],[113.667261,23.676397],[113.66724,23.676368],[113.667216,23.676345],[113.667189,23.676326]],[[113.667101,23.676378],[113.667091,23.676374],[113.667078,23.676373],[113.667061,23.676374],[113.667041,23.676377],[113.66703,23.67638],[113.667022,23.676385],[113.667017,23.67639],[113.667015,23.676397],[113.667014,23.676407],[113.667016,23.676418],[113.667022,23.676432],[113.667031,23.676449],[113.667054,23.67648],[113.667064,23.676489],[113.667073,23.676493],[113.667081,23.676492],[113.667089,23.676486],[113.667096,23.676474],[113.667101,23.676457],[113.667107,23.676428],[113.667109,23.676404],[113.667107,23.676388],[113.667101,23.676378]]],[[[113.669722,23.675],[113.669583,23.675],[113.669517,23.675163],[113.669505,23.675206],[113.669497,23.67525],[113.669495,23.675289],[113.669497,23.675323],[113.669502,23.675362],[113.669512,23.675401],[113.669546,23.675498],[113.669568,23.675554],[113.669575,23.675563],[113.669594,23.675567],[113.669633,23.675569],[113.669686,23.675569],[113.669713,23.675567],[113.66972,23.675565],[113.669722,23.675563],[113.669722,23.675393],[113.66972,23.675387],[113.669713,23.67538],[113.669698,23.675374],[113.669677,23.675371],[113.669626,23.675368],[113.669609,23.675364],[113.669595,23.675358],[113.669582,23.675348],[113.669572,23.675334],[113.669564,23.675316],[113.66956,23.675294],[113.669559,23.675269],[113.669564,23.675246],[113.669572,23.675228],[113.669585,23.675215],[113.6696,23.675207],[113.669619,23.675201],[113.669637,23.675199],[113.669675,23.675197],[113.669697,23.675194],[113.669714,23.675186],[113.669719,23.675181],[113.669721,23.675175],[113.669722,23.675]]],[[[113.65875,23.673889],[113.65875,23.67375],[113.658671,23.67375],[113.658654,23.673753],[113.65864,23.673759],[113.658627,23.673769],[113.658618,23.673784],[113.658613,23.6738],[113.65861,23.673838],[113.658604,23.673863],[113.658591,23.673892],[113.658571,23.673921],[113.658541,23.673953],[113.658518,23.673969],[113.65849,23.67398],[113.658459,23.673984],[113.658438,23.673982],[113.658416,23.673977],[113.658393,23.673969],[113.658373,23.67396],[113.658322,23.673931],[113.658299,23.673915],[113.65828,23.673899],[113.658259,23.673874],[113.658247,23.673851],[113.658241,23.673829],[113.65824,23.673793],[113.658236,23.673773],[113.658231,23.673758],[113.658222,23.673751],[113.658028,23.673751],[113.65802,23.673757],[113.658014,23.67377],[113.65801,23.673792],[113.658009,23.673818],[113.65801,23.673833],[113.658013,23.673848],[113.658019,23.673862],[113.658026,23.673876],[113.658036,23.673889],[113.65805,23.673903],[113.658081,23.673927],[113.658349,23.674073],[113.65837,23.674082],[113.658392,23.674089],[113.658414,23.674093],[113.658435,23.674094],[113.658474,23.674091],[113.658496,23.674085],[113.658518,23.674077],[113.658539,23.674067],[113.658561,23.674054],[113.658605,23.674021],[113.65875,23.673889]]],[[[113.665096,23.673821],[113.665095,23.673799],[113.665091,23.673781],[113.665084,23.673767],[113.665074,23.673757],[113.665064,23.673752],[113.665053,23.67375],[113.664994,23.673751],[113.66499,23.673776],[113.664986,23.673905],[113.664974,23.674056],[113.664971,23.674117],[113.664972,23.674217],[113.664981,23.67435],[113.664979,23.674394],[113.664974,23.674433],[113.664965,23.674465],[113.664952,23.6745],[113.664936,23.67453],[113.664916,23.67456],[113.664881,23.674608],[113.66485,23.674645],[113.664821,23.674674],[113.664791,23.674697],[113.664756,23.67472],[113.664715,23.674743],[113.664668,23.674766],[113.664623,23.674786],[113.664572,23.674806],[113.664513,23.674827],[113.664442,23.674848],[113.664395,23.674861],[113.664312,23.674879],[113.66423,23.674891],[113.663878,23.674914],[113.663824,23.674919],[113.663773,23.674927],[113.663715,23.674941],[113.663665,23.674956],[113.663586,23.674987],[113.663506,23.675023],[113.663483,23.675031],[113.663422,23.675046],[113.663331,23.675062],[113.663285,23.675067],[113.66324,23.675069],[113.663197,23.675067],[113.663157,23.675061],[113.663129,23.675055],[113.663098,23.675045],[113.662974,23.674993],[113.662943,23.674978],[113.662902,23.67495],[113.662735,23.674818],[113.662679,23.674777],[113.662632,23.674747],[113.6626,23.674733],[113.662443,23.674702],[113.66239,23.674694],[113.662318,23.67469],[113.662198,23.674693],[113.662146,23.674689],[113.66209,23.674679],[113.662033,23.674661],[113.661999,23.674646],[113.661968,23.674631],[113.661878,23.674579],[113.6618,23.674529],[113.661716,23.674469],[113.661672,23.674441],[113.661613,23.67441],[113.661577,23.674396],[113.661541,23.674387],[113.661504,23.674382],[113.661464,23.674379],[113.661421,23.67438],[113.661362,23.674385],[113.661305,23.674392],[113.661264,23.674401],[113.661236,23.674411],[113.661225,23.674417],[113.661217,23.674425],[113.661212,23.674434],[113.661209,23.674444],[113.661209,23.674455],[113.661211,23.674467],[113.661224,23.674494],[113.661279,23.674575],[113.661357,23.674679],[113.661414,23.674745],[113.661494,23.67483],[113.661533,23.674877],[113.661554,23.674908],[113.661572,23.674938],[113.661582,23.674963],[113.661591,23.674991],[113.661596,23.675019],[113.6616,23.675053],[113.661602,23.675087],[113.661603,23.675128],[113.661594,23.675289],[113.661579,23.675444],[113.661569,23.675512],[113.661563,23.675535],[113.661557,23.675552],[113.661552,23.67556],[113.661548,23.675564],[113.661536,23.675567],[113.661521,23.675568],[113.661496,23.675566],[113.661467,23.675561],[113.661385,23.675538],[113.661301,23.67551],[113.661214,23.675472],[113.661139,23.675435],[113.660895,23.675308],[113.660878,23.675297],[113.66086,23.675282],[113.660843,23.675263],[113.660826,23.675242],[113.660802,23.675207],[113.660778,23.675166],[113.660694,23.675],[113.66067,23.674816],[113.660659,23.674759],[113.660643,23.674698],[113.660621,23.674633],[113.660574,23.674516],[113.660545,23.674434],[113.660521,23.674355],[113.660488,23.674233],[113.660469,23.674175],[113.660457,23.674146],[113.660446,23.674123],[113.660436,23.674109],[113.660423,23.674095],[113.660393,23.674069],[113.660352,23.674042],[113.660305,23.674013],[113.660242,23.673979],[113.660192,23.673953],[113.660145,23.673932],[113.660102,23.673915],[113.660052,23.6739],[113.660031,23.673888],[113.660016,23.673874],[113.660005,23.673853],[113.660001,23.673835],[113.659998,23.6738],[113.659992,23.673781],[113.659981,23.673766],[113.659963,23.673755],[113.65995,23.673752],[113.659934,23.67375],[113.659707,23.67375],[113.659702,23.673755],[113.659698,23.673768],[113.659695,23.67379],[113.659694,23.673818],[113.659697,23.673843],[113.659707,23.673866],[113.659723,23.673886],[113.659744,23.673901],[113.659771,23.673913],[113.659834,23.673931],[113.660049,23.673985],[113.660099,23.674002],[113.660147,23.674022],[113.660212,23.674057],[113.660246,23.674079],[113.660274,23.674099],[113.660293,23.674116],[113.660314,23.674137],[113.660332,23.674159],[113.660348,23.674183],[113.660371,23.674226],[113.660387,23.674274],[113.660393,23.674303],[113.660417,23.674444],[113.660498,23.67459],[113.660518,23.674629],[113.660544,23.67469],[113.660563,23.674755],[113.660569,23.674785],[113.660573,23.67482],[113.660576,23.674894],[113.660575,23.675007],[113.660566,23.675158],[113.660566,23.675196],[113.660569,23.675222],[113.660575,23.675248],[113.660585,23.675268],[113.660596,23.675283],[113.660606,23.675292],[113.660618,23.675298],[113.660663,23.675315],[113.660707,23.675334],[113.660827,23.67539],[113.660966,23.675462],[113.6611,23.675536],[113.661166,23.675567],[113.661199,23.675578],[113.661245,23.675591],[113.661374,23.675621],[113.661434,23.675632],[113.661488,23.675635],[113.661533,23.675633],[113.66158,23.675626],[113.661622,23.675614],[113.661663,23.675597],[113.661691,23.67558],[113.661713,23.675559],[113.661729,23.675535],[113.661739,23.675507],[113.661744,23.675479],[113.661743,23.675444],[113.661726,23.675336],[113.661717,23.675258],[113.661712,23.675189],[113.661708,23.675085],[113.661703,23.675015],[113.661696,23.674933],[113.661684,23.674842],[113.661682,23.674812],[113.661684,23.674776],[113.661691,23.674747],[113.661697,23.674735],[113.661703,23.674726],[113.661712,23.674718],[113.661721,23.674712],[113.661737,23.674707],[113.661775,23.6747],[113.6618,23.674699],[113.66182,23.674702],[113.66183,23.674705],[113.661904,23.67474],[113.661992,23.674776],[113.662035,23.674789],[113.662084,23.674798],[113.662124,23.674801],[113.662161,23.674801],[113.662194,23.674799],[113.662289,23.67479],[113.662333,23.674788],[113.662376,23.674789],[113.662424,23.674792],[113.662472,23.674798],[113.662515,23.674805],[113.662557,23.674815],[113.662594,23.674827],[113.662625,23.674839],[113.662659,23.674856],[113.662689,23.674873],[113.662731,23.674901],[113.662869,23.67501],[113.662891,23.675025],[113.66292,23.67504],[113.663032,23.675088],[113.66311,23.675117],[113.663145,23.675126],[113.663184,23.675135],[113.663253,23.675145],[113.663314,23.675147],[113.66337,23.675143],[113.663427,23.675134],[113.663483,23.67512],[113.663531,23.675104],[113.663579,23.675085],[113.66375,23.675],[113.663982,23.674978],[113.664225,23.674961],[113.664303,23.674949],[113.664382,23.674931],[113.664429,23.674918],[113.664486,23.674899],[113.664607,23.674852],[113.664711,23.674806],[113.664867,23.67473],[113.664875,23.674722],[113.664894,23.674695],[113.664973,23.674577],[113.664998,23.674533],[113.66502,23.674486],[113.665035,23.674442],[113.665044,23.674399],[113.665048,23.674368],[113.665049,23.674342],[113.665045,23.67423],[113.665046,23.674186],[113.665049,23.674143],[113.665058,23.674069],[113.665078,23.673968],[113.665088,23.673911],[113.665094,23.673863],[113.665096,23.673821]]]]}},{"type":"Feature","properties":{"ID":11,"ELEV_MIN":100.0,"ELEV_MAX":105.0},"geometry":{"type":"MultiPolygon","coordinates":[[[[113.663563,23.679859],[113.663585,23.679894],[113.6636,23.679924],[113.663614,23.679959],[113.663624,23.679993],[113.663629,23.680024],[113.663631,23.680059],[113.66363,23.680089],[113.663624,23.680124],[113.66361,23.680175],[113.663593,23.680227],[113.663575,23.680275],[113.663557,23.680316],[113.66353,23.680366],[113.663438,23.680514],[113.663427,23.680536],[113.663419,23.680559],[113.663414,23.680583],[113.663411,23.680607],[113.66341,23.680644],[113.663406,23.680664],[113.663402,23.680674],[113.663397,23.680683],[113.663391,23.680689],[113.663384,23.680693],[113.663373,23.680694],[113.663292,23.680694],[113.66328,23.680691],[113.663272,23.680685],[113.663264,23.680674],[113.663259,23.680659],[113.663257,23.68064],[113.663255,23.680598],[113.663251,23.680572],[113.663243,23.680541],[113.663231,23.680511],[113.663222,23.680494],[113.663209,23.680483],[113.663192,23.680475],[113.663169,23.680472],[113.663133,23.680476],[113.663091,23.680487],[113.662917,23.680556],[113.662917,23.68063],[113.662913,23.680653],[113.662907,23.680667],[113.6629,23.680677],[113.66289,23.680684],[113.662878,23.68069],[113.662864,23.680693],[113.662848,23.680694],[113.662576,23.680694],[113.662562,23.680693],[113.662549,23.68069],[113.662534,23.680681],[113.662524,23.680667],[113.662517,23.680644],[113.662513,23.6806],[113.662505,23.680575],[113.662488,23.680544],[113.662459,23.680511],[113.66236,23.680423],[113.662321,23.680385],[113.662228,23.680287],[113.662186,23.680248],[113.662147,23.680214],[113.662123,23.680198],[113.662095,23.680187],[113.662061,23.68018],[113.662026,23.680178],[113.661976,23.680182],[113.661917,23.680193],[113.661835,23.680213],[113.661766,23.680235],[113.661737,23.680246],[113.661382,23.680404],[113.661301,23.680444],[113.661267,23.680465],[113.661239,23.680486],[113.661221,23.680504],[113.661207,23.680525],[113.661197,23.680548],[113.66119,23.680571],[113.661186,23.680601],[113.661182,23.680655],[113.661178,23.680672],[113.661171,23.680683],[113.661163,23.680691],[113.661153,23.680694],[113.661107,23.680694],[113.661106,23.680693],[113.661103,23.680651],[113.661103,23.680622],[113.661105,23.680604],[113.661114,23.680567],[113.661131,23.680526],[113.661162,23.680472],[113.661199,23.680422],[113.661237,23.680382],[113.661276,23.680351],[113.661309,23.680332],[113.66134,23.680318],[113.661524,23.680258],[113.661717,23.680178],[113.66179,23.68015],[113.661916,23.680107],[113.661955,23.680096],[113.661985,23.680091],[113.662028,23.680089],[113.662053,23.680091],[113.662074,23.680095],[113.662099,23.680102],[113.66212,23.68011],[113.662144,23.680122],[113.662165,23.680134],[113.662209,23.680167],[113.662314,23.680258],[113.662377,23.680315],[113.662507,23.680424],[113.662541,23.680449],[113.66258,23.680472],[113.662606,23.680483],[113.662628,23.680491],[113.66265,23.680496],[113.662676,23.6805],[113.662697,23.680501],[113.662724,23.680499],[113.66275,23.680495],[113.662776,23.680488],[113.662823,23.680471],[113.662864,23.680453],[113.662903,23.680434],[113.662945,23.680412],[113.662988,23.680384],[113.663026,23.680358],[113.663052,23.680336],[113.663075,23.680313],[113.663099,23.680285],[113.663117,23.680258],[113.663132,23.680229],[113.663146,23.680199],[113.663161,23.68015],[113.663194,23.68],[113.663472,23.679722],[113.663563,23.679859]],[[113.663488,23.679977],[113.663482,23.67997],[113.663476,23.679966],[113.663469,23.679965],[113.663462,23.679967],[113.663453,23.679973],[113.663445,23.679981],[113.663441,23.67999],[113.663438,23.68],[113.663439,23.680026],[113.663446,23.68006],[113.663458,23.680093],[113.663464,23.680101],[113.663469,23.680104],[113.663476,23.680101],[113.663482,23.68009],[113.663487,23.680071],[113.663493,23.68004],[113.663495,23.680018],[113.663495,23.680001],[113.663493,23.679988],[113.663488,23.679977]]],[[[113.667101,23.676378],[113.667091,23.676374],[113.667078,23.676373],[113.667061,23.676374],[113.667041,23.676377],[113.66703,23.67638],[113.667022,23.676385],[113.667017,23.67639],[113.667015,23.676397],[113.667014,23.676407],[113.667016,23.676418],[113.667022,23.676432],[113.667031,23.676449],[113.667054,23.67648],[113.667064,23.676489],[113.667073,23.676493],[113.667081,23.676492],[113.667089,23.676486],[113.667096,23.676474],[113.667101,23.676457],[113.667107,23.676428],[113.667109,23.676404],[113.667107,23.676388],[113.667101,23.676378]]],[[[113.669654,23.675198],[113.669633,23.675199],[113.669615,23.675202],[113.669599,23.675207],[113.669586,23.675214],[113.669576,23.675223],[113.66957,23.675233],[113.669564,23.675247],[113.66956,23.675263],[113.669559,23.675281],[113.669561,23.675301],[113.669567,23.675323],[113.669574,23.675338],[113.669584,23.67535],[113.669596,23.675358],[113.669611,23.675365],[113.669628,23.675369],[113.669664,23.67537],[113.669681,23.675368],[113.669694,23.675364],[113.669705,23.675358],[113.669714,23.675351],[113.669719,23.675343],[113.669722,23.675332],[113.669722,23.675236],[113.669719,23.675222],[113.66971,23.675212],[113.669697,23.675205],[113.669677,23.6752],[113.669654,23.675198]]],[[[113.658611,23.673821],[113.658611,23.67375],[113.658526,23.673751],[113.658506,23.673756],[113.65849,23.673767],[113.658479,23.673782],[113.658473,23.673802],[113.658472,23.673889],[113.658472,23.673814],[113.658468,23.67379],[113.658462,23.673776],[113.658454,23.673767],[113.658443,23.673759],[113.658431,23.673754],[113.658404,23.67375],[113.658286,23.67375],[113.658272,23.673752],[113.658258,23.67376],[113.658249,23.673774],[113.658243,23.673793],[113.658241,23.673818],[113.658242,23.673831],[113.658244,23.673844],[113.658256,23.67387],[113.658276,23.673895],[113.658304,23.673919],[113.658344,23.673945],[113.658386,23.673967],[113.658423,23.673979],[113.658441,23.673982],[113.658459,23.673984],[113.658487,23.673981],[113.658513,23.673972],[113.658536,23.673957],[113.658561,23.673933],[113.658582,23.673907],[113.658598,23.673878],[113.658608,23.673848],[113.658611,23.673821]]],[[[113.664886,23.674026],[113.664894,23.674169],[113.664901,23.674243],[113.664912,23.674333],[113.664915,23.674375],[113.664915,23.674405],[113.664913,23.674432],[113.66491,23.674456],[113.664904,23.674475],[113.664895,23.674493],[113.664877,23.674517],[113.664851,23.674544],[113.664817,23.674575],[113.66477,23.674615],[113.664703,23.674667],[113.664649,23.674708],[113.664615,23.674731],[113.664597,23.674739],[113.664564,23.67475],[113.664438,23.674785],[113.664364,23.674802],[113.66429,23.674814],[113.664238,23.674821],[113.664182,23.674826],[113.663856,23.674842],[113.6638,23.674848],[113.663743,23.674857],[113.663696,23.674868],[113.663648,23.674881],[113.663479,23.674937],[113.663363,23.674972],[113.663253,23.675001],[113.663207,23.67501],[113.663189,23.67501],[113.663176,23.675006],[113.663029,23.674934],[113.662945,23.674888],[113.662872,23.674839],[113.662813,23.674794],[113.662767,23.674753],[113.662739,23.674723],[113.662716,23.674696],[113.662695,23.674666],[113.662675,23.674632],[113.662665,23.674619],[113.662644,23.674602],[113.662616,23.674587],[113.662582,23.674579],[113.662547,23.674576],[113.662515,23.674577],[113.662394,23.674586],[113.662294,23.674589],[113.662199,23.674587],[113.662161,23.674583],[113.662129,23.674577],[113.662075,23.674562],[113.662025,23.67454],[113.661987,23.674519],[113.66184,23.674421],[113.661815,23.674407],[113.661758,23.674379],[113.661673,23.674341],[113.66163,23.674323],[113.661591,23.674309],[113.661543,23.674295],[113.661495,23.674285],[113.661447,23.674277],[113.6614,23.674273],[113.661361,23.674273],[113.661324,23.674276],[113.661293,23.674282],[113.661259,23.674292],[113.661219,23.674309],[113.661183,23.674332],[113.661148,23.67436],[113.661123,23.674389],[113.661108,23.674418],[113.661102,23.674435],[113.661098,23.674452],[113.661096,23.67447],[113.661096,23.674488],[113.661102,23.674523],[113.661114,23.67456],[113.661137,23.674606],[113.661175,23.674678],[113.661205,23.674724],[113.661217,23.674738],[113.661272,23.674786],[113.661371,23.674883],[113.661395,23.674909],[113.661414,23.674936],[113.661432,23.674967],[113.661444,23.674999],[113.661451,23.675031],[113.661453,23.675064],[113.661451,23.675085],[113.661447,23.675111],[113.661441,23.675132],[113.66143,23.675162],[113.661403,23.67522],[113.661389,23.675244],[113.661374,23.675265],[113.66136,23.67528],[113.661346,23.675292],[113.661331,23.675303],[113.661318,23.675309],[113.661299,23.675316],[113.661279,23.675321],[113.66126,23.675324],[113.66124,23.675324],[113.661206,23.675318],[113.661171,23.675304],[113.661084,23.675261],[113.661041,23.675237],[113.661019,23.675223],[113.660984,23.675195],[113.660949,23.675159],[113.660913,23.675113],[113.660883,23.675069],[113.660858,23.675017],[113.66084,23.674962],[113.660828,23.674906],[113.660819,23.674821],[113.660811,23.674772],[113.660798,23.674721],[113.66078,23.674671],[113.660762,23.674633],[113.660714,23.674546],[113.660688,23.674494],[113.660596,23.674252],[113.660564,23.674181],[113.66053,23.674112],[113.660481,23.674026],[113.660434,23.673957],[113.660405,23.673922],[113.660391,23.673909],[113.660371,23.673897],[113.660363,23.673889],[113.660358,23.67388],[113.660353,23.673866],[113.660349,23.673848],[113.660347,23.673802],[113.660344,23.673785],[113.66034,23.673771],[113.660334,23.67376],[113.660325,23.673753],[113.660313,23.67375],[113.66,23.67375],[113.66,23.673823],[113.660002,23.673841],[113.660005,23.673853],[113.660011,23.673866],[113.660018,23.673876],[113.660026,23.673885],[113.660038,23.673893],[113.66005,23.673899],[113.66011,23.673918],[113.660168,23.673942],[113.66023,23.673972],[113.660301,23.674011],[113.660355,23.674044],[113.6604,23.674075],[113.660429,23.674101],[113.660447,23.674124],[113.660463,23.67416],[113.66048,23.674206],[113.660525,23.674368],[113.660551,23.674451],[113.660578,23.674525],[113.660621,23.674633],[113.660646,23.674711],[113.660661,23.674768],[113.660672,23.674824],[113.660694,23.675],[113.660782,23.675174],[113.660811,23.67522],[113.660839,23.675258],[113.660867,23.675288],[113.660882,23.6753],[113.660897,23.67531],[113.661143,23.675437],[113.661226,23.675477],[113.661305,23.675511],[113.66138,23.675537],[113.661458,23.675559],[113.661486,23.675565],[113.661512,23.675568],[113.661528,23.675568],[113.661541,23.675566],[113.661549,23.675563],[113.661554,23.675558],[113.66156,23.675543],[113.661566,23.675524],[113.661576,23.675466],[113.661584,23.675397],[113.661593,23.675306],[113.661602,23.675137],[113.661603,23.675095],[113.661601,23.675061],[113.661597,23.675026],[113.661591,23.674994],[113.661582,23.674963],[113.661572,23.674938],[113.661554,23.674908],[113.661533,23.674877],[113.661494,23.67483],[113.661414,23.674745],[113.661357,23.674679],[113.661279,23.674575],[113.661224,23.674493],[113.661216,23.674479],[113.661211,23.674466],[113.661208,23.674454],[113.661209,23.674443],[113.661212,23.674433],[113.661218,23.674424],[113.661226,23.674416],[113.661237,23.67441],[113.661267,23.6744],[113.661308,23.674392],[113.661366,23.674384],[113.661425,23.67438],[113.661468,23.67438],[113.661508,23.674382],[113.661544,23.674387],[113.661577,23.674396],[113.661616,23.674411],[113.661674,23.674442],[113.661718,23.67447],[113.661798,23.674528],[113.661874,23.674576],[113.661964,23.674629],[113.661999,23.674646],[113.662029,23.674659],[113.662086,23.674678],[113.662142,23.674689],[113.66219,23.674693],[113.662306,23.67469],[113.66239,23.674694],[113.662446,23.674702],[113.662601,23.674733],[113.662637,23.67475],[113.662685,23.674781],[113.662739,23.674821],[113.662892,23.674942],[113.662934,23.674972],[113.662959,23.674986],[113.663092,23.675042],[113.663143,23.675058],[113.663179,23.675065],[113.66322,23.675069],[113.66326,23.675069],[113.663301,23.675066],[113.663402,23.67505],[113.663479,23.675032],[113.663503,23.675024],[113.66357,23.674994],[113.663665,23.674956],[113.663715,23.674941],[113.663773,23.674927],[113.663824,23.674919],[113.663878,23.674914],[113.66423,23.674891],[113.664308,23.67488],[113.664386,23.674864],[113.664438,23.67485],[113.664505,23.674829],[113.664562,23.67481],[113.664613,23.67479],[113.664659,23.67477],[113.664702,23.674749],[113.664743,23.674727],[113.664778,23.674706],[113.664813,23.674681],[113.664841,23.674655],[113.664875,23.674616],[113.66491,23.674569],[113.664934,23.674533],[113.664952,23.6745],[113.664966,23.674462],[113.664975,23.674425],[113.66498,23.674387],[113.664981,23.67435],[113.664972,23.674221],[113.664971,23.674125],[113.664974,23.67406],[113.664987,23.673898],[113.664989,23.673814],[113.664986,23.67379],[113.664979,23.673771],[113.664967,23.673759],[113.664951,23.673752],[113.664927,23.673751],[113.664916,23.673753],[113.664907,23.673757],[113.6649,23.673763],[113.664894,23.67377],[113.664889,23.673779],[113.664885,23.673792],[113.664883,23.673808],[113.664883,23.673832],[113.664886,23.674026]]]]}},{"type":"Feature","properties":{"ID":12,"ELEV_MIN":105.0,"ELEV_MAX":110.0},"geometry":{"type":"MultiPolygon","coordinates":[[[[113.663256,23.680624],[113.663255,23.680651],[113.66325,23.680673],[113.663242,23.680687],[113.663236,23.680692],[113.66323,23.680694],[113.662917,23.680694],[113.662917,23.680556],[113.66307,23.680494],[113.663102,23.680484],[113.66313,23.680476],[113.663161,23.680472],[113.663186,23.680474],[113.663204,23.68048],[113.663219,23.680491],[113.663225,23.680499],[113.663235,23.680519],[113.663247,23.680552],[113.663254,23.680586],[113.663256,23.680624]]],[[[113.662095,23.680268],[113.662088,23.680265],[113.662078,23.680263],[113.662042,23.680264],[113.661872,23.680287],[113.661845,23.680292],[113.661803,23.680304],[113.661752,23.680321],[113.661694,23.680344],[113.66163,23.680372],[113.661521,23.680424],[113.66142,23.680476],[113.661368,23.680507],[113.661328,23.680537],[113.661301,23.680565],[113.661291,23.680581],[113.661283,23.680596],[113.661278,23.680617],[113.661275,23.680674],[113.661271,23.680687],[113.661267,23.680693],[113.661211,23.680694],[113.6612,23.680688],[113.661193,23.680677],[113.661188,23.680664],[113.661186,23.680649],[113.661185,23.680611],[113.661189,23.680575],[113.6612,23.680541],[113.661213,23.680516],[113.661228,23.680497],[113.661251,23.680476],[113.661286,23.680453],[113.661328,23.68043],[113.661378,23.680406],[113.661763,23.680236],[113.661835,23.680213],[113.661921,23.680192],[113.66198,23.680181],[113.66203,23.680178],[113.662064,23.680181],[113.662095,23.680187],[113.662123,23.680198],[113.662147,23.680214],[113.662186,23.680248],[113.662228,23.680287],[113.662321,23.680385],[113.66236,23.680423],[113.662401,23.680461],[113.662451,23.680503],[113.662469,23.680521],[113.662485,23.68054],[113.662497,23.680558],[113.662506,23.680577],[113.662512,23.680596],[113.662515,23.680617],[113.662515,23.680651],[113.662513,23.680681],[113.662509,23.680694],[113.662415,23.680693],[113.662395,23.680688],[113.662378,23.680677],[113.662368,23.680661],[113.662362,23.68064],[113.662361,23.680556],[113.662161,23.680338],[113.662095,23.680268]]],[[[113.663488,23.679977],[113.663482,23.67997],[113.663476,23.679966],[113.663469,23.679965],[113.663462,23.679967],[113.663453,23.679973],[113.663445,23.679981],[113.663441,23.67999],[113.663438,23.68],[113.663439,23.680026],[113.663446,23.68006],[113.663458,23.680093],[113.663464,23.680101],[113.663469,23.680104],[113.663476,23.680101],[113.663482,23.68009],[113.663487,23.680071],[113.663493,23.68004],[113.663495,23.680018],[113.663495,23.680001],[113.663493,23.679988],[113.663488,23.679977]]],[[[113.658472,23.673889],[113.658472,23.673753],[113.658472,23.67375],[113.658472,23.673889]]],[[[113.664886,23.674026],[113.664894,23.674169],[113.664901,23.674243],[113.664912,23.674333],[113.664915,23.674375],[113.664915,23.674405],[113.664913,23.674432],[113.66491,23.674456],[113.664904,23.674475],[113.664895,23.674493],[113.664877,23.674517],[113.664851,23.674544],[113.664817,23.674575],[113.66477,23.674615],[113.664703,23.674667],[113.664649,23.674708],[113.664615,23.674731],[113.664597,23.674739],[113.664564,23.67475],[113.664438,23.674785],[113.664364,23.674802],[113.66429,23.674814],[113.664238,23.674821],[113.664182,23.674826],[113.663856,23.674842],[113.6638,23.674848],[113.663743,23.674857],[113.663696,23.674868],[113.663648,23.674881],[113.663479,23.674937],[113.663363,23.674972],[113.663253,23.675001],[113.663207,23.67501],[113.663189,23.67501],[113.663176,23.675006],[113.663029,23.674934],[113.662945,23.674888],[113.662872,23.674839],[113.662813,23.674794],[113.662767,23.674753],[113.662739,23.674723],[113.662716,23.674696],[113.662695,23.674666],[113.662675,23.674632],[113.662665,23.674619],[113.662644,23.674602],[113.662616,23.674587],[113.662582,23.674579],[113.662547,23.674576],[113.662515,23.674577],[113.662394,23.674586],[113.662294,23.674589],[113.662199,23.674587],[113.662161,23.674583],[113.662129,23.674577],[113.662075,23.674562],[113.662025,23.67454],[113.661987,23.674519],[113.66184,23.674421],[113.661815,23.674407],[113.661758,23.674379],[113.661673,23.674341],[113.66163,23.674323],[113.661591,23.674309],[113.661543,23.674295],[113.661495,23.674285],[113.661447,23.674277],[113.6614,23.674273],[113.661361,23.674273],[113.661324,23.674276],[113.661293,23.674282],[113.661259,23.674292],[113.661219,23.674309],[113.661183,23.674332],[113.661148,23.67436],[113.661123,23.674389],[113.661108,23.674418],[113.661102,23.674435],[113.661098,23.674452],[113.661096,23.67447],[113.661096,23.674488],[113.661102,23.674523],[113.661114,23.67456],[113.661137,23.674606],[113.661175,23.674678],[113.661205,23.674724],[113.661217,23.674738],[113.661272,23.674786],[113.661371,23.674883],[113.661395,23.674909],[113.661414,23.674936],[113.661432,23.674967],[113.661443,23.674995],[113.661451,23.675027],[113.661453,23.67506],[113.661452,23.675081],[113.661448,23.675107],[113.661442,23.675128],[113.661431,23.675158],[113.661405,23.675217],[113.66139,23.675241],[113.661374,23.675265],[113.661348,23.675291],[113.661335,23.6753],[113.661321,23.675308],[113.661301,23.675316],[113.661281,23.675321],[113.661262,23.675324],[113.661242,23.675324],[113.66121,23.675319],[113.661177,23.675307],[113.66109,23.675265],[113.661041,23.675237],[113.661021,23.675225],[113.660986,23.675197],[113.660952,23.675162],[113.660915,23.675116],[113.660885,23.675072],[113.660871,23.675045],[113.660858,23.675017],[113.66084,23.674962],[113.660828,23.674906],[113.660819,23.674821],[113.660811,23.674772],[113.660798,23.674721],[113.66078,23.674671],[113.660764,23.674636],[113.660713,23.674544],[113.660687,23.674492],[113.660603,23.674269],[113.660578,23.67421],[113.660548,23.674148],[113.660496,23.674053],[113.660467,23.674006],[113.660442,23.673967],[113.660422,23.673941],[113.660405,23.673922],[113.660391,23.673909],[113.660371,23.673898],[113.66036,23.673885],[113.660354,23.673871],[113.66035,23.673853],[113.660348,23.673833],[113.660347,23.673808],[113.66035,23.673785],[113.660355,23.673769],[113.660363,23.673757],[113.660373,23.673751],[113.660381,23.67375],[113.660473,23.67375],[113.660489,23.673754],[113.6605,23.673762],[113.660508,23.673773],[113.660514,23.673788],[113.660517,23.673804],[113.660519,23.673839],[113.660523,23.673863],[113.660533,23.673898],[113.660546,23.673935],[113.660572,23.673996],[113.66064,23.674133],[113.660681,23.674222],[113.660692,23.674236],[113.660708,23.67425],[113.660751,23.674278],[113.660784,23.674295],[113.660827,23.674314],[113.660853,23.674324],[113.660878,23.674332],[113.660916,23.674337],[113.660953,23.674337],[113.660989,23.674329],[113.661025,23.674316],[113.661048,23.674303],[113.661074,23.674285],[113.661178,23.674197],[113.661224,23.67416],[113.661239,23.674153],[113.661263,23.674151],[113.661308,23.674154],[113.661491,23.674182],[113.661574,23.674203],[113.661677,23.674238],[113.661766,23.674274],[113.661851,23.674317],[113.661914,23.674355],[113.662068,23.674457],[113.662099,23.674466],[113.662159,23.674476],[113.66225,23.674487],[113.662317,23.67449],[113.662379,23.674486],[113.662407,23.674482],[113.662432,23.674476],[113.662473,23.674461],[113.662513,23.674439],[113.662535,23.674424],[113.662553,23.674408],[113.66257,23.674391],[113.662594,23.674362],[113.662607,23.674351],[113.662624,23.674341],[113.662632,23.67434],[113.662639,23.674342],[113.66265,23.67435],[113.662659,23.674362],[113.662684,23.674424],[113.662711,23.674484],[113.662755,23.674573],[113.662789,23.674637],[113.662832,23.674708],[113.66285,23.674732],[113.662866,23.67475],[113.662892,23.67477],[113.662936,23.674797],[113.662998,23.674828],[113.663071,23.674863],[113.663105,23.674876],[113.66314,23.674886],[113.663175,23.674892],[113.66321,23.674896],[113.663262,23.674894],[113.663309,23.674887],[113.663626,23.674801],[113.663691,23.674787],[113.663752,23.674777],[113.663804,23.674771],[113.663852,23.674767],[113.664043,23.674762],[113.664198,23.674755],[113.664274,23.674749],[113.664332,23.674742],[113.664386,23.67473],[113.664483,23.674701],[113.664517,23.67469],[113.664553,23.674674],[113.664606,23.674643],[113.664666,23.674601],[113.664716,23.674563],[113.664861,23.674444],[113.664833,23.674212],[113.664826,23.674121],[113.664822,23.67403],[113.664817,23.673883],[113.664817,23.6738],[113.664819,23.673779],[113.664823,23.673765],[113.664829,23.673755],[113.664837,23.67375],[113.664873,23.67375],[113.664877,23.673755],[113.664879,23.673765],[113.664882,23.6738],[113.664886,23.674026]],[[113.66127,23.67498],[113.661261,23.674975],[113.661245,23.674972],[113.661221,23.67497],[113.661191,23.674971],[113.66113,23.674978],[113.660972,23.675],[113.66115,23.675044],[113.661194,23.675051],[113.661231,23.675052],[113.661245,23.67505],[113.661256,23.675046],[113.661265,23.675041],[113.661271,23.675033],[113.661277,23.675018],[113.66128,23.675003],[113.661277,23.674991],[113.66127,23.67498]]]]}},{"type":"Feature","properties":{"ID":13,"ELEV_MIN":110.0,"ELEV_MAX":115.0},"geometry":{"type":"MultiPolygon","coordinates":[[[[113.66211,23.680283],[113.662361,23.680556],[113.662361,23.680694],[113.662296,23.680693],[113.66228,23.680688],[113.662269,23.680679],[113.662261,23.680667],[113.662257,23.680653],[113.662253,23.680611],[113.662249,23.68059],[113.662242,23.680568],[113.662232,23.680549],[113.662215,23.68052],[113.662192,23.68049],[113.662165,23.680459],[113.662139,23.680435],[113.662105,23.680412],[113.662065,23.680393],[113.66202,23.680381],[113.661972,23.680376],[113.661921,23.680378],[113.66186,23.680384],[113.661803,23.680395],[113.661747,23.68041],[113.661686,23.68043],[113.661608,23.680462],[113.661527,23.680497],[113.661471,23.680525],[113.661457,23.680535],[113.661444,23.680547],[113.661433,23.680561],[113.661425,23.680577],[113.661418,23.680607],[113.661414,23.680674],[113.66141,23.680688],[113.661405,23.680694],[113.661331,23.680694],[113.661312,23.680691],[113.661301,23.680686],[113.661292,23.680678],[113.661285,23.680667],[113.661281,23.680655],[113.661278,23.680634],[113.661279,23.680613],[113.661283,23.680596],[113.661292,23.680578],[113.661306,23.680559],[113.661323,23.680541],[113.661344,23.680524],[113.661368,23.680507],[113.661401,23.680487],[113.66148,23.680445],[113.661621,23.680376],[113.661741,23.680325],[113.66179,23.680308],[113.661835,23.680294],[113.661869,23.680287],[113.662033,23.680265],[113.662068,23.680263],[113.662089,23.680265],[113.662095,23.680268],[113.66211,23.680283]]],[[[113.66127,23.67498],[113.661261,23.674975],[113.661245,23.674972],[113.661221,23.67497],[113.661191,23.674971],[113.66113,23.674978],[113.660972,23.675],[113.66115,23.675044],[113.661194,23.675051],[113.661231,23.675052],[113.661245,23.67505],[113.661256,23.675046],[113.661265,23.675041],[113.661271,23.675033],[113.661277,23.675018],[113.66128,23.675003],[113.661277,23.674991],[113.66127,23.67498]]],[[[113.664765,23.674026],[113.664766,23.674169],[113.664761,23.674312],[113.664754,23.674365],[113.664741,23.674412],[113.664729,23.674438],[113.664716,23.674462],[113.664699,23.674484],[113.66468,23.674504],[113.664654,23.674526],[113.664621,23.674548],[113.664589,23.674568],[113.66455,23.674588],[113.66448,23.674619],[113.664408,23.674645],[113.664334,23.674666],[113.66426,23.67468],[113.664195,23.674688],[113.664117,23.674692],[113.663995,23.674695],[113.663809,23.674695],[113.663749,23.674698],[113.663695,23.674703],[113.663603,23.674716],[113.663515,23.674733],[113.663445,23.674751],[113.663323,23.674785],[113.663293,23.674792],[113.663243,23.674798],[113.663194,23.674799],[113.663167,23.674796],[113.663136,23.674791],[113.663106,23.674782],[113.663081,23.674773],[113.663025,23.674748],[113.662983,23.674726],[113.662954,23.674707],[113.662938,23.674692],[113.662921,23.674666],[113.662901,23.674628],[113.662848,23.674515],[113.662805,23.674408],[113.662751,23.674255],[113.662727,23.6742],[113.66271,23.674169],[113.662693,23.674145],[113.662676,23.674128],[113.662658,23.674119],[113.662637,23.674115],[113.662614,23.674117],[113.662589,23.674126],[113.662561,23.674144],[113.662533,23.674165],[113.662501,23.674195],[113.662418,23.674282],[113.662399,23.674298],[113.662374,23.674314],[113.662345,23.674328],[113.662316,23.674338],[113.662282,23.674345],[113.66225,23.674348],[113.662203,23.674347],[113.662151,23.67434],[113.662099,23.674327],[113.662051,23.67431],[113.662007,23.674291],[113.661968,23.67427],[113.661806,23.674167],[113.661395,23.674071],[113.661344,23.674062],[113.661302,23.67406],[113.661261,23.674062],[113.661225,23.674067],[113.661186,23.674078],[113.661148,23.674094],[113.661095,23.674122],[113.661024,23.674163],[113.660984,23.674189],[113.660974,23.674192],[113.660961,23.674192],[113.660941,23.674186],[113.660917,23.674172],[113.660878,23.674144],[113.660825,23.674104],[113.660778,23.674067],[113.660745,23.674037],[113.660715,23.674008],[113.660692,23.673981],[113.660671,23.673949],[113.660656,23.673909],[113.660647,23.673863],[113.660641,23.67379],[113.660636,23.673773],[113.660626,23.673759],[113.660616,23.673753],[113.660604,23.67375],[113.660533,23.673751],[113.660528,23.673755],[113.660523,23.673765],[113.66052,23.673779],[113.660518,23.673799],[113.660518,23.67383],[113.660522,23.673857],[113.660531,23.673892],[113.660544,23.673932],[113.66057,23.673992],[113.660642,23.674139],[113.66068,23.674221],[113.660689,23.674233],[113.6607,23.674244],[113.660733,23.674268],[113.660777,23.674292],[113.660836,23.674318],[113.660861,23.674327],[113.660883,23.674333],[113.660924,23.674338],[113.660949,23.674337],[113.660969,23.674334],[113.661009,23.674323],[113.66104,23.674308],[113.661071,23.674288],[113.661182,23.674193],[113.661225,23.674159],[113.66124,23.674153],[113.661265,23.674151],[113.66131,23.674155],[113.661493,23.674182],[113.661578,23.674204],[113.661682,23.674239],[113.66177,23.674276],[113.661855,23.674319],[113.661914,23.674355],[113.662068,23.674457],[113.662099,23.674466],[113.662159,23.674476],[113.66225,23.674487],[113.662317,23.67449],[113.662379,23.674486],[113.662407,23.674482],[113.662432,23.674476],[113.662476,23.67446],[113.662515,23.674438],[113.662537,23.674422],[113.662555,23.674406],[113.662594,23.674362],[113.662607,23.674351],[113.662623,23.674342],[113.662629,23.67434],[113.662637,23.674341],[113.662649,23.674348],[113.662659,23.674362],[113.662684,23.674424],[113.662711,23.674484],[113.662757,23.674577],[113.662791,23.674641],[113.662832,23.674708],[113.66285,23.674732],[113.662866,23.67475],[113.662892,23.67477],[113.662936,23.674797],[113.662998,23.674828],[113.663071,23.674863],[113.663105,23.674876],[113.66314,23.674886],[113.663175,23.674892],[113.66321,23.674896],[113.663262,23.674894],[113.663309,23.674887],[113.663626,23.674801],[113.663691,23.674787],[113.663752,23.674777],[113.663804,23.674771],[113.663852,23.674767],[113.664043,23.674762],[113.664198,23.674755],[113.664277,23.674749],[113.664334,23.674742],[113.664398,23.674727],[113.664501,23.674696],[113.664535,23.674683],[113.664569,23.674665],[113.66462,23.674633],[113.664674,23.674595],[113.664861,23.674444],[113.664838,23.67426],[113.664827,23.674134],[113.664821,23.674009],[113.664816,23.673795],[113.664813,23.673776],[113.664808,23.673763],[113.664801,23.673754],[113.664791,23.67375],[113.66478,23.673752],[113.664772,23.67376],[113.664766,23.673775],[113.664762,23.673795],[113.664761,23.673863],[113.664765,23.674026]]]]}},{"type":"Feature","properties":{"ID":14,"ELEV_MIN":115.0,"ELEV_MAX":120.0},"geometry":{"type":"MultiPolygon","coordinates":[[[[113.662116,23.680521],[113.662108,23.680514],[113.662097,23.680507],[113.662071,23.680497],[113.662035,23.680488],[113.661987,23.680481],[113.661934,23.680477],[113.661883,23.680476],[113.661833,23.680479],[113.661786,23.680486],[113.661728,23.680499],[113.661677,23.680517],[113.661635,23.680538],[113.661606,23.680559],[113.66159,23.680578],[113.661579,23.680597],[113.661575,23.680615],[113.661573,23.680649],[113.66157,23.680671],[113.661565,23.680685],[113.661557,23.680693],[113.661551,23.680694],[113.661471,23.680694],[113.661451,23.680691],[113.661439,23.680685],[113.661429,23.680675],[113.661423,23.680664],[113.661418,23.680648],[113.661417,23.680624],[113.661419,23.680599],[113.661425,23.680577],[113.661434,23.68056],[113.661445,23.680546],[113.66146,23.680532],[113.661509,23.680506],[113.661579,23.680474],[113.661673,23.680435],[113.661721,23.680418],[113.661764,23.680405],[113.661821,23.680391],[113.661877,23.680382],[113.661934,23.680377],[113.66198,23.680376],[113.662013,23.68038],[113.662043,23.680386],[113.662072,23.680396],[113.662099,23.680408],[113.662121,23.680422],[113.662145,23.68044],[113.662165,23.680459],[113.66219,23.680487],[113.662213,23.680517],[113.662229,23.680543],[113.662242,23.680568],[113.66225,23.680592],[113.662254,23.68062],[113.662253,23.680655],[113.66225,23.68068],[113.662247,23.680688],[113.662243,23.680693],[113.662238,23.680694],[113.66218,23.680694],[113.662169,23.68069],[113.66216,23.680683],[113.662154,23.680671],[113.66215,23.680655],[113.662146,23.680597],[113.662141,23.680568],[113.662131,23.680542],[113.662116,23.680521]]],[[[113.664761,23.673821],[113.664759,23.673779],[113.664756,23.673766],[113.664751,23.673756],[113.664748,23.673752],[113.664743,23.67375],[113.664713,23.67375],[113.66471,23.673755],[113.664708,23.673766],[113.664706,23.673804],[113.664708,23.674043],[113.664707,23.674095],[113.664702,23.674169],[113.664692,23.674238],[113.664682,23.67429],[113.66467,23.674344],[113.664658,23.674386],[113.664645,23.674423],[113.664633,23.674448],[113.664622,23.674464],[113.66461,23.674474],[113.66459,23.674487],[113.664509,23.674528],[113.664403,23.674573],[113.664325,23.674599],[113.664247,23.674616],[113.664178,23.674624],[113.664082,23.674629],[113.663978,23.67463],[113.663843,23.674625],[113.663778,23.674625],[113.663696,23.674627],[113.663613,23.674634],[113.663522,23.674645],[113.663427,23.674663],[113.663353,23.67468],[113.663194,23.674722],[113.663022,23.674533],[113.662977,23.674478],[113.662948,23.674437],[113.662936,23.674418],[113.662929,23.674402],[113.662905,23.674314],[113.662882,23.67424],[113.662866,23.674206],[113.662841,23.674168],[113.662802,23.674122],[113.662755,23.674078],[113.66272,23.674053],[113.662702,23.674043],[113.662683,23.674035],[113.662657,23.674028],[113.662626,23.674024],[113.662598,23.674026],[113.662566,23.674033],[113.662545,23.67404],[113.662519,23.674051],[113.662398,23.674118],[113.662356,23.674138],[113.662325,23.674151],[113.662152,23.674198],[113.662113,23.674204],[113.66208,23.674204],[113.662064,23.674201],[113.662052,23.674197],[113.661997,23.674166],[113.661918,23.674131],[113.661871,23.674113],[113.661819,23.674095],[113.661728,23.674068],[113.661526,23.674016],[113.661335,23.67396],[113.661274,23.673948],[113.661213,23.67394],[113.661152,23.673937],[113.661068,23.673939],[113.661026,23.673938],[113.660987,23.673934],[113.660955,23.673926],[113.660942,23.67392],[113.660932,23.673912],[113.660923,23.673901],[113.660915,23.673887],[113.660909,23.67387],[113.660905,23.673852],[113.660902,23.673799],[113.660898,23.673778],[113.66089,23.67376],[113.660883,23.673754],[113.660876,23.673751],[113.660664,23.673751],[113.660656,23.673757],[113.660649,23.673771],[113.660645,23.673792],[113.660644,23.673818],[113.660648,23.673871],[113.660652,23.673894],[113.660659,23.673919],[113.660675,23.673956],[113.660687,23.673975],[113.660702,23.673993],[113.660726,23.674019],[113.660758,23.674049],[113.660848,23.674122],[113.660891,23.674154],[113.660923,23.674176],[113.660943,23.674187],[113.660961,23.674192],[113.660974,23.674192],[113.660984,23.674189],[113.661024,23.674163],[113.661095,23.674122],[113.661148,23.674094],[113.661186,23.674078],[113.661225,23.674067],[113.661261,23.674062],[113.661302,23.67406],[113.661344,23.674062],[113.661395,23.674071],[113.661806,23.674167],[113.661968,23.67427],[113.662007,23.674291],[113.662051,23.67431],[113.662099,23.674327],[113.662151,23.67434],[113.662203,23.674347],[113.66225,23.674348],[113.662282,23.674345],[113.662316,23.674338],[113.662345,23.674328],[113.662374,23.674314],[113.662399,23.674298],[113.662418,23.674282],[113.662503,23.674192],[113.662533,23.674165],[113.662563,23.674142],[113.662591,23.674126],[113.662616,23.674117],[113.662638,23.674115],[113.662659,23.674119],[113.662677,23.674129],[113.662693,23.674145],[113.66271,23.674169],[113.662727,23.6742],[113.662751,23.674255],[113.662805,23.674408],[113.662848,23.674515],[113.662902,23.674631],[113.662923,23.67467],[113.662939,23.674694],[113.662958,23.67471],[113.662989,23.67473],[113.663037,23.674753],[113.663091,23.674777],[113.663121,23.674787],[113.663151,23.674794],[113.663182,23.674798],[113.663214,23.674799],[113.663255,23.674797],[113.663297,23.674791],[113.663515,23.674733],[113.6636,23.674717],[113.663692,23.674703],[113.663746,23.674698],[113.663805,23.674695],[113.664004,23.674695],[113.664138,23.674691],[113.664212,23.674686],[113.664282,23.674677],[113.664325,23.674668],[113.664368,23.674657],[113.664412,23.674644],[113.664459,23.674627],[113.664501,23.674611],[113.664543,23.674592],[113.664579,23.674574],[113.664615,23.674552],[113.664645,23.674532],[113.664673,23.674511],[113.66469,23.674494],[113.664708,23.674473],[113.664723,23.674451],[113.664737,23.674422],[113.664747,23.674395],[113.664754,23.674365],[113.664759,23.674337],[113.664761,23.674308],[113.664766,23.674169],[113.664766,23.674073],[113.664761,23.673821]]]]}},{"type":"Feature","properties":{"ID":15,"ELEV_MIN":120.0,"ELEV_MAX":125.0},"geometry":{"type":"MultiPolygon","coordinates":[[[[113.662147,23.680624],[113.662146,23.680655],[113.66214,23.680677],[113.662135,23.680684],[113.66213,23.68069],[113.662123,23.680693],[113.662116,23.680694],[113.661872,23.680694],[113.661854,23.680693],[113.661839,23.680688],[113.661828,23.680682],[113.661819,23.680673],[113.661813,23.680662],[113.661808,23.680649],[113.661806,23.680628],[113.661806,23.680556],[113.661805,23.68063],[113.661801,23.680655],[113.661795,23.680668],[113.661788,23.680678],[113.661776,23.680686],[113.661764,23.680691],[113.661737,23.680694],[113.66162,23.680694],[113.661605,23.680692],[113.661592,23.680684],[113.661582,23.680671],[113.661576,23.680651],[113.661574,23.680626],[113.661575,23.680611],[113.661579,23.680597],[113.661586,23.680583],[113.661595,23.68057],[113.661608,23.680558],[113.661623,23.680546],[113.661661,23.680524],[113.661714,23.680504],[113.661774,23.680488],[113.661833,23.680479],[113.661895,23.680476],[113.661959,23.680478],[113.662022,23.680486],[113.662068,23.680496],[113.662086,23.680502],[113.6621,23.680509],[113.662112,23.680517],[113.66212,23.680526],[113.662128,23.680538],[113.662135,23.680553],[113.662144,23.680584],[113.662147,23.680624]]],[[[113.66465,23.673821],[113.664652,23.673785],[113.664659,23.673763],[113.664665,23.673755],[113.664671,23.673751],[113.664679,23.67375],[113.664687,23.673752],[113.664694,23.673759],[113.6647,23.67377],[113.664703,23.673785],[113.664705,23.673806],[113.664708,23.674047],[113.664705,23.674134],[113.664699,23.674195],[113.664689,23.674256],[113.664676,23.67432],[113.66466,23.67438],[113.664646,23.67442],[113.664631,23.674451],[113.664618,23.674468],[113.664599,23.674482],[113.664568,23.674499],[113.664522,23.674522],[113.664408,23.674571],[113.664329,23.674597],[113.66429,23.674607],[113.664247,23.674616],[113.664178,23.674624],[113.664082,23.674629],[113.663978,23.67463],[113.663843,23.674625],[113.663778,23.674625],[113.663696,23.674627],[113.663613,23.674634],[113.663522,23.674645],[113.663427,23.674663],[113.663353,23.67468],[113.663194,23.674722],[113.663022,23.674533],[113.662977,23.674478],[113.662948,23.674437],[113.662936,23.674418],[113.662929,23.674402],[113.662905,23.674314],[113.662882,23.67424],[113.662866,23.674206],[113.662841,23.674168],[113.662805,23.674125],[113.662759,23.674081],[113.662724,23.674055],[113.662706,23.674044],[113.662687,23.674036],[113.662661,23.674028],[113.66263,23.674025],[113.662598,23.674026],[113.66257,23.674032],[113.662545,23.67404],[113.662519,23.674051],[113.662398,23.674118],[113.662356,23.674138],[113.662325,23.674151],[113.66215,23.674198],[113.662111,23.674204],[113.662078,23.674203],[113.662052,23.674197],[113.661999,23.674167],[113.661924,23.674134],[113.661874,23.674114],[113.661819,23.674095],[113.661728,23.674068],[113.661526,23.674016],[113.661335,23.67396],[113.661274,23.673948],[113.661213,23.67394],[113.661152,23.673937],[113.661072,23.673939],[113.66103,23.673938],[113.660989,23.673935],[113.66096,23.673928],[113.660947,23.673923],[113.660936,23.673915],[113.660925,23.673904],[113.660917,23.673892],[113.660911,23.673878],[113.660906,23.67386],[113.660904,23.673841],[113.660903,23.673818],[113.660905,23.673792],[113.66091,23.67377],[113.66092,23.673756],[113.660926,23.673752],[113.660933,23.67375],[113.661321,23.67375],[113.661342,23.673752],[113.661355,23.673756],[113.661365,23.673762],[113.661374,23.67377],[113.661381,23.673781],[113.661387,23.6738],[113.661389,23.673831],[113.661392,23.673847],[113.661397,23.673861],[113.661405,23.673875],[113.661414,23.673887],[113.661424,23.673895],[113.661449,23.67391],[113.661488,23.673923],[113.661547,23.67394],[113.661717,23.673983],[113.66179,23.674003],[113.66186,23.674024],[113.661986,23.674066],[113.662016,23.674072],[113.662046,23.674077],[113.662077,23.674079],[113.662107,23.674079],[113.662151,23.674075],[113.66219,23.674068],[113.662224,23.674058],[113.662288,23.674037],[113.662349,23.674013],[113.662408,23.673987],[113.662468,23.673957],[113.662509,23.673933],[113.662534,23.673915],[113.662553,23.673899],[113.66257,23.67388],[113.662581,23.673863],[113.662587,23.673848],[113.662591,23.673833],[113.662594,23.673793],[113.662597,23.673771],[113.662603,23.673758],[113.662611,23.673751],[113.662951,23.673751],[113.662958,23.673756],[113.662964,23.673765],[113.662968,23.673778],[113.662971,23.673797],[113.662975,23.674052],[113.662979,23.674108],[113.662985,23.67416],[113.662994,23.674217],[113.663007,23.674273],[113.663023,23.674329],[113.66304,23.674377],[113.66306,23.674424],[113.663085,23.674468],[113.663113,23.674507],[113.66314,23.674535],[113.663168,23.674554],[113.663201,23.674569],[113.663237,23.674577],[113.663278,23.67458],[113.663314,23.674578],[113.663405,23.674566],[113.663483,23.674559],[113.663557,23.674553],[113.663631,23.674551],[113.6637,23.67455],[113.663774,23.674552],[113.663943,23.674563],[113.664013,23.674565],[113.664099,23.674564],[113.664186,23.674559],[113.664261,23.674548],[113.664297,23.67454],[113.664335,23.674529],[113.664401,23.674505],[113.664477,23.674467],[113.664508,23.674448],[113.664533,23.674431],[113.66455,23.674416],[113.664562,23.674401],[113.664578,23.674373],[113.664594,23.674335],[113.664614,23.674282],[113.664628,23.674239],[113.664636,23.674204],[113.664642,23.674167],[113.66465,23.674089],[113.664651,23.674039],[113.66465,23.673821]]]]}},{"type":"Feature","properties":{"ID":16,"ELEV_MIN":125.0,"ELEV_MAX":130.0},"geometry":{"type":"MultiPolygon","coordinates":[[[[113.661806,23.680556],[113.661806,23.680688],[113.661806,23.680694],[113.661806,23.680556]]],[[[113.662593,23.673821],[113.662591,23.673795],[113.662585,23.673775],[113.662576,23.673761],[113.662563,23.673753],[113.662547,23.67375],[113.662429,23.67375],[113.662404,23.673753],[113.66239,23.673759],[113.662379,23.673767],[113.662371,23.673776],[113.662365,23.67379],[113.662361,23.673814],[113.662361,23.673889],[113.662216,23.673945],[113.662168,23.67396],[113.662138,23.673966],[113.662103,23.673972],[113.662068,23.673974],[113.662033,23.673973],[113.661994,23.673969],[113.661955,23.673961],[113.661731,23.673904],[113.661708,23.673895],[113.661697,23.673888],[113.661687,23.673879],[113.661679,23.673869],[113.661674,23.673858],[113.661668,23.673837],[113.661665,23.673799],[113.661657,23.673778],[113.661645,23.673764],[113.661628,23.673755],[113.661614,23.673751],[113.6616,23.67375],[113.661389,23.67375],[113.661389,23.673827],[113.661391,23.673841],[113.661395,23.673856],[113.661402,23.673871],[113.661413,23.673885],[113.661426,23.673897],[113.661443,23.673907],[113.661478,23.67392],[113.66154,23.673939],[113.661721,23.673984],[113.661799,23.674006],[113.661868,23.674027],[113.661977,23.674063],[113.662025,23.674074],[113.662068,23.674079],[113.662103,23.674079],[113.662138,23.674077],[113.662177,23.674071],[113.662211,23.674062],[113.662267,23.674044],[113.662325,23.674023],[113.662381,23.673999],[113.662431,23.673976],[113.662475,23.673953],[113.662506,23.673935],[113.662532,23.673917],[113.662553,23.673899],[113.66257,23.67388],[113.662582,23.673861],[113.66259,23.67384],[113.662593,23.673821]]],[[[113.664595,23.674026],[113.664593,23.674153],[113.66459,23.67418],[113.664585,23.674191],[113.66456,23.674229],[113.66451,23.674292],[113.664461,23.674353],[113.66442,23.674401],[113.664391,23.67443],[113.664367,23.674451],[113.664349,23.674463],[113.664329,23.674471],[113.664277,23.674483],[113.664206,23.674492],[113.664121,23.674499],[113.664043,23.674501],[113.663952,23.674497],[113.66377,23.674478],[113.663631,23.674469],[113.663466,23.674465],[113.663264,23.674467],[113.663203,23.674464],[113.663189,23.67446],[113.663182,23.674456],[113.663174,23.674442],[113.663163,23.674414],[113.663137,23.674344],[113.663114,23.674277],[113.663102,23.67423],[113.663094,23.674186],[113.663089,23.674134],[113.663089,23.674086],[113.663091,23.674047],[113.663104,23.673939],[113.66311,23.67386],[113.663111,23.673804],[113.663109,23.673785],[113.663105,23.67377],[113.663098,23.673756],[113.663092,23.673752],[113.663087,23.67375],[113.663006,23.673751],[113.662993,23.673756],[113.662984,23.673765],[113.662978,23.673778],[113.662974,23.673795],[113.662972,23.67383],[113.662974,23.67403],[113.662979,23.674112],[113.662986,23.674169],[113.662997,23.67423],[113.66301,23.674286],[113.663027,23.674341],[113.663047,23.674395],[113.663069,23.67444],[113.663095,23.674483],[113.663122,23.674517],[113.663147,23.674541],[113.663174,23.674557],[113.663204,23.67457],[113.663237,23.674577],[113.66327,23.67458],[113.663302,23.674579],[113.663409,23.674566],[113.663483,23.674559],[113.663566,23.674553],[113.663648,23.67455],[113.663783,23.674552],[113.663934,23.674562],[113.663995,23.674565],[113.664069,23.674565],[113.664138,23.674562],[113.664207,23.674557],[113.664269,23.674546],[113.664328,23.674532],[113.664383,23.674512],[113.664432,23.67449],[113.664487,23.674461],[113.664524,23.674438],[113.66455,23.674416],[113.664567,23.674394],[113.664584,23.674361],[113.664602,23.674317],[113.664621,23.674263],[113.664634,23.674215],[113.664643,23.674164],[113.664649,23.674105],[113.664651,23.674047],[113.664649,23.673797],[113.664646,23.673778],[113.664641,23.673763],[113.664634,23.673754],[113.664624,23.67375],[113.664613,23.673752],[113.664605,23.67376],[113.664599,23.673774],[113.664596,23.673793],[113.664594,23.673818],[113.664595,23.674026]]]]}},{"type":"Feature","properties":{"ID":17,"ELEV_MIN":130.0,"ELEV_MAX":135.0},"geometry":{"type":"MultiPolygon","coordinates":[[[[113.662361,23.673889],[113.662361,23.67375],[113.662152,23.67375],[113.662128,23.673753],[113.662114,23.673758],[113.662102,23.673766],[113.662094,23.673776],[113.662087,23.67379],[113.662083,23.673814],[113.662083,23.673889],[113.662083,23.673814],[113.66208,23.673792],[113.662074,23.673778],[113.662067,23.673768],[113.662057,23.67376],[113.662043,23.673754],[113.662029,23.673751],[113.662015,23.67375],[113.661667,23.67375],[113.661667,23.673823],[113.66167,23.673846],[113.661674,23.67386],[113.661681,23.673872],[113.661691,23.673883],[113.661702,23.673891],[113.661715,23.673898],[113.661731,23.673904],[113.661951,23.67396],[113.661981,23.673967],[113.662016,23.673972],[113.662051,23.673974],[113.66209,23.673973],[113.662125,23.673969],[113.662159,23.673962],[113.662211,23.673946],[113.662361,23.673889]]],[[[113.664594,23.674101],[113.664593,23.673771],[113.66459,23.673751],[113.664552,23.67375],[113.664541,23.673755],[113.664535,23.673761],[113.664531,23.67377],[113.664526,23.673797],[113.664519,23.674034],[113.664516,23.674069],[113.664508,23.674106],[113.664492,23.674156],[113.664469,23.674203],[113.664438,23.67425],[113.664402,23.674295],[113.664368,23.674328],[113.664332,23.674357],[113.664291,23.674383],[113.664252,23.674402],[113.664215,23.674414],[113.664182,23.674422],[113.664028,23.674444],[113.663869,23.674415],[113.663787,23.674401],[113.663704,23.674389],[113.663566,23.674373],[113.663492,23.674356],[113.663422,23.674333],[113.663357,23.674306],[113.663267,23.674258],[113.663233,23.674237],[113.663207,23.674219],[113.663193,23.674207],[113.663185,23.674196],[113.66318,23.674177],[113.66318,23.674154],[113.663183,23.674128],[113.663215,23.673971],[113.663225,23.673909],[113.663231,23.673836],[113.663231,23.673802],[113.663229,23.673778],[113.663224,23.673759],[113.66322,23.673753],[113.663215,23.67375],[113.663151,23.67375],[113.663137,23.673753],[113.663129,23.673759],[113.663121,23.673768],[113.663116,23.673781],[113.663112,23.673797],[113.663107,23.673905],[113.66309,23.674065],[113.663088,23.674099],[113.663089,23.674134],[113.663096,23.674199],[113.663111,23.674264],[113.663138,23.674348],[113.663171,23.674434],[113.663179,23.674451],[113.663185,23.674458],[113.663196,23.674462],[113.663218,23.674465],[113.66328,23.674467],[113.663483,23.674465],[113.663631,23.674469],[113.663752,23.674477],[113.663934,23.674495],[113.664017,23.6745],[113.664112,23.674499],[113.66421,23.674492],[113.664293,23.67448],[113.664323,23.674473],[113.664344,23.674466],[113.664361,23.674456],[113.664383,23.674438],[113.664411,23.674411],[113.66444,23.674379],[113.664482,23.674329],[113.664541,23.674253],[113.664574,23.674209],[113.664589,23.674185],[113.664592,23.674159],[113.664594,23.674101]]]]}},{"type":"Feature","properties":{"ID":18,"ELEV_MIN":135.0,"ELEV_MAX":140.0},"geometry":{"type":"MultiPolygon","coordinates":[[[[113.662083,23.673889],[113.662083,23.673753],[113.662083,23.67375],[113.662083,23.673889]]],[[[113.66444,23.674026],[113.664431,23.674087],[113.664418,23.674141],[113.664399,23.674187],[113.664388,23.674206],[113.664375,23.674226],[113.664361,23.674241],[113.664347,23.674256],[113.664311,23.674281],[113.664291,23.674292],[113.664265,23.674304],[113.664214,23.674321],[113.664156,23.674334],[113.664095,23.674342],[113.664034,23.674345],[113.663974,23.674343],[113.663908,23.674335],[113.663748,23.674307],[113.663588,23.674282],[113.663536,23.674272],[113.6635,23.674262],[113.663466,23.674251],[113.663436,23.674239],[113.663406,23.674223],[113.663387,23.674211],[113.66337,23.674196],[113.663357,23.67418],[113.663345,23.67416],[113.663336,23.67414],[113.66333,23.674118],[113.663324,23.67409],[113.663322,23.674063],[113.663324,23.673825],[113.663322,23.673793],[113.663316,23.673774],[113.663306,23.673759],[113.663291,23.673752],[113.663271,23.67375],[113.663258,23.673754],[113.663247,23.673762],[113.663239,23.673774],[113.663234,23.67379],[113.663232,23.673808],[113.663229,23.673869],[113.663224,23.673917],[113.663214,23.673974],[113.663182,23.674132],[113.66318,23.674156],[113.66318,23.674176],[113.663185,23.674195],[113.663193,23.674207],[113.663215,23.674225],[113.663249,23.674247],[113.663306,23.67428],[113.663366,23.67431],[113.663414,23.67433],[113.663466,23.674349],[113.663513,23.674362],[113.663561,23.674372],[113.663704,23.674389],[113.663787,23.674401],[113.663869,23.674415],[113.664028,23.674444],[113.664195,23.67442],[113.664236,23.674408],[113.66428,23.674389],[113.664325,23.674362],[113.66435,23.674343],[113.664371,23.674325],[113.664411,23.674284],[113.664449,23.674235],[113.664475,23.674192],[113.664496,23.674143],[113.664511,23.674094],[113.664518,23.674047],[113.664524,23.673898],[113.664524,23.673802],[113.664521,23.673782],[113.664515,23.673767],[113.664507,23.673756],[113.664495,23.673751],[113.66448,23.673751],[113.664469,23.673757],[113.66446,23.673769],[113.664454,23.673787],[113.664452,23.673808],[113.664448,23.673914],[113.66444,23.674026]]]]}},{"type":"Feature","properties":{"ID":19,"ELEV_MIN":140.0,"ELEV_MAX":145.0},"geometry":{"type":"Polygon","coordinates":[[[113.664452,23.673821],[113.664451,23.673769],[113.664448,23.67375],[113.664408,23.67375],[113.664401,23.673752],[113.664395,23.673756],[113.664386,23.673769],[113.66438,23.673792],[113.664377,23.673865],[113.664372,23.673925],[113.664362,23.674009],[113.66435,23.674088],[113.664335,23.674158],[113.664328,23.674178],[113.664321,23.674188],[113.664301,23.6742],[113.664264,23.674213],[113.664209,23.674228],[113.664143,23.674244],[113.664099,23.674251],[113.66406,23.674255],[113.664017,23.674256],[113.663974,23.674255],[113.663934,23.674252],[113.663895,23.674246],[113.663472,23.674167],[113.663441,23.674009],[113.663428,23.673939],[113.663419,23.673865],[113.663416,23.6738],[113.663411,23.673778],[113.663402,23.673761],[113.663396,23.673756],[113.663388,23.673752],[113.663377,23.67375],[113.663328,23.67375],[113.663326,23.67376],[113.663324,23.673787],[113.663321,23.674043],[113.663323,23.674082],[113.66333,23.674121],[113.663341,23.674152],[113.663354,23.674175],[113.66337,23.674196],[113.663389,23.674212],[113.663419,23.67423],[113.663457,23.674247],[113.6635,23.674262],[113.663544,23.674274],[113.663592,23.674283],[113.66377,23.67431],[113.663908,23.674335],[113.663974,23.674343],[113.664034,23.674345],[113.664095,23.674342],[113.664156,23.674334],[113.664214,23.674321],[113.664248,23.67431],[113.664281,23.674297],[113.664308,23.674283],[113.664332,23.674267],[113.664353,23.67425],[113.664371,23.674231],[113.664388,23.674206],[113.664402,23.674182],[113.664413,23.674154],[113.664423,23.674124],[113.66443,23.674095],[113.664436,23.674059],[113.664447,23.673928],[113.664452,23.673821]]]}},{"type":"Feature","properties":{"ID":20,"ELEV_MIN":145.0,"ELEV_MAX":150.0},"geometry":{"type":"Polygon","coordinates":[[[113.664306,23.673889],[113.664169,23.67407],[113.664132,23.674115],[113.664099,23.67415],[113.664079,23.674167],[113.664063,23.674175],[113.664034,23.674179],[113.664002,23.674178],[113.663968,23.674173],[113.66392,23.674161],[113.663841,23.674138],[113.663815,23.674129],[113.663784,23.674114],[113.663753,23.674096],[113.663721,23.674073],[113.663688,23.674046],[113.663648,23.674009],[113.663608,23.673968],[113.663579,23.673933],[113.663555,23.673898],[113.663542,23.673873],[113.663533,23.673851],[113.663528,23.673829],[113.663527,23.673797],[113.663524,23.673778],[113.663519,23.673763],[113.66351,23.673753],[113.6635,23.67375],[113.663444,23.67375],[113.663437,23.673752],[113.663429,23.673757],[113.663424,23.673766],[113.66342,23.673778],[113.663418,23.673793],[113.663417,23.673816],[113.663418,23.673847],[113.663426,23.673921],[113.663439,23.674],[113.663472,23.674167],[113.663891,23.674245],[113.663943,23.674253],[113.663987,23.674256],[113.664034,23.674256],[113.664078,23.674253],[113.664125,23.674247],[113.664186,23.674234],[113.664258,23.674215],[113.664301,23.6742],[113.664314,23.674193],[113.664322,23.674187],[113.664329,23.674177],[113.664335,23.674158],[113.66435,23.674091],[113.664366,23.673976],[113.664376,23.673874],[113.664379,23.673818],[113.664376,23.673787],[113.664372,23.673774],[113.664367,23.673763],[113.66436,23.673756],[113.664352,23.673752],[113.664339,23.67375],[113.664327,23.673754],[113.664318,23.673762],[113.664311,23.673775],[113.664308,23.67379],[113.664306,23.673808],[113.664306,23.673889]]]}},{"type":"Feature","properties":{"ID":21,"ELEV_MIN":150.0,"ELEV_MAX":155.0},"geometry":{"type":"Polygon","coordinates":[[[113.664306,23.673889],[113.664306,23.67375],[113.664158,23.67375],[113.664155,23.673755],[113.664153,23.673767],[113.664151,23.673831],[113.664146,23.673862],[113.664139,23.673881],[113.66413,23.673901],[113.664106,23.673938],[113.664078,23.67397],[113.664065,23.67398],[113.664047,23.67399],[113.664031,23.673997],[113.66401,23.674003],[113.663987,23.674007],[113.663963,23.674008],[113.663932,23.674007],[113.6639,23.674002],[113.663817,23.673983],[113.663784,23.673973],[113.663757,23.673962],[113.663734,23.67395],[113.663716,23.673938],[113.663704,23.673926],[113.663693,23.673912],[113.663684,23.673898],[113.663677,23.673881],[113.663669,23.673848],[113.663666,23.673799],[113.663663,23.673778],[113.663657,23.673761],[113.663652,23.673755],[113.663647,23.673752],[113.663639,23.67375],[113.663568,23.67375],[113.663558,23.673752],[113.663551,23.673755],[113.663541,23.673763],[113.663534,23.673776],[113.663529,23.673795],[113.663528,23.673818],[113.663531,23.673843],[113.66354,23.673871],[113.663556,23.673901],[113.663579,23.673933],[113.663611,23.673971],[113.663651,23.674012],[113.663692,23.674049],[113.663731,23.67408],[113.66376,23.6741],[113.663784,23.674114],[113.663809,23.674126],[113.663832,23.674136],[113.6639,23.674155],[113.663958,23.67417],[113.663994,23.674177],[113.664024,23.67418],[113.664044,23.674179],[113.664063,23.674175],[113.664082,23.674165],[113.664099,23.67415],[113.66412,23.674128],[113.664172,23.674066],[113.664306,23.673889]]]}},{"type":"Feature","properties":{"ID":22,"ELEV_MIN":155.0,"ELEV_MAX":159.0},"geometry":{"type":"Polygon","coordinates":[[[113.664028,23.673889],[113.664028,23.673814],[113.664024,23.67379],[113.664018,23.673776],[113.66401,23.673767],[113.663999,23.673759],[113.663986,23.673754],[113.663959,23.67375],[113.663704,23.67375],[113.663693,23.673753],[113.663684,23.673759],[113.663677,23.673768],[113.663671,23.673781],[113.663668,23.6738],[113.663667,23.673825],[113.663669,23.673849],[113.663674,23.673872],[113.663682,23.673893],[113.663692,23.67391],[113.663705,23.673927],[113.663719,23.67394],[113.663738,23.673952],[113.663765,23.673965],[113.663794,23.673976],[113.663831,23.673987],[113.663874,23.673997],[113.663912,23.674004],[113.663944,23.674007],[113.663974,23.674008],[113.663997,23.674005],[113.664019,23.674001],[113.664039,23.673994],[113.664058,23.673985],[113.664074,23.673973],[113.664087,23.673962],[113.664105,23.67394],[113.66412,23.673918],[113.664133,23.673894],[113.664142,23.673873],[113.664148,23.673851],[113.664151,23.673829],[113.664151,23.673806],[113.664147,23.673788],[113.66414,23.673773],[113.66413,23.673762],[113.664121,23.673756],[113.66411,23.673752],[113.664096,23.67375],[113.664081,23.67375],[113.664059,23.673756],[113.66405,23.673761],[113.664042,23.673769],[113.664033,23.673785],[113.664029,23.673804],[113.664028,23.673889]]]}}]}